atom_id,domain,category,subtopic,atomic_requirement,madhhab,applicable_state,primary_source_id,primary_locator,secondary_source_id,secondary_locator,comparative_source_id,reviewer_role,authority_tier,ingestion_posture,status,notes
FQ-HAID-001-HNF,FIQH,HAID,Definition / qualifying bleeding,What conditions make bleeding eligible to be classified as Haid under this madhhab?,hanafi,bleeding/tahara/nifas/istihada as relevant,FQ-HNF-IBNABIDIN,كتاب الطهارة → باب الحيض,FQ-HNF-KASANI,كتاب الطهارة → باب الحيض,FQ-COMP-KUWAIT,Qualified Hanafi scholar,A: madhhab text + qualified scholar; B: comparative encyclopedia,Do not publish a ruling until scholar-approved wording + exact locator are recorded,SOURCE_CANDIDATES_IDENTIFIED,"This row is a knowledge requirement, not an asserted ruling. Extract and approve the madhhab-specific proposition later."
FQ-HAID-001-MLK,FIQH,HAID,Definition / qualifying bleeding,What conditions make bleeding eligible to be classified as Haid under this madhhab?,maliki,bleeding/tahara/nifas/istihada as relevant,FQ-MLK-DASUQI,كتاب الطهارة → مباحث الحيض والاستحاضة والنفاس,FQ-MLK-HATTAB,كتاب الطهارة → مباحث الحيض والاستحاضة والنفاس,FQ-COMP-KUWAIT,Qualified Maliki scholar,A: madhhab text + qualified scholar; B: comparative encyclopedia,Do not publish a ruling until scholar-approved wording + exact locator are recorded,SOURCE_CANDIDATES_IDENTIFIED,"This row is a knowledge requirement, not an asserted ruling. Extract and approve the madhhab-specific proposition later."
FQ-HAID-001-SHF,FIQH,HAID,Definition / qualifying bleeding,What conditions make bleeding eligible to be classified as Haid under this madhhab?,shafii,bleeding/tahara/nifas/istihada as relevant,FQ-SHF-SHIRBINI,كتاب الطهارة → باب الحيض وما يذكر معه من الاستحاضة,FQ-SHF-NAWAWI,كتاب الطهارة → باب الحيض,FQ-COMP-KUWAIT,Qualified Shafi'i scholar,A: madhhab text + qualified scholar; B: comparative encyclopedia,Do not publish a ruling until scholar-approved wording + exact locator are recorded,SOURCE_CANDIDATES_IDENTIFIED,"This row is a knowledge requirement, not an asserted ruling. Extract and approve the madhhab-specific proposition later."
FQ-HAID-001-HNB,FIQH,HAID,Definition / qualifying bleeding,What conditions make bleeding eligible to be classified as Haid under this madhhab?,hanbali,bleeding/tahara/nifas/istihada as relevant,FQ-HNB-BUHUTI,كتاب الطهارة → باب الحيض والاستحاضة والنفاس,FQ-HNB-IBNQUDAMA,كتاب الطهارة → باب الحيض,FQ-COMP-KUWAIT,Qualified Hanbali scholar,A: madhhab text + qualified scholar; B: comparative encyclopedia,Do not publish a ruling until scholar-approved wording + exact locator are recorded,SOURCE_CANDIDATES_IDENTIFIED,"This row is a knowledge requirement, not an asserted ruling. Extract and approve the madhhab-specific proposition later."
FQ-HAID-002-HNF,FIQH,HAID,Age / eligibility,What age or maturity constraints affect whether bleeding may be Haid?,hanafi,bleeding/tahara/nifas/istihada as relevant,FQ-HNF-IBNABIDIN,كتاب الطهارة → باب الحيض,FQ-HNF-KASANI,كتاب الطهارة → باب الحيض,FQ-COMP-KUWAIT,Qualified Hanafi scholar,A: madhhab text + qualified scholar; B: comparative encyclopedia,Do not publish a ruling until scholar-approved wording + exact locator are recorded,SOURCE_CANDIDATES_IDENTIFIED,"This row is a knowledge requirement, not an asserted ruling. Extract and approve the madhhab-specific proposition later."
FQ-HAID-002-MLK,FIQH,HAID,Age / eligibility,What age or maturity constraints affect whether bleeding may be Haid?,maliki,bleeding/tahara/nifas/istihada as relevant,FQ-MLK-DASUQI,كتاب الطهارة → مباحث الحيض والاستحاضة والنفاس,FQ-MLK-HATTAB,كتاب الطهارة → مباحث الحيض والاستحاضة والنفاس,FQ-COMP-KUWAIT,Qualified Maliki scholar,A: madhhab text + qualified scholar; B: comparative encyclopedia,Do not publish a ruling until scholar-approved wording + exact locator are recorded,SOURCE_CANDIDATES_IDENTIFIED,"This row is a knowledge requirement, not an asserted ruling. Extract and approve the madhhab-specific proposition later."
FQ-HAID-002-SHF,FIQH,HAID,Age / eligibility,What age or maturity constraints affect whether bleeding may be Haid?,shafii,bleeding/tahara/nifas/istihada as relevant,FQ-SHF-SHIRBINI,كتاب الطهارة → باب الحيض وما يذكر معه من الاستحاضة,FQ-SHF-NAWAWI,كتاب الطهارة → باب الحيض,FQ-COMP-KUWAIT,Qualified Shafi'i scholar,A: madhhab text + qualified scholar; B: comparative encyclopedia,Do not publish a ruling until scholar-approved wording + exact locator are recorded,SOURCE_CANDIDATES_IDENTIFIED,"This row is a knowledge requirement, not an asserted ruling. Extract and approve the madhhab-specific proposition later."
FQ-HAID-002-HNB,FIQH,HAID,Age / eligibility,What age or maturity constraints affect whether bleeding may be Haid?,hanbali,bleeding/tahara/nifas/istihada as relevant,FQ-HNB-BUHUTI,كتاب الطهارة → باب الحيض والاستحاضة والنفاس,FQ-HNB-IBNQUDAMA,كتاب الطهارة → باب الحيض,FQ-COMP-KUWAIT,Qualified Hanbali scholar,A: madhhab text + qualified scholar; B: comparative encyclopedia,Do not publish a ruling until scholar-approved wording + exact locator are recorded,SOURCE_CANDIDATES_IDENTIFIED,"This row is a knowledge requirement, not an asserted ruling. Extract and approve the madhhab-specific proposition later."
FQ-HAID-003-HNF,FIQH,HAID,Pregnancy bleeding,"Can bleeding during pregnancy be classified as Haid, and under what conditions?",hanafi,bleeding/tahara/nifas/istihada as relevant,FQ-HNF-IBNABIDIN,كتاب الطهارة → باب الحيض,FQ-HNF-KASANI,كتاب الطهارة → باب الحيض,FQ-COMP-KUWAIT,Qualified Hanafi scholar,A: madhhab text + qualified scholar; B: comparative encyclopedia,Do not publish a ruling until scholar-approved wording + exact locator are recorded,SOURCE_CANDIDATES_IDENTIFIED,"This row is a knowledge requirement, not an asserted ruling. Extract and approve the madhhab-specific proposition later."
FQ-HAID-003-MLK,FIQH,HAID,Pregnancy bleeding,"Can bleeding during pregnancy be classified as Haid, and under what conditions?",maliki,bleeding/tahara/nifas/istihada as relevant,FQ-MLK-DASUQI,كتاب الطهارة → مباحث الحيض والاستحاضة والنفاس,FQ-MLK-HATTAB,كتاب الطهارة → مباحث الحيض والاستحاضة والنفاس,FQ-COMP-KUWAIT,Qualified Maliki scholar,A: madhhab text + qualified scholar; B: comparative encyclopedia,Do not publish a ruling until scholar-approved wording + exact locator are recorded,SOURCE_CANDIDATES_IDENTIFIED,"This row is a knowledge requirement, not an asserted ruling. Extract and approve the madhhab-specific proposition later."
FQ-HAID-003-SHF,FIQH,HAID,Pregnancy bleeding,"Can bleeding during pregnancy be classified as Haid, and under what conditions?",shafii,bleeding/tahara/nifas/istihada as relevant,FQ-SHF-SHIRBINI,كتاب الطهارة → باب الحيض وما يذكر معه من الاستحاضة,FQ-SHF-NAWAWI,كتاب الطهارة → باب الحيض,FQ-COMP-KUWAIT,Qualified Shafi'i scholar,A: madhhab text + qualified scholar; B: comparative encyclopedia,Do not publish a ruling until scholar-approved wording + exact locator are recorded,SOURCE_CANDIDATES_IDENTIFIED,"This row is a knowledge requirement, not an asserted ruling. Extract and approve the madhhab-specific proposition later."
FQ-HAID-003-HNB,FIQH,HAID,Pregnancy bleeding,"Can bleeding during pregnancy be classified as Haid, and under what conditions?",hanbali,bleeding/tahara/nifas/istihada as relevant,FQ-HNB-BUHUTI,كتاب الطهارة → باب الحيض والاستحاضة والنفاس,FQ-HNB-IBNQUDAMA,كتاب الطهارة → باب الحيض,FQ-COMP-KUWAIT,Qualified Hanbali scholar,A: madhhab text + qualified scholar; B: comparative encyclopedia,Do not publish a ruling until scholar-approved wording + exact locator are recorded,SOURCE_CANDIDATES_IDENTIFIED,"This row is a knowledge requirement, not an asserted ruling. Extract and approve the madhhab-specific proposition later."
FQ-HAID-004-HNF,FIQH,HAID,Minimum duration,What is the minimum duration/amount required for a valid Haid classification?,hanafi,bleeding/tahara/nifas/istihada as relevant,FQ-HNF-IBNABIDIN,كتاب الطهارة → باب الحيض,FQ-HNF-KASANI,كتاب الطهارة → باب الحيض,FQ-COMP-KUWAIT,Qualified Hanafi scholar,A: madhhab text + qualified scholar; B: comparative encyclopedia,Do not publish a ruling until scholar-approved wording + exact locator are recorded,SOURCE_CANDIDATES_IDENTIFIED,"This row is a knowledge requirement, not an asserted ruling. Extract and approve the madhhab-specific proposition later."
FQ-HAID-004-MLK,FIQH,HAID,Minimum duration,What is the minimum duration/amount required for a valid Haid classification?,maliki,bleeding/tahara/nifas/istihada as relevant,FQ-MLK-DASUQI,كتاب الطهارة → مباحث الحيض والاستحاضة والنفاس,FQ-MLK-HATTAB,كتاب الطهارة → مباحث الحيض والاستحاضة والنفاس,FQ-COMP-KUWAIT,Qualified Maliki scholar,A: madhhab text + qualified scholar; B: comparative encyclopedia,Do not publish a ruling until scholar-approved wording + exact locator are recorded,SOURCE_CANDIDATES_IDENTIFIED,"This row is a knowledge requirement, not an asserted ruling. Extract and approve the madhhab-specific proposition later."
FQ-HAID-004-SHF,FIQH,HAID,Minimum duration,What is the minimum duration/amount required for a valid Haid classification?,shafii,bleeding/tahara/nifas/istihada as relevant,FQ-SHF-SHIRBINI,كتاب الطهارة → باب الحيض وما يذكر معه من الاستحاضة,FQ-SHF-NAWAWI,كتاب الطهارة → باب الحيض,FQ-COMP-KUWAIT,Qualified Shafi'i scholar,A: madhhab text + qualified scholar; B: comparative encyclopedia,Do not publish a ruling until scholar-approved wording + exact locator are recorded,SOURCE_CANDIDATES_IDENTIFIED,"This row is a knowledge requirement, not an asserted ruling. Extract and approve the madhhab-specific proposition later."
FQ-HAID-004-HNB,FIQH,HAID,Minimum duration,What is the minimum duration/amount required for a valid Haid classification?,hanbali,bleeding/tahara/nifas/istihada as relevant,FQ-HNB-BUHUTI,كتاب الطهارة → باب الحيض والاستحاضة والنفاس,FQ-HNB-IBNQUDAMA,كتاب الطهارة → باب الحيض,FQ-COMP-KUWAIT,Qualified Hanbali scholar,A: madhhab text + qualified scholar; B: comparative encyclopedia,Do not publish a ruling until scholar-approved wording + exact locator are recorded,SOURCE_CANDIDATES_IDENTIFIED,"This row is a knowledge requirement, not an asserted ruling. Extract and approve the madhhab-specific proposition later."
FQ-HAID-005-HNF,FIQH,HAID,Maximum duration,What is the maximum duration of Haid before excess bleeding is treated differently?,hanafi,bleeding/tahara/nifas/istihada as relevant,FQ-HNF-IBNABIDIN,كتاب الطهارة → باب الحيض,FQ-HNF-KASANI,كتاب الطهارة → باب الحيض,FQ-COMP-KUWAIT,Qualified Hanafi scholar,A: madhhab text + qualified scholar; B: comparative encyclopedia,Do not publish a ruling until scholar-approved wording + exact locator are recorded,SOURCE_CANDIDATES_IDENTIFIED,"This row is a knowledge requirement, not an asserted ruling. Extract and approve the madhhab-specific proposition later."
FQ-HAID-005-MLK,FIQH,HAID,Maximum duration,What is the maximum duration of Haid before excess bleeding is treated differently?,maliki,bleeding/tahara/nifas/istihada as relevant,FQ-MLK-DASUQI,كتاب الطهارة → مباحث الحيض والاستحاضة والنفاس,FQ-MLK-HATTAB,كتاب الطهارة → مباحث الحيض والاستحاضة والنفاس,FQ-COMP-KUWAIT,Qualified Maliki scholar,A: madhhab text + qualified scholar; B: comparative encyclopedia,Do not publish a ruling until scholar-approved wording + exact locator are recorded,SOURCE_CANDIDATES_IDENTIFIED,"This row is a knowledge requirement, not an asserted ruling. Extract and approve the madhhab-specific proposition later."
FQ-HAID-005-SHF,FIQH,HAID,Maximum duration,What is the maximum duration of Haid before excess bleeding is treated differently?,shafii,bleeding/tahara/nifas/istihada as relevant,FQ-SHF-SHIRBINI,كتاب الطهارة → باب الحيض وما يذكر معه من الاستحاضة,FQ-SHF-NAWAWI,كتاب الطهارة → باب الحيض,FQ-COMP-KUWAIT,Qualified Shafi'i scholar,A: madhhab text + qualified scholar; B: comparative encyclopedia,Do not publish a ruling until scholar-approved wording + exact locator are recorded,SOURCE_CANDIDATES_IDENTIFIED,"This row is a knowledge requirement, not an asserted ruling. Extract and approve the madhhab-specific proposition later."
FQ-HAID-005-HNB,FIQH,HAID,Maximum duration,What is the maximum duration of Haid before excess bleeding is treated differently?,hanbali,bleeding/tahara/nifas/istihada as relevant,FQ-HNB-BUHUTI,كتاب الطهارة → باب الحيض والاستحاضة والنفاس,FQ-HNB-IBNQUDAMA,كتاب الطهارة → باب الحيض,FQ-COMP-KUWAIT,Qualified Hanbali scholar,A: madhhab text + qualified scholar; B: comparative encyclopedia,Do not publish a ruling until scholar-approved wording + exact locator are recorded,SOURCE_CANDIDATES_IDENTIFIED,"This row is a knowledge requirement, not an asserted ruling. Extract and approve the madhhab-specific proposition later."
FQ-HAID-006-HNF,FIQH,HAID,Minimum Tuhr,What minimum interval of purity is required between two separate menstrual episodes?,hanafi,bleeding/tahara/nifas/istihada as relevant,FQ-HNF-IBNABIDIN,كتاب الطهارة → باب الحيض,FQ-HNF-KASANI,كتاب الطهارة → باب الحيض,FQ-COMP-KUWAIT,Qualified Hanafi scholar,A: madhhab text + qualified scholar; B: comparative encyclopedia,Do not publish a ruling until scholar-approved wording + exact locator are recorded,SOURCE_CANDIDATES_IDENTIFIED,"This row is a knowledge requirement, not an asserted ruling. Extract and approve the madhhab-specific proposition later."
FQ-HAID-006-MLK,FIQH,HAID,Minimum Tuhr,What minimum interval of purity is required between two separate menstrual episodes?,maliki,bleeding/tahara/nifas/istihada as relevant,FQ-MLK-DASUQI,كتاب الطهارة → مباحث الحيض والاستحاضة والنفاس,FQ-MLK-HATTAB,كتاب الطهارة → مباحث الحيض والاستحاضة والنفاس,FQ-COMP-KUWAIT,Qualified Maliki scholar,A: madhhab text + qualified scholar; B: comparative encyclopedia,Do not publish a ruling until scholar-approved wording + exact locator are recorded,SOURCE_CANDIDATES_IDENTIFIED,"This row is a knowledge requirement, not an asserted ruling. Extract and approve the madhhab-specific proposition later."
FQ-HAID-006-SHF,FIQH,HAID,Minimum Tuhr,What minimum interval of purity is required between two separate menstrual episodes?,shafii,bleeding/tahara/nifas/istihada as relevant,FQ-SHF-SHIRBINI,كتاب الطهارة → باب الحيض وما يذكر معه من الاستحاضة,FQ-SHF-NAWAWI,كتاب الطهارة → باب الحيض,FQ-COMP-KUWAIT,Qualified Shafi'i scholar,A: madhhab text + qualified scholar; B: comparative encyclopedia,Do not publish a ruling until scholar-approved wording + exact locator are recorded,SOURCE_CANDIDATES_IDENTIFIED,"This row is a knowledge requirement, not an asserted ruling. Extract and approve the madhhab-specific proposition later."
FQ-HAID-006-HNB,FIQH,HAID,Minimum Tuhr,What minimum interval of purity is required between two separate menstrual episodes?,hanbali,bleeding/tahara/nifas/istihada as relevant,FQ-HNB-BUHUTI,كتاب الطهارة → باب الحيض والاستحاضة والنفاس,FQ-HNB-IBNQUDAMA,كتاب الطهارة → باب الحيض,FQ-COMP-KUWAIT,Qualified Hanbali scholar,A: madhhab text + qualified scholar; B: comparative encyclopedia,Do not publish a ruling until scholar-approved wording + exact locator are recorded,SOURCE_CANDIDATES_IDENTIFIED,"This row is a knowledge requirement, not an asserted ruling. Extract and approve the madhhab-specific proposition later."
FQ-HAID-007-HNF,FIQH,HAID,Maximum Tuhr,"Is there a maximum duration of purity, and does it affect classification?",hanafi,bleeding/tahara/nifas/istihada as relevant,FQ-HNF-IBNABIDIN,كتاب الطهارة → باب الحيض,FQ-HNF-KASANI,كتاب الطهارة → باب الحيض,FQ-COMP-KUWAIT,Qualified Hanafi scholar,A: madhhab text + qualified scholar; B: comparative encyclopedia,Do not publish a ruling until scholar-approved wording + exact locator are recorded,SOURCE_CANDIDATES_IDENTIFIED,"This row is a knowledge requirement, not an asserted ruling. Extract and approve the madhhab-specific proposition later."
FQ-HAID-007-MLK,FIQH,HAID,Maximum Tuhr,"Is there a maximum duration of purity, and does it affect classification?",maliki,bleeding/tahara/nifas/istihada as relevant,FQ-MLK-DASUQI,كتاب الطهارة → مباحث الحيض والاستحاضة والنفاس,FQ-MLK-HATTAB,كتاب الطهارة → مباحث الحيض والاستحاضة والنفاس,FQ-COMP-KUWAIT,Qualified Maliki scholar,A: madhhab text + qualified scholar; B: comparative encyclopedia,Do not publish a ruling until scholar-approved wording + exact locator are recorded,SOURCE_CANDIDATES_IDENTIFIED,"This row is a knowledge requirement, not an asserted ruling. Extract and approve the madhhab-specific proposition later."
FQ-HAID-007-SHF,FIQH,HAID,Maximum Tuhr,"Is there a maximum duration of purity, and does it affect classification?",shafii,bleeding/tahara/nifas/istihada as relevant,FQ-SHF-SHIRBINI,كتاب الطهارة → باب الحيض وما يذكر معه من الاستحاضة,FQ-SHF-NAWAWI,كتاب الطهارة → باب الحيض,FQ-COMP-KUWAIT,Qualified Shafi'i scholar,A: madhhab text + qualified scholar; B: comparative encyclopedia,Do not publish a ruling until scholar-approved wording + exact locator are recorded,SOURCE_CANDIDATES_IDENTIFIED,"This row is a knowledge requirement, not an asserted ruling. Extract and approve the madhhab-specific proposition later."
FQ-HAID-007-HNB,FIQH,HAID,Maximum Tuhr,"Is there a maximum duration of purity, and does it affect classification?",hanbali,bleeding/tahara/nifas/istihada as relevant,FQ-HNB-BUHUTI,كتاب الطهارة → باب الحيض والاستحاضة والنفاس,FQ-HNB-IBNQUDAMA,كتاب الطهارة → باب الحيض,FQ-COMP-KUWAIT,Qualified Hanbali scholar,A: madhhab text + qualified scholar; B: comparative encyclopedia,Do not publish a ruling until scholar-approved wording + exact locator are recorded,SOURCE_CANDIDATES_IDENTIFIED,"This row is a knowledge requirement, not an asserted ruling. Extract and approve the madhhab-specific proposition later."
FQ-HAID-008-HNF,FIQH,HAID,Yellow/brown discharge before purity,How is yellow/brown discharge treated while the woman is still within a possible menstrual episode?,hanafi,bleeding/tahara/nifas/istihada as relevant,FQ-HNF-IBNABIDIN,كتاب الطهارة → باب الحيض,FQ-HNF-KASANI,كتاب الطهارة → باب الحيض,FQ-COMP-KUWAIT,Qualified Hanafi scholar,A: madhhab text + qualified scholar; B: comparative encyclopedia,Do not publish a ruling until scholar-approved wording + exact locator are recorded,SOURCE_CANDIDATES_IDENTIFIED,"This row is a knowledge requirement, not an asserted ruling. Extract and approve the madhhab-specific proposition later."
FQ-HAID-008-MLK,FIQH,HAID,Yellow/brown discharge before purity,How is yellow/brown discharge treated while the woman is still within a possible menstrual episode?,maliki,bleeding/tahara/nifas/istihada as relevant,FQ-MLK-DASUQI,كتاب الطهارة → مباحث الحيض والاستحاضة والنفاس,FQ-MLK-HATTAB,كتاب الطهارة → مباحث الحيض والاستحاضة والنفاس,FQ-COMP-KUWAIT,Qualified Maliki scholar,A: madhhab text + qualified scholar; B: comparative encyclopedia,Do not publish a ruling until scholar-approved wording + exact locator are recorded,SOURCE_CANDIDATES_IDENTIFIED,"This row is a knowledge requirement, not an asserted ruling. Extract and approve the madhhab-specific proposition later."
FQ-HAID-008-SHF,FIQH,HAID,Yellow/brown discharge before purity,How is yellow/brown discharge treated while the woman is still within a possible menstrual episode?,shafii,bleeding/tahara/nifas/istihada as relevant,FQ-SHF-SHIRBINI,كتاب الطهارة → باب الحيض وما يذكر معه من الاستحاضة,FQ-SHF-NAWAWI,كتاب الطهارة → باب الحيض,FQ-COMP-KUWAIT,Qualified Shafi'i scholar,A: madhhab text + qualified scholar; B: comparative encyclopedia,Do not publish a ruling until scholar-approved wording + exact locator are recorded,SOURCE_CANDIDATES_IDENTIFIED,"This row is a knowledge requirement, not an asserted ruling. Extract and approve the madhhab-specific proposition later."
FQ-HAID-008-HNB,FIQH,HAID,Yellow/brown discharge before purity,How is yellow/brown discharge treated while the woman is still within a possible menstrual episode?,hanbali,bleeding/tahara/nifas/istihada as relevant,FQ-HNB-BUHUTI,كتاب الطهارة → باب الحيض والاستحاضة والنفاس,FQ-HNB-IBNQUDAMA,كتاب الطهارة → باب الحيض,FQ-COMP-KUWAIT,Qualified Hanbali scholar,A: madhhab text + qualified scholar; B: comparative encyclopedia,Do not publish a ruling until scholar-approved wording + exact locator are recorded,SOURCE_CANDIDATES_IDENTIFIED,"This row is a knowledge requirement, not an asserted ruling. Extract and approve the madhhab-specific proposition later."
FQ-HAID-009-HNF,FIQH,HAID,Yellow/brown discharge after purity,How is yellow/brown discharge treated after a valid sign of purity?,hanafi,bleeding/tahara/nifas/istihada as relevant,FQ-HNF-IBNABIDIN,كتاب الطهارة → باب الحيض,FQ-HNF-KASANI,كتاب الطهارة → باب الحيض,FQ-COMP-KUWAIT,Qualified Hanafi scholar,A: madhhab text + qualified scholar; B: comparative encyclopedia,Do not publish a ruling until scholar-approved wording + exact locator are recorded,SOURCE_CANDIDATES_IDENTIFIED,"This row is a knowledge requirement, not an asserted ruling. Extract and approve the madhhab-specific proposition later."
FQ-HAID-009-MLK,FIQH,HAID,Yellow/brown discharge after purity,How is yellow/brown discharge treated after a valid sign of purity?,maliki,bleeding/tahara/nifas/istihada as relevant,FQ-MLK-DASUQI,كتاب الطهارة → مباحث الحيض والاستحاضة والنفاس,FQ-MLK-HATTAB,كتاب الطهارة → مباحث الحيض والاستحاضة والنفاس,FQ-COMP-KUWAIT,Qualified Maliki scholar,A: madhhab text + qualified scholar; B: comparative encyclopedia,Do not publish a ruling until scholar-approved wording + exact locator are recorded,SOURCE_CANDIDATES_IDENTIFIED,"This row is a knowledge requirement, not an asserted ruling. Extract and approve the madhhab-specific proposition later."
FQ-HAID-009-SHF,FIQH,HAID,Yellow/brown discharge after purity,How is yellow/brown discharge treated after a valid sign of purity?,shafii,bleeding/tahara/nifas/istihada as relevant,FQ-SHF-SHIRBINI,كتاب الطهارة → باب الحيض وما يذكر معه من الاستحاضة,FQ-SHF-NAWAWI,كتاب الطهارة → باب الحيض,FQ-COMP-KUWAIT,Qualified Shafi'i scholar,A: madhhab text + qualified scholar; B: comparative encyclopedia,Do not publish a ruling until scholar-approved wording + exact locator are recorded,SOURCE_CANDIDATES_IDENTIFIED,"This row is a knowledge requirement, not an asserted ruling. Extract and approve the madhhab-specific proposition later."
FQ-HAID-009-HNB,FIQH,HAID,Yellow/brown discharge after purity,How is yellow/brown discharge treated after a valid sign of purity?,hanbali,bleeding/tahara/nifas/istihada as relevant,FQ-HNB-BUHUTI,كتاب الطهارة → باب الحيض والاستحاضة والنفاس,FQ-HNB-IBNQUDAMA,كتاب الطهارة → باب الحيض,FQ-COMP-KUWAIT,Qualified Hanbali scholar,A: madhhab text + qualified scholar; B: comparative encyclopedia,Do not publish a ruling until scholar-approved wording + exact locator are recorded,SOURCE_CANDIDATES_IDENTIFIED,"This row is a knowledge requirement, not an asserted ruling. Extract and approve the madhhab-specific proposition later."
FQ-TAHARA-010-HNF,FIQH,TAHARA,Dryness as sign of purity,When does complete dryness establish Tahara?,hanafi,bleeding/tahara/nifas/istihada as relevant,FQ-HNF-IBNABIDIN,كتاب الطهارة → باب الحيض,FQ-HNF-KASANI,كتاب الطهارة → باب الحيض,FQ-COMP-KUWAIT,Qualified Hanafi scholar,A: madhhab text + qualified scholar; B: comparative encyclopedia,Do not publish a ruling until scholar-approved wording + exact locator are recorded,SOURCE_CANDIDATES_IDENTIFIED,"This row is a knowledge requirement, not an asserted ruling. Extract and approve the madhhab-specific proposition later."
FQ-TAHARA-010-MLK,FIQH,TAHARA,Dryness as sign of purity,When does complete dryness establish Tahara?,maliki,bleeding/tahara/nifas/istihada as relevant,FQ-MLK-DASUQI,كتاب الطهارة → مباحث الحيض والاستحاضة والنفاس,FQ-MLK-HATTAB,كتاب الطهارة → مباحث الحيض والاستحاضة والنفاس,FQ-COMP-KUWAIT,Qualified Maliki scholar,A: madhhab text + qualified scholar; B: comparative encyclopedia,Do not publish a ruling until scholar-approved wording + exact locator are recorded,SOURCE_CANDIDATES_IDENTIFIED,"This row is a knowledge requirement, not an asserted ruling. Extract and approve the madhhab-specific proposition later."
FQ-TAHARA-010-SHF,FIQH,TAHARA,Dryness as sign of purity,When does complete dryness establish Tahara?,shafii,bleeding/tahara/nifas/istihada as relevant,FQ-SHF-SHIRBINI,كتاب الطهارة → باب الحيض وما يذكر معه من الاستحاضة,FQ-SHF-NAWAWI,كتاب الطهارة → باب الحيض,FQ-COMP-KUWAIT,Qualified Shafi'i scholar,A: madhhab text + qualified scholar; B: comparative encyclopedia,Do not publish a ruling until scholar-approved wording + exact locator are recorded,SOURCE_CANDIDATES_IDENTIFIED,"This row is a knowledge requirement, not an asserted ruling. Extract and approve the madhhab-specific proposition later."
FQ-TAHARA-010-HNB,FIQH,TAHARA,Dryness as sign of purity,When does complete dryness establish Tahara?,hanbali,bleeding/tahara/nifas/istihada as relevant,FQ-HNB-BUHUTI,كتاب الطهارة → باب الحيض والاستحاضة والنفاس,FQ-HNB-IBNQUDAMA,كتاب الطهارة → باب الحيض,FQ-COMP-KUWAIT,Qualified Hanbali scholar,A: madhhab text + qualified scholar; B: comparative encyclopedia,Do not publish a ruling until scholar-approved wording + exact locator are recorded,SOURCE_CANDIDATES_IDENTIFIED,"This row is a knowledge requirement, not an asserted ruling. Extract and approve the madhhab-specific proposition later."
FQ-TAHARA-011-HNF,FIQH,TAHARA,White discharge as sign of purity,What role does the white discharge play in establishing Tahara?,hanafi,bleeding/tahara/nifas/istihada as relevant,FQ-HNF-IBNABIDIN,كتاب الطهارة → باب الحيض,FQ-HNF-KASANI,كتاب الطهارة → باب الحيض,FQ-COMP-KUWAIT,Qualified Hanafi scholar,A: madhhab text + qualified scholar; B: comparative encyclopedia,Do not publish a ruling until scholar-approved wording + exact locator are recorded,SOURCE_CANDIDATES_IDENTIFIED,"This row is a knowledge requirement, not an asserted ruling. Extract and approve the madhhab-specific proposition later."
FQ-TAHARA-011-MLK,FIQH,TAHARA,White discharge as sign of purity,What role does the white discharge play in establishing Tahara?,maliki,bleeding/tahara/nifas/istihada as relevant,FQ-MLK-DASUQI,كتاب الطهارة → مباحث الحيض والاستحاضة والنفاس,FQ-MLK-HATTAB,كتاب الطهارة → مباحث الحيض والاستحاضة والنفاس,FQ-COMP-KUWAIT,Qualified Maliki scholar,A: madhhab text + qualified scholar; B: comparative encyclopedia,Do not publish a ruling until scholar-approved wording + exact locator are recorded,SOURCE_CANDIDATES_IDENTIFIED,"This row is a knowledge requirement, not an asserted ruling. Extract and approve the madhhab-specific proposition later."
FQ-TAHARA-011-SHF,FIQH,TAHARA,White discharge as sign of purity,What role does the white discharge play in establishing Tahara?,shafii,bleeding/tahara/nifas/istihada as relevant,FQ-SHF-SHIRBINI,كتاب الطهارة → باب الحيض وما يذكر معه من الاستحاضة,FQ-SHF-NAWAWI,كتاب الطهارة → باب الحيض,FQ-COMP-KUWAIT,Qualified Shafi'i scholar,A: madhhab text + qualified scholar; B: comparative encyclopedia,Do not publish a ruling until scholar-approved wording + exact locator are recorded,SOURCE_CANDIDATES_IDENTIFIED,"This row is a knowledge requirement, not an asserted ruling. Extract and approve the madhhab-specific proposition later."
FQ-TAHARA-011-HNB,FIQH,TAHARA,White discharge as sign of purity,What role does the white discharge play in establishing Tahara?,hanbali,bleeding/tahara/nifas/istihada as relevant,FQ-HNB-BUHUTI,كتاب الطهارة → باب الحيض والاستحاضة والنفاس,FQ-HNB-IBNQUDAMA,كتاب الطهارة → باب الحيض,FQ-COMP-KUWAIT,Qualified Hanbali scholar,A: madhhab text + qualified scholar; B: comparative encyclopedia,Do not publish a ruling until scholar-approved wording + exact locator are recorded,SOURCE_CANDIDATES_IDENTIFIED,"This row is a knowledge requirement, not an asserted ruling. Extract and approve the madhhab-specific proposition later."
FQ-HAID-012-HNF,FIQH,HAID,Intermittent dryness,How are dry intervals within an otherwise possible Haid episode classified?,hanafi,bleeding/tahara/nifas/istihada as relevant,FQ-HNF-IBNABIDIN,كتاب الطهارة → باب الحيض,FQ-HNF-KASANI,كتاب الطهارة → باب الحيض,FQ-COMP-KUWAIT,Qualified Hanafi scholar,A: madhhab text + qualified scholar; B: comparative encyclopedia,Do not publish a ruling until scholar-approved wording + exact locator are recorded,SOURCE_CANDIDATES_IDENTIFIED,"This row is a knowledge requirement, not an asserted ruling. Extract and approve the madhhab-specific proposition later."
FQ-HAID-012-MLK,FIQH,HAID,Intermittent dryness,How are dry intervals within an otherwise possible Haid episode classified?,maliki,bleeding/tahara/nifas/istihada as relevant,FQ-MLK-DASUQI,كتاب الطهارة → مباحث الحيض والاستحاضة والنفاس,FQ-MLK-HATTAB,كتاب الطهارة → مباحث الحيض والاستحاضة والنفاس,FQ-COMP-KUWAIT,Qualified Maliki scholar,A: madhhab text + qualified scholar; B: comparative encyclopedia,Do not publish a ruling until scholar-approved wording + exact locator are recorded,SOURCE_CANDIDATES_IDENTIFIED,"This row is a knowledge requirement, not an asserted ruling. Extract and approve the madhhab-specific proposition later."
FQ-HAID-012-SHF,FIQH,HAID,Intermittent dryness,How are dry intervals within an otherwise possible Haid episode classified?,shafii,bleeding/tahara/nifas/istihada as relevant,FQ-SHF-SHIRBINI,كتاب الطهارة → باب الحيض وما يذكر معه من الاستحاضة,FQ-SHF-NAWAWI,كتاب الطهارة → باب الحيض,FQ-COMP-KUWAIT,Qualified Shafi'i scholar,A: madhhab text + qualified scholar; B: comparative encyclopedia,Do not publish a ruling until scholar-approved wording + exact locator are recorded,SOURCE_CANDIDATES_IDENTIFIED,"This row is a knowledge requirement, not an asserted ruling. Extract and approve the madhhab-specific proposition later."
FQ-HAID-012-HNB,FIQH,HAID,Intermittent dryness,How are dry intervals within an otherwise possible Haid episode classified?,hanbali,bleeding/tahara/nifas/istihada as relevant,FQ-HNB-BUHUTI,كتاب الطهارة → باب الحيض والاستحاضة والنفاس,FQ-HNB-IBNQUDAMA,كتاب الطهارة → باب الحيض,FQ-COMP-KUWAIT,Qualified Hanbali scholar,A: madhhab text + qualified scholar; B: comparative encyclopedia,Do not publish a ruling until scholar-approved wording + exact locator are recorded,SOURCE_CANDIDATES_IDENTIFIED,"This row is a knowledge requirement, not an asserted ruling. Extract and approve the madhhab-specific proposition later."
FQ-HAID-013-HNF,FIQH,HAID,Bleeding resumes after apparent purity,How is bleeding classified when it returns after an apparent period of purity?,hanafi,bleeding/tahara/nifas/istihada as relevant,FQ-HNF-IBNABIDIN,كتاب الطهارة → باب الحيض,FQ-HNF-KASANI,كتاب الطهارة → باب الحيض,FQ-COMP-KUWAIT,Qualified Hanafi scholar,A: madhhab text + qualified scholar; B: comparative encyclopedia,Do not publish a ruling until scholar-approved wording + exact locator are recorded,SOURCE_CANDIDATES_IDENTIFIED,"This row is a knowledge requirement, not an asserted ruling. Extract and approve the madhhab-specific proposition later."
FQ-HAID-013-MLK,FIQH,HAID,Bleeding resumes after apparent purity,How is bleeding classified when it returns after an apparent period of purity?,maliki,bleeding/tahara/nifas/istihada as relevant,FQ-MLK-DASUQI,كتاب الطهارة → مباحث الحيض والاستحاضة والنفاس,FQ-MLK-HATTAB,كتاب الطهارة → مباحث الحيض والاستحاضة والنفاس,FQ-COMP-KUWAIT,Qualified Maliki scholar,A: madhhab text + qualified scholar; B: comparative encyclopedia,Do not publish a ruling until scholar-approved wording + exact locator are recorded,SOURCE_CANDIDATES_IDENTIFIED,"This row is a knowledge requirement, not an asserted ruling. Extract and approve the madhhab-specific proposition later."
FQ-HAID-013-SHF,FIQH,HAID,Bleeding resumes after apparent purity,How is bleeding classified when it returns after an apparent period of purity?,shafii,bleeding/tahara/nifas/istihada as relevant,FQ-SHF-SHIRBINI,كتاب الطهارة → باب الحيض وما يذكر معه من الاستحاضة,FQ-SHF-NAWAWI,كتاب الطهارة → باب الحيض,FQ-COMP-KUWAIT,Qualified Shafi'i scholar,A: madhhab text + qualified scholar; B: comparative encyclopedia,Do not publish a ruling until scholar-approved wording + exact locator are recorded,SOURCE_CANDIDATES_IDENTIFIED,"This row is a knowledge requirement, not an asserted ruling. Extract and approve the madhhab-specific proposition later."
FQ-HAID-013-HNB,FIQH,HAID,Bleeding resumes after apparent purity,How is bleeding classified when it returns after an apparent period of purity?,hanbali,bleeding/tahara/nifas/istihada as relevant,FQ-HNB-BUHUTI,كتاب الطهارة → باب الحيض والاستحاضة والنفاس,FQ-HNB-IBNQUDAMA,كتاب الطهارة → باب الحيض,FQ-COMP-KUWAIT,Qualified Hanbali scholar,A: madhhab text + qualified scholar; B: comparative encyclopedia,Do not publish a ruling until scholar-approved wording + exact locator are recorded,SOURCE_CANDIDATES_IDENTIFIED,"This row is a knowledge requirement, not an asserted ruling. Extract and approve the madhhab-specific proposition later."
FQ-HAID-014-HNF,FIQH,HAID,First-time bleeder,How is a first-ever bleeding episode handled when no prior habit exists?,hanafi,bleeding/tahara/nifas/istihada as relevant,FQ-HNF-IBNABIDIN,كتاب الطهارة → باب الحيض,FQ-HNF-KASANI,كتاب الطهارة → باب الحيض,FQ-COMP-KUWAIT,Qualified Hanafi scholar,A: madhhab text + qualified scholar; B: comparative encyclopedia,Do not publish a ruling until scholar-approved wording + exact locator are recorded,SOURCE_CANDIDATES_IDENTIFIED,"This row is a knowledge requirement, not an asserted ruling. Extract and approve the madhhab-specific proposition later."
FQ-HAID-014-MLK,FIQH,HAID,First-time bleeder,How is a first-ever bleeding episode handled when no prior habit exists?,maliki,bleeding/tahara/nifas/istihada as relevant,FQ-MLK-DASUQI,كتاب الطهارة → مباحث الحيض والاستحاضة والنفاس,FQ-MLK-HATTAB,كتاب الطهارة → مباحث الحيض والاستحاضة والنفاس,FQ-COMP-KUWAIT,Qualified Maliki scholar,A: madhhab text + qualified scholar; B: comparative encyclopedia,Do not publish a ruling until scholar-approved wording + exact locator are recorded,SOURCE_CANDIDATES_IDENTIFIED,"This row is a knowledge requirement, not an asserted ruling. Extract and approve the madhhab-specific proposition later."
FQ-HAID-014-SHF,FIQH,HAID,First-time bleeder,How is a first-ever bleeding episode handled when no prior habit exists?,shafii,bleeding/tahara/nifas/istihada as relevant,FQ-SHF-SHIRBINI,كتاب الطهارة → باب الحيض وما يذكر معه من الاستحاضة,FQ-SHF-NAWAWI,كتاب الطهارة → باب الحيض,FQ-COMP-KUWAIT,Qualified Shafi'i scholar,A: madhhab text + qualified scholar; B: comparative encyclopedia,Do not publish a ruling until scholar-approved wording + exact locator are recorded,SOURCE_CANDIDATES_IDENTIFIED,"This row is a knowledge requirement, not an asserted ruling. Extract and approve the madhhab-specific proposition later."
FQ-HAID-014-HNB,FIQH,HAID,First-time bleeder,How is a first-ever bleeding episode handled when no prior habit exists?,hanbali,bleeding/tahara/nifas/istihada as relevant,FQ-HNB-BUHUTI,كتاب الطهارة → باب الحيض والاستحاضة والنفاس,FQ-HNB-IBNQUDAMA,كتاب الطهارة → باب الحيض,FQ-COMP-KUWAIT,Qualified Hanbali scholar,A: madhhab text + qualified scholar; B: comparative encyclopedia,Do not publish a ruling until scholar-approved wording + exact locator are recorded,SOURCE_CANDIDATES_IDENTIFIED,"This row is a knowledge requirement, not an asserted ruling. Extract and approve the madhhab-specific proposition later."
FQ-HAID-015-HNF,FIQH,HAID,Habit establishment,How and after how many repetitions does a menstrual habit become legally relevant?,hanafi,bleeding/tahara/nifas/istihada as relevant,FQ-HNF-IBNABIDIN,كتاب الطهارة → باب الحيض,FQ-HNF-KASANI,كتاب الطهارة → باب الحيض,FQ-COMP-KUWAIT,Qualified Hanafi scholar,A: madhhab text + qualified scholar; B: comparative encyclopedia,Do not publish a ruling until scholar-approved wording + exact locator are recorded,SOURCE_CANDIDATES_IDENTIFIED,"This row is a knowledge requirement, not an asserted ruling. Extract and approve the madhhab-specific proposition later."
FQ-HAID-015-MLK,FIQH,HAID,Habit establishment,How and after how many repetitions does a menstrual habit become legally relevant?,maliki,bleeding/tahara/nifas/istihada as relevant,FQ-MLK-DASUQI,كتاب الطهارة → مباحث الحيض والاستحاضة والنفاس,FQ-MLK-HATTAB,كتاب الطهارة → مباحث الحيض والاستحاضة والنفاس,FQ-COMP-KUWAIT,Qualified Maliki scholar,A: madhhab text + qualified scholar; B: comparative encyclopedia,Do not publish a ruling until scholar-approved wording + exact locator are recorded,SOURCE_CANDIDATES_IDENTIFIED,"This row is a knowledge requirement, not an asserted ruling. Extract and approve the madhhab-specific proposition later."
FQ-HAID-015-SHF,FIQH,HAID,Habit establishment,How and after how many repetitions does a menstrual habit become legally relevant?,shafii,bleeding/tahara/nifas/istihada as relevant,FQ-SHF-SHIRBINI,كتاب الطهارة → باب الحيض وما يذكر معه من الاستحاضة,FQ-SHF-NAWAWI,كتاب الطهارة → باب الحيض,FQ-COMP-KUWAIT,Qualified Shafi'i scholar,A: madhhab text + qualified scholar; B: comparative encyclopedia,Do not publish a ruling until scholar-approved wording + exact locator are recorded,SOURCE_CANDIDATES_IDENTIFIED,"This row is a knowledge requirement, not an asserted ruling. Extract and approve the madhhab-specific proposition later."
FQ-HAID-015-HNB,FIQH,HAID,Habit establishment,How and after how many repetitions does a menstrual habit become legally relevant?,hanbali,bleeding/tahara/nifas/istihada as relevant,FQ-HNB-BUHUTI,كتاب الطهارة → باب الحيض والاستحاضة والنفاس,FQ-HNB-IBNQUDAMA,كتاب الطهارة → باب الحيض,FQ-COMP-KUWAIT,Qualified Hanbali scholar,A: madhhab text + qualified scholar; B: comparative encyclopedia,Do not publish a ruling until scholar-approved wording + exact locator are recorded,SOURCE_CANDIDATES_IDENTIFIED,"This row is a knowledge requirement, not an asserted ruling. Extract and approve the madhhab-specific proposition later."
FQ-HAID-016-HNF,FIQH,HAID,Habit timing change,How is a shift in the start timing of an established habit handled?,hanafi,bleeding/tahara/nifas/istihada as relevant,FQ-HNF-IBNABIDIN,كتاب الطهارة → باب الحيض,FQ-HNF-KASANI,كتاب الطهارة → باب الحيض,FQ-COMP-KUWAIT,Qualified Hanafi scholar,A: madhhab text + qualified scholar; B: comparative encyclopedia,Do not publish a ruling until scholar-approved wording + exact locator are recorded,SOURCE_CANDIDATES_IDENTIFIED,"This row is a knowledge requirement, not an asserted ruling. Extract and approve the madhhab-specific proposition later."
FQ-HAID-016-MLK,FIQH,HAID,Habit timing change,How is a shift in the start timing of an established habit handled?,maliki,bleeding/tahara/nifas/istihada as relevant,FQ-MLK-DASUQI,كتاب الطهارة → مباحث الحيض والاستحاضة والنفاس,FQ-MLK-HATTAB,كتاب الطهارة → مباحث الحيض والاستحاضة والنفاس,FQ-COMP-KUWAIT,Qualified Maliki scholar,A: madhhab text + qualified scholar; B: comparative encyclopedia,Do not publish a ruling until scholar-approved wording + exact locator are recorded,SOURCE_CANDIDATES_IDENTIFIED,"This row is a knowledge requirement, not an asserted ruling. Extract and approve the madhhab-specific proposition later."
FQ-HAID-016-SHF,FIQH,HAID,Habit timing change,How is a shift in the start timing of an established habit handled?,shafii,bleeding/tahara/nifas/istihada as relevant,FQ-SHF-SHIRBINI,كتاب الطهارة → باب الحيض وما يذكر معه من الاستحاضة,FQ-SHF-NAWAWI,كتاب الطهارة → باب الحيض,FQ-COMP-KUWAIT,Qualified Shafi'i scholar,A: madhhab text + qualified scholar; B: comparative encyclopedia,Do not publish a ruling until scholar-approved wording + exact locator are recorded,SOURCE_CANDIDATES_IDENTIFIED,"This row is a knowledge requirement, not an asserted ruling. Extract and approve the madhhab-specific proposition later."
FQ-HAID-016-HNB,FIQH,HAID,Habit timing change,How is a shift in the start timing of an established habit handled?,hanbali,bleeding/tahara/nifas/istihada as relevant,FQ-HNB-BUHUTI,كتاب الطهارة → باب الحيض والاستحاضة والنفاس,FQ-HNB-IBNQUDAMA,كتاب الطهارة → باب الحيض,FQ-COMP-KUWAIT,Qualified Hanbali scholar,A: madhhab text + qualified scholar; B: comparative encyclopedia,Do not publish a ruling until scholar-approved wording + exact locator are recorded,SOURCE_CANDIDATES_IDENTIFIED,"This row is a knowledge requirement, not an asserted ruling. Extract and approve the madhhab-specific proposition later."
FQ-HAID-017-HNF,FIQH,HAID,Habit duration change,How is a change in the duration of an established habit handled?,hanafi,bleeding/tahara/nifas/istihada as relevant,FQ-HNF-IBNABIDIN,كتاب الطهارة → باب الحيض,FQ-HNF-KASANI,كتاب الطهارة → باب الحيض,FQ-COMP-KUWAIT,Qualified Hanafi scholar,A: madhhab text + qualified scholar; B: comparative encyclopedia,Do not publish a ruling until scholar-approved wording + exact locator are recorded,SOURCE_CANDIDATES_IDENTIFIED,"This row is a knowledge requirement, not an asserted ruling. Extract and approve the madhhab-specific proposition later."
FQ-HAID-017-MLK,FIQH,HAID,Habit duration change,How is a change in the duration of an established habit handled?,maliki,bleeding/tahara/nifas/istihada as relevant,FQ-MLK-DASUQI,كتاب الطهارة → مباحث الحيض والاستحاضة والنفاس,FQ-MLK-HATTAB,كتاب الطهارة → مباحث الحيض والاستحاضة والنفاس,FQ-COMP-KUWAIT,Qualified Maliki scholar,A: madhhab text + qualified scholar; B: comparative encyclopedia,Do not publish a ruling until scholar-approved wording + exact locator are recorded,SOURCE_CANDIDATES_IDENTIFIED,"This row is a knowledge requirement, not an asserted ruling. Extract and approve the madhhab-specific proposition later."
FQ-HAID-017-SHF,FIQH,HAID,Habit duration change,How is a change in the duration of an established habit handled?,shafii,bleeding/tahara/nifas/istihada as relevant,FQ-SHF-SHIRBINI,كتاب الطهارة → باب الحيض وما يذكر معه من الاستحاضة,FQ-SHF-NAWAWI,كتاب الطهارة → باب الحيض,FQ-COMP-KUWAIT,Qualified Shafi'i scholar,A: madhhab text + qualified scholar; B: comparative encyclopedia,Do not publish a ruling until scholar-approved wording + exact locator are recorded,SOURCE_CANDIDATES_IDENTIFIED,"This row is a knowledge requirement, not an asserted ruling. Extract and approve the madhhab-specific proposition later."
FQ-HAID-017-HNB,FIQH,HAID,Habit duration change,How is a change in the duration of an established habit handled?,hanbali,bleeding/tahara/nifas/istihada as relevant,FQ-HNB-BUHUTI,كتاب الطهارة → باب الحيض والاستحاضة والنفاس,FQ-HNB-IBNQUDAMA,كتاب الطهارة → باب الحيض,FQ-COMP-KUWAIT,Qualified Hanbali scholar,A: madhhab text + qualified scholar; B: comparative encyclopedia,Do not publish a ruling until scholar-approved wording + exact locator are recorded,SOURCE_CANDIDATES_IDENTIFIED,"This row is a knowledge requirement, not an asserted ruling. Extract and approve the madhhab-specific proposition later."
FQ-HAID-018-HNF,FIQH,HAID,Prolonged bleeding beyond maximum,How should bleeding beyond the madhhab's Haid limit be classified?,hanafi,bleeding/tahara/nifas/istihada as relevant,FQ-HNF-IBNABIDIN,كتاب الطهارة → باب الحيض,FQ-HNF-KASANI,كتاب الطهارة → باب الحيض,FQ-COMP-KUWAIT,Qualified Hanafi scholar,A: madhhab text + qualified scholar; B: comparative encyclopedia,Do not publish a ruling until scholar-approved wording + exact locator are recorded,SOURCE_CANDIDATES_IDENTIFIED,"This row is a knowledge requirement, not an asserted ruling. Extract and approve the madhhab-specific proposition later."
FQ-HAID-018-MLK,FIQH,HAID,Prolonged bleeding beyond maximum,How should bleeding beyond the madhhab's Haid limit be classified?,maliki,bleeding/tahara/nifas/istihada as relevant,FQ-MLK-DASUQI,كتاب الطهارة → مباحث الحيض والاستحاضة والنفاس,FQ-MLK-HATTAB,كتاب الطهارة → مباحث الحيض والاستحاضة والنفاس,FQ-COMP-KUWAIT,Qualified Maliki scholar,A: madhhab text + qualified scholar; B: comparative encyclopedia,Do not publish a ruling until scholar-approved wording + exact locator are recorded,SOURCE_CANDIDATES_IDENTIFIED,"This row is a knowledge requirement, not an asserted ruling. Extract and approve the madhhab-specific proposition later."
FQ-HAID-018-SHF,FIQH,HAID,Prolonged bleeding beyond maximum,How should bleeding beyond the madhhab's Haid limit be classified?,shafii,bleeding/tahara/nifas/istihada as relevant,FQ-SHF-SHIRBINI,كتاب الطهارة → باب الحيض وما يذكر معه من الاستحاضة,FQ-SHF-NAWAWI,كتاب الطهارة → باب الحيض,FQ-COMP-KUWAIT,Qualified Shafi'i scholar,A: madhhab text + qualified scholar; B: comparative encyclopedia,Do not publish a ruling until scholar-approved wording + exact locator are recorded,SOURCE_CANDIDATES_IDENTIFIED,"This row is a knowledge requirement, not an asserted ruling. Extract and approve the madhhab-specific proposition later."
FQ-HAID-018-HNB,FIQH,HAID,Prolonged bleeding beyond maximum,How should bleeding beyond the madhhab's Haid limit be classified?,hanbali,bleeding/tahara/nifas/istihada as relevant,FQ-HNB-BUHUTI,كتاب الطهارة → باب الحيض والاستحاضة والنفاس,FQ-HNB-IBNQUDAMA,كتاب الطهارة → باب الحيض,FQ-COMP-KUWAIT,Qualified Hanbali scholar,A: madhhab text + qualified scholar; B: comparative encyclopedia,Do not publish a ruling until scholar-approved wording + exact locator are recorded,SOURCE_CANDIDATES_IDENTIFIED,"This row is a knowledge requirement, not an asserted ruling. Extract and approve the madhhab-specific proposition later."
FQ-HAID-019-HNF,FIQH,HAID,Conflicting evidence,"When habit, timing and blood characteristics conflict, which evidence controls classification?",hanafi,bleeding/tahara/nifas/istihada as relevant,FQ-HNF-IBNABIDIN,كتاب الطهارة → باب الحيض,FQ-HNF-KASANI,كتاب الطهارة → باب الحيض,FQ-COMP-KUWAIT,Qualified Hanafi scholar,A: madhhab text + qualified scholar; B: comparative encyclopedia,Do not publish a ruling until scholar-approved wording + exact locator are recorded,SOURCE_CANDIDATES_IDENTIFIED,"This row is a knowledge requirement, not an asserted ruling. Extract and approve the madhhab-specific proposition later."
FQ-HAID-019-MLK,FIQH,HAID,Conflicting evidence,"When habit, timing and blood characteristics conflict, which evidence controls classification?",maliki,bleeding/tahara/nifas/istihada as relevant,FQ-MLK-DASUQI,كتاب الطهارة → مباحث الحيض والاستحاضة والنفاس,FQ-MLK-HATTAB,كتاب الطهارة → مباحث الحيض والاستحاضة والنفاس,FQ-COMP-KUWAIT,Qualified Maliki scholar,A: madhhab text + qualified scholar; B: comparative encyclopedia,Do not publish a ruling until scholar-approved wording + exact locator are recorded,SOURCE_CANDIDATES_IDENTIFIED,"This row is a knowledge requirement, not an asserted ruling. Extract and approve the madhhab-specific proposition later."
FQ-HAID-019-SHF,FIQH,HAID,Conflicting evidence,"When habit, timing and blood characteristics conflict, which evidence controls classification?",shafii,bleeding/tahara/nifas/istihada as relevant,FQ-SHF-SHIRBINI,كتاب الطهارة → باب الحيض وما يذكر معه من الاستحاضة,FQ-SHF-NAWAWI,كتاب الطهارة → باب الحيض,FQ-COMP-KUWAIT,Qualified Shafi'i scholar,A: madhhab text + qualified scholar; B: comparative encyclopedia,Do not publish a ruling until scholar-approved wording + exact locator are recorded,SOURCE_CANDIDATES_IDENTIFIED,"This row is a knowledge requirement, not an asserted ruling. Extract and approve the madhhab-specific proposition later."
FQ-HAID-019-HNB,FIQH,HAID,Conflicting evidence,"When habit, timing and blood characteristics conflict, which evidence controls classification?",hanbali,bleeding/tahara/nifas/istihada as relevant,FQ-HNB-BUHUTI,كتاب الطهارة → باب الحيض والاستحاضة والنفاس,FQ-HNB-IBNQUDAMA,كتاب الطهارة → باب الحيض,FQ-COMP-KUWAIT,Qualified Hanbali scholar,A: madhhab text + qualified scholar; B: comparative encyclopedia,Do not publish a ruling until scholar-approved wording + exact locator are recorded,SOURCE_CANDIDATES_IDENTIFIED,"This row is a knowledge requirement, not an asserted ruling. Extract and approve the madhhab-specific proposition later."
FQ-ISTIHADA-020-HNF,FIQH,ISTIHADA,Definition / classification,What makes bleeding Istihada rather than Haid or Nifas?,hanafi,bleeding/tahara/nifas/istihada as relevant,FQ-HNF-IBNABIDIN,كتاب الطهارة → باب الحيض,FQ-HNF-KASANI,كتاب الطهارة → باب الحيض,FQ-COMP-KUWAIT,Qualified Hanafi scholar,A: madhhab text + qualified scholar; B: comparative encyclopedia,Do not publish a ruling until scholar-approved wording + exact locator are recorded,SOURCE_CANDIDATES_IDENTIFIED,"This row is a knowledge requirement, not an asserted ruling. Extract and approve the madhhab-specific proposition later."
FQ-ISTIHADA-020-MLK,FIQH,ISTIHADA,Definition / classification,What makes bleeding Istihada rather than Haid or Nifas?,maliki,bleeding/tahara/nifas/istihada as relevant,FQ-MLK-DASUQI,كتاب الطهارة → مباحث الحيض والاستحاضة والنفاس,FQ-MLK-HATTAB,كتاب الطهارة → مباحث الحيض والاستحاضة والنفاس,FQ-COMP-KUWAIT,Qualified Maliki scholar,A: madhhab text + qualified scholar; B: comparative encyclopedia,Do not publish a ruling until scholar-approved wording + exact locator are recorded,SOURCE_CANDIDATES_IDENTIFIED,"This row is a knowledge requirement, not an asserted ruling. Extract and approve the madhhab-specific proposition later."
FQ-ISTIHADA-020-SHF,FIQH,ISTIHADA,Definition / classification,What makes bleeding Istihada rather than Haid or Nifas?,shafii,bleeding/tahara/nifas/istihada as relevant,FQ-SHF-SHIRBINI,كتاب الطهارة → باب الحيض وما يذكر معه من الاستحاضة,FQ-SHF-NAWAWI,كتاب الطهارة → باب الحيض,FQ-COMP-KUWAIT,Qualified Shafi'i scholar,A: madhhab text + qualified scholar; B: comparative encyclopedia,Do not publish a ruling until scholar-approved wording + exact locator are recorded,SOURCE_CANDIDATES_IDENTIFIED,"This row is a knowledge requirement, not an asserted ruling. Extract and approve the madhhab-specific proposition later."
FQ-ISTIHADA-020-HNB,FIQH,ISTIHADA,Definition / classification,What makes bleeding Istihada rather than Haid or Nifas?,hanbali,bleeding/tahara/nifas/istihada as relevant,FQ-HNB-BUHUTI,كتاب الطهارة → باب الحيض والاستحاضة والنفاس,FQ-HNB-IBNQUDAMA,كتاب الطهارة → باب الحيض,FQ-COMP-KUWAIT,Qualified Hanbali scholar,A: madhhab text + qualified scholar; B: comparative encyclopedia,Do not publish a ruling until scholar-approved wording + exact locator are recorded,SOURCE_CANDIDATES_IDENTIFIED,"This row is a knowledge requirement, not an asserted ruling. Extract and approve the madhhab-specific proposition later."
FQ-ISTIHADA-021-HNF,FIQH,ISTIHADA,Known habit + prolonged bleeding,How is prolonged bleeding handled when the woman has an established habit?,hanafi,bleeding/tahara/nifas/istihada as relevant,FQ-HNF-IBNABIDIN,كتاب الطهارة → باب الحيض,FQ-HNF-KASANI,كتاب الطهارة → باب الحيض,FQ-COMP-KUWAIT,Qualified Hanafi scholar,A: madhhab text + qualified scholar; B: comparative encyclopedia,Do not publish a ruling until scholar-approved wording + exact locator are recorded,SOURCE_CANDIDATES_IDENTIFIED,"This row is a knowledge requirement, not an asserted ruling. Extract and approve the madhhab-specific proposition later."
FQ-ISTIHADA-021-MLK,FIQH,ISTIHADA,Known habit + prolonged bleeding,How is prolonged bleeding handled when the woman has an established habit?,maliki,bleeding/tahara/nifas/istihada as relevant,FQ-MLK-DASUQI,كتاب الطهارة → مباحث الحيض والاستحاضة والنفاس,FQ-MLK-HATTAB,كتاب الطهارة → مباحث الحيض والاستحاضة والنفاس,FQ-COMP-KUWAIT,Qualified Maliki scholar,A: madhhab text + qualified scholar; B: comparative encyclopedia,Do not publish a ruling until scholar-approved wording + exact locator are recorded,SOURCE_CANDIDATES_IDENTIFIED,"This row is a knowledge requirement, not an asserted ruling. Extract and approve the madhhab-specific proposition later."
FQ-ISTIHADA-021-SHF,FIQH,ISTIHADA,Known habit + prolonged bleeding,How is prolonged bleeding handled when the woman has an established habit?,shafii,bleeding/tahara/nifas/istihada as relevant,FQ-SHF-SHIRBINI,كتاب الطهارة → باب الحيض وما يذكر معه من الاستحاضة,FQ-SHF-NAWAWI,كتاب الطهارة → باب الحيض,FQ-COMP-KUWAIT,Qualified Shafi'i scholar,A: madhhab text + qualified scholar; B: comparative encyclopedia,Do not publish a ruling until scholar-approved wording + exact locator are recorded,SOURCE_CANDIDATES_IDENTIFIED,"This row is a knowledge requirement, not an asserted ruling. Extract and approve the madhhab-specific proposition later."
FQ-ISTIHADA-021-HNB,FIQH,ISTIHADA,Known habit + prolonged bleeding,How is prolonged bleeding handled when the woman has an established habit?,hanbali,bleeding/tahara/nifas/istihada as relevant,FQ-HNB-BUHUTI,كتاب الطهارة → باب الحيض والاستحاضة والنفاس,FQ-HNB-IBNQUDAMA,كتاب الطهارة → باب الحيض,FQ-COMP-KUWAIT,Qualified Hanbali scholar,A: madhhab text + qualified scholar; B: comparative encyclopedia,Do not publish a ruling until scholar-approved wording + exact locator are recorded,SOURCE_CANDIDATES_IDENTIFIED,"This row is a knowledge requirement, not an asserted ruling. Extract and approve the madhhab-specific proposition later."
FQ-ISTIHADA-022-HNF,FIQH,ISTIHADA,Tamyiz / distinguishable blood,How does distinguishable blood characteristic evidence affect classification?,hanafi,bleeding/tahara/nifas/istihada as relevant,FQ-HNF-IBNABIDIN,كتاب الطهارة → باب الحيض,FQ-HNF-KASANI,كتاب الطهارة → باب الحيض,FQ-COMP-KUWAIT,Qualified Hanafi scholar,A: madhhab text + qualified scholar; B: comparative encyclopedia,Do not publish a ruling until scholar-approved wording + exact locator are recorded,SOURCE_CANDIDATES_IDENTIFIED,"This row is a knowledge requirement, not an asserted ruling. Extract and approve the madhhab-specific proposition later."
FQ-ISTIHADA-022-MLK,FIQH,ISTIHADA,Tamyiz / distinguishable blood,How does distinguishable blood characteristic evidence affect classification?,maliki,bleeding/tahara/nifas/istihada as relevant,FQ-MLK-DASUQI,كتاب الطهارة → مباحث الحيض والاستحاضة والنفاس,FQ-MLK-HATTAB,كتاب الطهارة → مباحث الحيض والاستحاضة والنفاس,FQ-COMP-KUWAIT,Qualified Maliki scholar,A: madhhab text + qualified scholar; B: comparative encyclopedia,Do not publish a ruling until scholar-approved wording + exact locator are recorded,SOURCE_CANDIDATES_IDENTIFIED,"This row is a knowledge requirement, not an asserted ruling. Extract and approve the madhhab-specific proposition later."
FQ-ISTIHADA-022-SHF,FIQH,ISTIHADA,Tamyiz / distinguishable blood,How does distinguishable blood characteristic evidence affect classification?,shafii,bleeding/tahara/nifas/istihada as relevant,FQ-SHF-SHIRBINI,كتاب الطهارة → باب الحيض وما يذكر معه من الاستحاضة,FQ-SHF-NAWAWI,كتاب الطهارة → باب الحيض,FQ-COMP-KUWAIT,Qualified Shafi'i scholar,A: madhhab text + qualified scholar; B: comparative encyclopedia,Do not publish a ruling until scholar-approved wording + exact locator are recorded,SOURCE_CANDIDATES_IDENTIFIED,"This row is a knowledge requirement, not an asserted ruling. Extract and approve the madhhab-specific proposition later."
FQ-ISTIHADA-022-HNB,FIQH,ISTIHADA,Tamyiz / distinguishable blood,How does distinguishable blood characteristic evidence affect classification?,hanbali,bleeding/tahara/nifas/istihada as relevant,FQ-HNB-BUHUTI,كتاب الطهارة → باب الحيض والاستحاضة والنفاس,FQ-HNB-IBNQUDAMA,كتاب الطهارة → باب الحيض,FQ-COMP-KUWAIT,Qualified Hanbali scholar,A: madhhab text + qualified scholar; B: comparative encyclopedia,Do not publish a ruling until scholar-approved wording + exact locator are recorded,SOURCE_CANDIDATES_IDENTIFIED,"This row is a knowledge requirement, not an asserted ruling. Extract and approve the madhhab-specific proposition later."
FQ-ISTIHADA-023-HNF,FIQH,ISTIHADA,No habit / no distinction,How is a confused case handled when there is neither a reliable habit nor usable distinction?,hanafi,bleeding/tahara/nifas/istihada as relevant,FQ-HNF-IBNABIDIN,كتاب الطهارة → باب الحيض,FQ-HNF-KASANI,كتاب الطهارة → باب الحيض,FQ-COMP-KUWAIT,Qualified Hanafi scholar,A: madhhab text + qualified scholar; B: comparative encyclopedia,Do not publish a ruling until scholar-approved wording + exact locator are recorded,SOURCE_CANDIDATES_IDENTIFIED,"This row is a knowledge requirement, not an asserted ruling. Extract and approve the madhhab-specific proposition later."
FQ-ISTIHADA-023-MLK,FIQH,ISTIHADA,No habit / no distinction,How is a confused case handled when there is neither a reliable habit nor usable distinction?,maliki,bleeding/tahara/nifas/istihada as relevant,FQ-MLK-DASUQI,كتاب الطهارة → مباحث الحيض والاستحاضة والنفاس,FQ-MLK-HATTAB,كتاب الطهارة → مباحث الحيض والاستحاضة والنفاس,FQ-COMP-KUWAIT,Qualified Maliki scholar,A: madhhab text + qualified scholar; B: comparative encyclopedia,Do not publish a ruling until scholar-approved wording + exact locator are recorded,SOURCE_CANDIDATES_IDENTIFIED,"This row is a knowledge requirement, not an asserted ruling. Extract and approve the madhhab-specific proposition later."
FQ-ISTIHADA-023-SHF,FIQH,ISTIHADA,No habit / no distinction,How is a confused case handled when there is neither a reliable habit nor usable distinction?,shafii,bleeding/tahara/nifas/istihada as relevant,FQ-SHF-SHIRBINI,كتاب الطهارة → باب الحيض وما يذكر معه من الاستحاضة,FQ-SHF-NAWAWI,كتاب الطهارة → باب الحيض,FQ-COMP-KUWAIT,Qualified Shafi'i scholar,A: madhhab text + qualified scholar; B: comparative encyclopedia,Do not publish a ruling until scholar-approved wording + exact locator are recorded,SOURCE_CANDIDATES_IDENTIFIED,"This row is a knowledge requirement, not an asserted ruling. Extract and approve the madhhab-specific proposition later."
FQ-ISTIHADA-023-HNB,FIQH,ISTIHADA,No habit / no distinction,How is a confused case handled when there is neither a reliable habit nor usable distinction?,hanbali,bleeding/tahara/nifas/istihada as relevant,FQ-HNB-BUHUTI,كتاب الطهارة → باب الحيض والاستحاضة والنفاس,FQ-HNB-IBNQUDAMA,كتاب الطهارة → باب الحيض,FQ-COMP-KUWAIT,Qualified Hanbali scholar,A: madhhab text + qualified scholar; B: comparative encyclopedia,Do not publish a ruling until scholar-approved wording + exact locator are recorded,SOURCE_CANDIDATES_IDENTIFIED,"This row is a knowledge requirement, not an asserted ruling. Extract and approve the madhhab-specific proposition later."
FQ-ISTIHADA-024-HNF,FIQH,ISTIHADA,Prayer obligation,What is the prayer status of a woman classified as having Istihada?,hanafi,bleeding/tahara/nifas/istihada as relevant,FQ-HNF-IBNABIDIN,كتاب الطهارة → باب الحيض؛ راجع أيضًا كتاب الصلاة,FQ-HNF-KASANI,كتاب الطهارة → باب الحيض؛ راجع أيضًا كتاب الصلاة,FQ-COMP-KUWAIT,Qualified Hanafi scholar,A: madhhab text + qualified scholar; B: comparative encyclopedia,Do not publish a ruling until scholar-approved wording + exact locator are recorded,SOURCE_CANDIDATES_IDENTIFIED,"This row is a knowledge requirement, not an asserted ruling. Extract and approve the madhhab-specific proposition later."
FQ-ISTIHADA-024-MLK,FIQH,ISTIHADA,Prayer obligation,What is the prayer status of a woman classified as having Istihada?,maliki,bleeding/tahara/nifas/istihada as relevant,FQ-MLK-DASUQI,كتاب الطهارة → مباحث الحيض والاستحاضة والنفاس؛ راجع أيضًا كتاب الصلاة,FQ-MLK-HATTAB,كتاب الطهارة → مباحث الحيض والاستحاضة والنفاس؛ راجع أيضًا كتاب الصلاة,FQ-COMP-KUWAIT,Qualified Maliki scholar,A: madhhab text + qualified scholar; B: comparative encyclopedia,Do not publish a ruling until scholar-approved wording + exact locator are recorded,SOURCE_CANDIDATES_IDENTIFIED,"This row is a knowledge requirement, not an asserted ruling. Extract and approve the madhhab-specific proposition later."
FQ-ISTIHADA-024-SHF,FIQH,ISTIHADA,Prayer obligation,What is the prayer status of a woman classified as having Istihada?,shafii,bleeding/tahara/nifas/istihada as relevant,FQ-SHF-SHIRBINI,كتاب الطهارة → باب الحيض وما يذكر معه من الاستحاضة؛ راجع أيضًا كتاب الصلاة,FQ-SHF-NAWAWI,كتاب الطهارة → باب الحيض؛ راجع أيضًا كتاب الصلاة,FQ-COMP-KUWAIT,Qualified Shafi'i scholar,A: madhhab text + qualified scholar; B: comparative encyclopedia,Do not publish a ruling until scholar-approved wording + exact locator are recorded,SOURCE_CANDIDATES_IDENTIFIED,"This row is a knowledge requirement, not an asserted ruling. Extract and approve the madhhab-specific proposition later."
FQ-ISTIHADA-024-HNB,FIQH,ISTIHADA,Prayer obligation,What is the prayer status of a woman classified as having Istihada?,hanbali,bleeding/tahara/nifas/istihada as relevant,FQ-HNB-BUHUTI,كتاب الطهارة → باب الحيض والاستحاضة والنفاس؛ راجع أيضًا كتاب الصلاة,FQ-HNB-IBNQUDAMA,كتاب الطهارة → باب الحيض؛ راجع أيضًا كتاب الصلاة,FQ-COMP-KUWAIT,Qualified Hanbali scholar,A: madhhab text + qualified scholar; B: comparative encyclopedia,Do not publish a ruling until scholar-approved wording + exact locator are recorded,SOURCE_CANDIDATES_IDENTIFIED,"This row is a knowledge requirement, not an asserted ruling. Extract and approve the madhhab-specific proposition later."
FQ-ISTIHADA-025-HNF,FIQH,ISTIHADA,Purification for prayer,What wudu/cleaning requirements apply to ongoing Istihada for prayer?,hanafi,bleeding/tahara/nifas/istihada as relevant,FQ-HNF-IBNABIDIN,كتاب الطهارة → باب الحيض؛ راجع أيضًا كتاب الصلاة,FQ-HNF-KASANI,كتاب الطهارة → باب الحيض؛ راجع أيضًا كتاب الصلاة,FQ-COMP-KUWAIT,Qualified Hanafi scholar,A: madhhab text + qualified scholar; B: comparative encyclopedia,Do not publish a ruling until scholar-approved wording + exact locator are recorded,SOURCE_CANDIDATES_IDENTIFIED,"This row is a knowledge requirement, not an asserted ruling. Extract and approve the madhhab-specific proposition later."
FQ-ISTIHADA-025-MLK,FIQH,ISTIHADA,Purification for prayer,What wudu/cleaning requirements apply to ongoing Istihada for prayer?,maliki,bleeding/tahara/nifas/istihada as relevant,FQ-MLK-DASUQI,كتاب الطهارة → مباحث الحيض والاستحاضة والنفاس؛ راجع أيضًا كتاب الصلاة,FQ-MLK-HATTAB,كتاب الطهارة → مباحث الحيض والاستحاضة والنفاس؛ راجع أيضًا كتاب الصلاة,FQ-COMP-KUWAIT,Qualified Maliki scholar,A: madhhab text + qualified scholar; B: comparative encyclopedia,Do not publish a ruling until scholar-approved wording + exact locator are recorded,SOURCE_CANDIDATES_IDENTIFIED,"This row is a knowledge requirement, not an asserted ruling. Extract and approve the madhhab-specific proposition later."
FQ-ISTIHADA-025-SHF,FIQH,ISTIHADA,Purification for prayer,What wudu/cleaning requirements apply to ongoing Istihada for prayer?,shafii,bleeding/tahara/nifas/istihada as relevant,FQ-SHF-SHIRBINI,كتاب الطهارة → باب الحيض وما يذكر معه من الاستحاضة؛ راجع أيضًا كتاب الصلاة,FQ-SHF-NAWAWI,كتاب الطهارة → باب الحيض؛ راجع أيضًا كتاب الصلاة,FQ-COMP-KUWAIT,Qualified Shafi'i scholar,A: madhhab text + qualified scholar; B: comparative encyclopedia,Do not publish a ruling until scholar-approved wording + exact locator are recorded,SOURCE_CANDIDATES_IDENTIFIED,"This row is a knowledge requirement, not an asserted ruling. Extract and approve the madhhab-specific proposition later."
FQ-ISTIHADA-025-HNB,FIQH,ISTIHADA,Purification for prayer,What wudu/cleaning requirements apply to ongoing Istihada for prayer?,hanbali,bleeding/tahara/nifas/istihada as relevant,FQ-HNB-BUHUTI,كتاب الطهارة → باب الحيض والاستحاضة والنفاس؛ راجع أيضًا كتاب الصلاة,FQ-HNB-IBNQUDAMA,كتاب الطهارة → باب الحيض؛ راجع أيضًا كتاب الصلاة,FQ-COMP-KUWAIT,Qualified Hanbali scholar,A: madhhab text + qualified scholar; B: comparative encyclopedia,Do not publish a ruling until scholar-approved wording + exact locator are recorded,SOURCE_CANDIDATES_IDENTIFIED,"This row is a knowledge requirement, not an asserted ruling. Extract and approve the madhhab-specific proposition later."
FQ-ISTIHADA-026-HNF,FIQH,ISTIHADA,Fasting,What is the fasting status during Istihada?,hanafi,bleeding/tahara/nifas/istihada as relevant,FQ-HNF-IBNABIDIN,كتاب الطهارة → باب الحيض؛ راجع أيضًا كتاب الصوم,FQ-HNF-KASANI,كتاب الطهارة → باب الحيض؛ راجع أيضًا كتاب الصوم,FQ-COMP-KUWAIT,Qualified Hanafi scholar,A: madhhab text + qualified scholar; B: comparative encyclopedia,Do not publish a ruling until scholar-approved wording + exact locator are recorded,SOURCE_CANDIDATES_IDENTIFIED,"This row is a knowledge requirement, not an asserted ruling. Extract and approve the madhhab-specific proposition later."
FQ-ISTIHADA-026-MLK,FIQH,ISTIHADA,Fasting,What is the fasting status during Istihada?,maliki,bleeding/tahara/nifas/istihada as relevant,FQ-MLK-DASUQI,كتاب الطهارة → مباحث الحيض والاستحاضة والنفاس؛ راجع أيضًا كتاب الصوم,FQ-MLK-HATTAB,كتاب الطهارة → مباحث الحيض والاستحاضة والنفاس؛ راجع أيضًا كتاب الصوم,FQ-COMP-KUWAIT,Qualified Maliki scholar,A: madhhab text + qualified scholar; B: comparative encyclopedia,Do not publish a ruling until scholar-approved wording + exact locator are recorded,SOURCE_CANDIDATES_IDENTIFIED,"This row is a knowledge requirement, not an asserted ruling. Extract and approve the madhhab-specific proposition later."
FQ-ISTIHADA-026-SHF,FIQH,ISTIHADA,Fasting,What is the fasting status during Istihada?,shafii,bleeding/tahara/nifas/istihada as relevant,FQ-SHF-SHIRBINI,كتاب الطهارة → باب الحيض وما يذكر معه من الاستحاضة؛ راجع أيضًا كتاب الصوم,FQ-SHF-NAWAWI,كتاب الطهارة → باب الحيض؛ راجع أيضًا كتاب الصوم,FQ-COMP-KUWAIT,Qualified Shafi'i scholar,A: madhhab text + qualified scholar; B: comparative encyclopedia,Do not publish a ruling until scholar-approved wording + exact locator are recorded,SOURCE_CANDIDATES_IDENTIFIED,"This row is a knowledge requirement, not an asserted ruling. Extract and approve the madhhab-specific proposition later."
FQ-ISTIHADA-026-HNB,FIQH,ISTIHADA,Fasting,What is the fasting status during Istihada?,hanbali,bleeding/tahara/nifas/istihada as relevant,FQ-HNB-BUHUTI,كتاب الطهارة → باب الحيض والاستحاضة والنفاس؛ راجع أيضًا كتاب الصوم,FQ-HNB-IBNQUDAMA,كتاب الطهارة → باب الحيض؛ راجع أيضًا كتاب الصوم,FQ-COMP-KUWAIT,Qualified Hanbali scholar,A: madhhab text + qualified scholar; B: comparative encyclopedia,Do not publish a ruling until scholar-approved wording + exact locator are recorded,SOURCE_CANDIDATES_IDENTIFIED,"This row is a knowledge requirement, not an asserted ruling. Extract and approve the madhhab-specific proposition later."
FQ-ISTIHADA-027-HNF,FIQH,ISTIHADA,Ghusl,When is Ghusl required for a woman with ongoing Istihada?,hanafi,bleeding/tahara/nifas/istihada as relevant,FQ-HNF-IBNABIDIN,كتاب الطهارة → باب الحيض؛ راجع أيضًا باب الغسل,FQ-HNF-KASANI,كتاب الطهارة → باب الحيض؛ راجع أيضًا باب الغسل,FQ-COMP-KUWAIT,Qualified Hanafi scholar,A: madhhab text + qualified scholar; B: comparative encyclopedia,Do not publish a ruling until scholar-approved wording + exact locator are recorded,SOURCE_CANDIDATES_IDENTIFIED,"This row is a knowledge requirement, not an asserted ruling. Extract and approve the madhhab-specific proposition later."
FQ-ISTIHADA-027-MLK,FIQH,ISTIHADA,Ghusl,When is Ghusl required for a woman with ongoing Istihada?,maliki,bleeding/tahara/nifas/istihada as relevant,FQ-MLK-DASUQI,كتاب الطهارة → مباحث الحيض والاستحاضة والنفاس؛ راجع أيضًا باب الغسل,FQ-MLK-HATTAB,كتاب الطهارة → مباحث الحيض والاستحاضة والنفاس؛ راجع أيضًا باب الغسل,FQ-COMP-KUWAIT,Qualified Maliki scholar,A: madhhab text + qualified scholar; B: comparative encyclopedia,Do not publish a ruling until scholar-approved wording + exact locator are recorded,SOURCE_CANDIDATES_IDENTIFIED,"This row is a knowledge requirement, not an asserted ruling. Extract and approve the madhhab-specific proposition later."
FQ-ISTIHADA-027-SHF,FIQH,ISTIHADA,Ghusl,When is Ghusl required for a woman with ongoing Istihada?,shafii,bleeding/tahara/nifas/istihada as relevant,FQ-SHF-SHIRBINI,كتاب الطهارة → باب الحيض وما يذكر معه من الاستحاضة؛ راجع أيضًا باب الغسل,FQ-SHF-NAWAWI,كتاب الطهارة → باب الحيض؛ راجع أيضًا باب الغسل,FQ-COMP-KUWAIT,Qualified Shafi'i scholar,A: madhhab text + qualified scholar; B: comparative encyclopedia,Do not publish a ruling until scholar-approved wording + exact locator are recorded,SOURCE_CANDIDATES_IDENTIFIED,"This row is a knowledge requirement, not an asserted ruling. Extract and approve the madhhab-specific proposition later."
FQ-ISTIHADA-027-HNB,FIQH,ISTIHADA,Ghusl,When is Ghusl required for a woman with ongoing Istihada?,hanbali,bleeding/tahara/nifas/istihada as relevant,FQ-HNB-BUHUTI,كتاب الطهارة → باب الحيض والاستحاضة والنفاس؛ راجع أيضًا باب الغسل,FQ-HNB-IBNQUDAMA,كتاب الطهارة → باب الحيض؛ راجع أيضًا باب الغسل,FQ-COMP-KUWAIT,Qualified Hanbali scholar,A: madhhab text + qualified scholar; B: comparative encyclopedia,Do not publish a ruling until scholar-approved wording + exact locator are recorded,SOURCE_CANDIDATES_IDENTIFIED,"This row is a knowledge requirement, not an asserted ruling. Extract and approve the madhhab-specific proposition later."
FQ-NIFAS-028-HNF,FIQH,NIFAS,Definition / start,What event starts Nifas and how is its start time determined?,hanafi,bleeding/tahara/nifas/istihada as relevant,FQ-HNF-IBNABIDIN,كتاب الطهارة → باب الحيض,FQ-HNF-KASANI,كتاب الطهارة → باب الحيض,FQ-COMP-KUWAIT,Qualified Hanafi scholar,A: madhhab text + qualified scholar; B: comparative encyclopedia,Do not publish a ruling until scholar-approved wording + exact locator are recorded,SOURCE_CANDIDATES_IDENTIFIED,"This row is a knowledge requirement, not an asserted ruling. Extract and approve the madhhab-specific proposition later."
FQ-NIFAS-028-MLK,FIQH,NIFAS,Definition / start,What event starts Nifas and how is its start time determined?,maliki,bleeding/tahara/nifas/istihada as relevant,FQ-MLK-DASUQI,كتاب الطهارة → مباحث الحيض والاستحاضة والنفاس,FQ-MLK-HATTAB,كتاب الطهارة → مباحث الحيض والاستحاضة والنفاس,FQ-COMP-KUWAIT,Qualified Maliki scholar,A: madhhab text + qualified scholar; B: comparative encyclopedia,Do not publish a ruling until scholar-approved wording + exact locator are recorded,SOURCE_CANDIDATES_IDENTIFIED,"This row is a knowledge requirement, not an asserted ruling. Extract and approve the madhhab-specific proposition later."
FQ-NIFAS-028-SHF,FIQH,NIFAS,Definition / start,What event starts Nifas and how is its start time determined?,shafii,bleeding/tahara/nifas/istihada as relevant,FQ-SHF-SHIRBINI,كتاب الطهارة → باب الحيض وما يذكر معه من الاستحاضة,FQ-SHF-NAWAWI,كتاب الطهارة → باب الحيض,FQ-COMP-KUWAIT,Qualified Shafi'i scholar,A: madhhab text + qualified scholar; B: comparative encyclopedia,Do not publish a ruling until scholar-approved wording + exact locator are recorded,SOURCE_CANDIDATES_IDENTIFIED,"This row is a knowledge requirement, not an asserted ruling. Extract and approve the madhhab-specific proposition later."
FQ-NIFAS-028-HNB,FIQH,NIFAS,Definition / start,What event starts Nifas and how is its start time determined?,hanbali,bleeding/tahara/nifas/istihada as relevant,FQ-HNB-BUHUTI,كتاب الطهارة → باب الحيض والاستحاضة والنفاس,FQ-HNB-IBNQUDAMA,كتاب الطهارة → باب الحيض,FQ-COMP-KUWAIT,Qualified Hanbali scholar,A: madhhab text + qualified scholar; B: comparative encyclopedia,Do not publish a ruling until scholar-approved wording + exact locator are recorded,SOURCE_CANDIDATES_IDENTIFIED,"This row is a knowledge requirement, not an asserted ruling. Extract and approve the madhhab-specific proposition later."
FQ-NIFAS-029-HNF,FIQH,NIFAS,Miscarriage / pregnancy loss,Under what pregnancy-loss conditions does postpartum bleeding count as Nifas?,hanafi,bleeding/tahara/nifas/istihada as relevant,FQ-HNF-IBNABIDIN,كتاب الطهارة → باب الحيض,FQ-HNF-KASANI,كتاب الطهارة → باب الحيض,FQ-COMP-KUWAIT,Qualified Hanafi scholar,A: madhhab text + qualified scholar; B: comparative encyclopedia,Do not publish a ruling until scholar-approved wording + exact locator are recorded,SOURCE_CANDIDATES_IDENTIFIED,"This row is a knowledge requirement, not an asserted ruling. Extract and approve the madhhab-specific proposition later."
FQ-NIFAS-029-MLK,FIQH,NIFAS,Miscarriage / pregnancy loss,Under what pregnancy-loss conditions does postpartum bleeding count as Nifas?,maliki,bleeding/tahara/nifas/istihada as relevant,FQ-MLK-DASUQI,كتاب الطهارة → مباحث الحيض والاستحاضة والنفاس,FQ-MLK-HATTAB,كتاب الطهارة → مباحث الحيض والاستحاضة والنفاس,FQ-COMP-KUWAIT,Qualified Maliki scholar,A: madhhab text + qualified scholar; B: comparative encyclopedia,Do not publish a ruling until scholar-approved wording + exact locator are recorded,SOURCE_CANDIDATES_IDENTIFIED,"This row is a knowledge requirement, not an asserted ruling. Extract and approve the madhhab-specific proposition later."
FQ-NIFAS-029-SHF,FIQH,NIFAS,Miscarriage / pregnancy loss,Under what pregnancy-loss conditions does postpartum bleeding count as Nifas?,shafii,bleeding/tahara/nifas/istihada as relevant,FQ-SHF-SHIRBINI,كتاب الطهارة → باب الحيض وما يذكر معه من الاستحاضة,FQ-SHF-NAWAWI,كتاب الطهارة → باب الحيض,FQ-COMP-KUWAIT,Qualified Shafi'i scholar,A: madhhab text + qualified scholar; B: comparative encyclopedia,Do not publish a ruling until scholar-approved wording + exact locator are recorded,SOURCE_CANDIDATES_IDENTIFIED,"This row is a knowledge requirement, not an asserted ruling. Extract and approve the madhhab-specific proposition later."
FQ-NIFAS-029-HNB,FIQH,NIFAS,Miscarriage / pregnancy loss,Under what pregnancy-loss conditions does postpartum bleeding count as Nifas?,hanbali,bleeding/tahara/nifas/istihada as relevant,FQ-HNB-BUHUTI,كتاب الطهارة → باب الحيض والاستحاضة والنفاس,FQ-HNB-IBNQUDAMA,كتاب الطهارة → باب الحيض,FQ-COMP-KUWAIT,Qualified Hanbali scholar,A: madhhab text + qualified scholar; B: comparative encyclopedia,Do not publish a ruling until scholar-approved wording + exact locator are recorded,SOURCE_CANDIDATES_IDENTIFIED,"This row is a knowledge requirement, not an asserted ruling. Extract and approve the madhhab-specific proposition later."
FQ-NIFAS-030-HNF,FIQH,NIFAS,Minimum duration,Does this madhhab recognize a minimum duration of Nifas?,hanafi,bleeding/tahara/nifas/istihada as relevant,FQ-HNF-IBNABIDIN,كتاب الطهارة → باب الحيض,FQ-HNF-KASANI,كتاب الطهارة → باب الحيض,FQ-COMP-KUWAIT,Qualified Hanafi scholar,A: madhhab text + qualified scholar; B: comparative encyclopedia,Do not publish a ruling until scholar-approved wording + exact locator are recorded,SOURCE_CANDIDATES_IDENTIFIED,"This row is a knowledge requirement, not an asserted ruling. Extract and approve the madhhab-specific proposition later."
FQ-NIFAS-030-MLK,FIQH,NIFAS,Minimum duration,Does this madhhab recognize a minimum duration of Nifas?,maliki,bleeding/tahara/nifas/istihada as relevant,FQ-MLK-DASUQI,كتاب الطهارة → مباحث الحيض والاستحاضة والنفاس,FQ-MLK-HATTAB,كتاب الطهارة → مباحث الحيض والاستحاضة والنفاس,FQ-COMP-KUWAIT,Qualified Maliki scholar,A: madhhab text + qualified scholar; B: comparative encyclopedia,Do not publish a ruling until scholar-approved wording + exact locator are recorded,SOURCE_CANDIDATES_IDENTIFIED,"This row is a knowledge requirement, not an asserted ruling. Extract and approve the madhhab-specific proposition later."
FQ-NIFAS-030-SHF,FIQH,NIFAS,Minimum duration,Does this madhhab recognize a minimum duration of Nifas?,shafii,bleeding/tahara/nifas/istihada as relevant,FQ-SHF-SHIRBINI,كتاب الطهارة → باب الحيض وما يذكر معه من الاستحاضة,FQ-SHF-NAWAWI,كتاب الطهارة → باب الحيض,FQ-COMP-KUWAIT,Qualified Shafi'i scholar,A: madhhab text + qualified scholar; B: comparative encyclopedia,Do not publish a ruling until scholar-approved wording + exact locator are recorded,SOURCE_CANDIDATES_IDENTIFIED,"This row is a knowledge requirement, not an asserted ruling. Extract and approve the madhhab-specific proposition later."
FQ-NIFAS-030-HNB,FIQH,NIFAS,Minimum duration,Does this madhhab recognize a minimum duration of Nifas?,hanbali,bleeding/tahara/nifas/istihada as relevant,FQ-HNB-BUHUTI,كتاب الطهارة → باب الحيض والاستحاضة والنفاس,FQ-HNB-IBNQUDAMA,كتاب الطهارة → باب الحيض,FQ-COMP-KUWAIT,Qualified Hanbali scholar,A: madhhab text + qualified scholar; B: comparative encyclopedia,Do not publish a ruling until scholar-approved wording + exact locator are recorded,SOURCE_CANDIDATES_IDENTIFIED,"This row is a knowledge requirement, not an asserted ruling. Extract and approve the madhhab-specific proposition later."
FQ-NIFAS-031-HNF,FIQH,NIFAS,Maximum duration,What is the maximum duration of Nifas?,hanafi,bleeding/tahara/nifas/istihada as relevant,FQ-HNF-IBNABIDIN,كتاب الطهارة → باب الحيض,FQ-HNF-KASANI,كتاب الطهارة → باب الحيض,FQ-COMP-KUWAIT,Qualified Hanafi scholar,A: madhhab text + qualified scholar; B: comparative encyclopedia,Do not publish a ruling until scholar-approved wording + exact locator are recorded,SOURCE_CANDIDATES_IDENTIFIED,"This row is a knowledge requirement, not an asserted ruling. Extract and approve the madhhab-specific proposition later."
FQ-NIFAS-031-MLK,FIQH,NIFAS,Maximum duration,What is the maximum duration of Nifas?,maliki,bleeding/tahara/nifas/istihada as relevant,FQ-MLK-DASUQI,كتاب الطهارة → مباحث الحيض والاستحاضة والنفاس,FQ-MLK-HATTAB,كتاب الطهارة → مباحث الحيض والاستحاضة والنفاس,FQ-COMP-KUWAIT,Qualified Maliki scholar,A: madhhab text + qualified scholar; B: comparative encyclopedia,Do not publish a ruling until scholar-approved wording + exact locator are recorded,SOURCE_CANDIDATES_IDENTIFIED,"This row is a knowledge requirement, not an asserted ruling. Extract and approve the madhhab-specific proposition later."
FQ-NIFAS-031-SHF,FIQH,NIFAS,Maximum duration,What is the maximum duration of Nifas?,shafii,bleeding/tahara/nifas/istihada as relevant,FQ-SHF-SHIRBINI,كتاب الطهارة → باب الحيض وما يذكر معه من الاستحاضة,FQ-SHF-NAWAWI,كتاب الطهارة → باب الحيض,FQ-COMP-KUWAIT,Qualified Shafi'i scholar,A: madhhab text + qualified scholar; B: comparative encyclopedia,Do not publish a ruling until scholar-approved wording + exact locator are recorded,SOURCE_CANDIDATES_IDENTIFIED,"This row is a knowledge requirement, not an asserted ruling. Extract and approve the madhhab-specific proposition later."
FQ-NIFAS-031-HNB,FIQH,NIFAS,Maximum duration,What is the maximum duration of Nifas?,hanbali,bleeding/tahara/nifas/istihada as relevant,FQ-HNB-BUHUTI,كتاب الطهارة → باب الحيض والاستحاضة والنفاس,FQ-HNB-IBNQUDAMA,كتاب الطهارة → باب الحيض,FQ-COMP-KUWAIT,Qualified Hanbali scholar,A: madhhab text + qualified scholar; B: comparative encyclopedia,Do not publish a ruling until scholar-approved wording + exact locator are recorded,SOURCE_CANDIDATES_IDENTIFIED,"This row is a knowledge requirement, not an asserted ruling. Extract and approve the madhhab-specific proposition later."
FQ-NIFAS-032-HNF,FIQH,NIFAS,Early cessation,What happens when postpartum bleeding stops before the maximum duration?,hanafi,bleeding/tahara/nifas/istihada as relevant,FQ-HNF-IBNABIDIN,كتاب الطهارة → باب الحيض,FQ-HNF-KASANI,كتاب الطهارة → باب الحيض,FQ-COMP-KUWAIT,Qualified Hanafi scholar,A: madhhab text + qualified scholar; B: comparative encyclopedia,Do not publish a ruling until scholar-approved wording + exact locator are recorded,SOURCE_CANDIDATES_IDENTIFIED,"This row is a knowledge requirement, not an asserted ruling. Extract and approve the madhhab-specific proposition later."
FQ-NIFAS-032-MLK,FIQH,NIFAS,Early cessation,What happens when postpartum bleeding stops before the maximum duration?,maliki,bleeding/tahara/nifas/istihada as relevant,FQ-MLK-DASUQI,كتاب الطهارة → مباحث الحيض والاستحاضة والنفاس,FQ-MLK-HATTAB,كتاب الطهارة → مباحث الحيض والاستحاضة والنفاس,FQ-COMP-KUWAIT,Qualified Maliki scholar,A: madhhab text + qualified scholar; B: comparative encyclopedia,Do not publish a ruling until scholar-approved wording + exact locator are recorded,SOURCE_CANDIDATES_IDENTIFIED,"This row is a knowledge requirement, not an asserted ruling. Extract and approve the madhhab-specific proposition later."
FQ-NIFAS-032-SHF,FIQH,NIFAS,Early cessation,What happens when postpartum bleeding stops before the maximum duration?,shafii,bleeding/tahara/nifas/istihada as relevant,FQ-SHF-SHIRBINI,كتاب الطهارة → باب الحيض وما يذكر معه من الاستحاضة,FQ-SHF-NAWAWI,كتاب الطهارة → باب الحيض,FQ-COMP-KUWAIT,Qualified Shafi'i scholar,A: madhhab text + qualified scholar; B: comparative encyclopedia,Do not publish a ruling until scholar-approved wording + exact locator are recorded,SOURCE_CANDIDATES_IDENTIFIED,"This row is a knowledge requirement, not an asserted ruling. Extract and approve the madhhab-specific proposition later."
FQ-NIFAS-032-HNB,FIQH,NIFAS,Early cessation,What happens when postpartum bleeding stops before the maximum duration?,hanbali,bleeding/tahara/nifas/istihada as relevant,FQ-HNB-BUHUTI,كتاب الطهارة → باب الحيض والاستحاضة والنفاس,FQ-HNB-IBNQUDAMA,كتاب الطهارة → باب الحيض,FQ-COMP-KUWAIT,Qualified Hanbali scholar,A: madhhab text + qualified scholar; B: comparative encyclopedia,Do not publish a ruling until scholar-approved wording + exact locator are recorded,SOURCE_CANDIDATES_IDENTIFIED,"This row is a knowledge requirement, not an asserted ruling. Extract and approve the madhhab-specific proposition later."
FQ-NIFAS-033-HNF,FIQH,NIFAS,Bleeding resumes within possible Nifas,How is resumed bleeding handled after temporary purity within the possible Nifas window?,hanafi,bleeding/tahara/nifas/istihada as relevant,FQ-HNF-IBNABIDIN,كتاب الطهارة → باب الحيض,FQ-HNF-KASANI,كتاب الطهارة → باب الحيض,FQ-COMP-KUWAIT,Qualified Hanafi scholar,A: madhhab text + qualified scholar; B: comparative encyclopedia,Do not publish a ruling until scholar-approved wording + exact locator are recorded,SOURCE_CANDIDATES_IDENTIFIED,"This row is a knowledge requirement, not an asserted ruling. Extract and approve the madhhab-specific proposition later."
FQ-NIFAS-033-MLK,FIQH,NIFAS,Bleeding resumes within possible Nifas,How is resumed bleeding handled after temporary purity within the possible Nifas window?,maliki,bleeding/tahara/nifas/istihada as relevant,FQ-MLK-DASUQI,كتاب الطهارة → مباحث الحيض والاستحاضة والنفاس,FQ-MLK-HATTAB,كتاب الطهارة → مباحث الحيض والاستحاضة والنفاس,FQ-COMP-KUWAIT,Qualified Maliki scholar,A: madhhab text + qualified scholar; B: comparative encyclopedia,Do not publish a ruling until scholar-approved wording + exact locator are recorded,SOURCE_CANDIDATES_IDENTIFIED,"This row is a knowledge requirement, not an asserted ruling. Extract and approve the madhhab-specific proposition later."
FQ-NIFAS-033-SHF,FIQH,NIFAS,Bleeding resumes within possible Nifas,How is resumed bleeding handled after temporary purity within the possible Nifas window?,shafii,bleeding/tahara/nifas/istihada as relevant,FQ-SHF-SHIRBINI,كتاب الطهارة → باب الحيض وما يذكر معه من الاستحاضة,FQ-SHF-NAWAWI,كتاب الطهارة → باب الحيض,FQ-COMP-KUWAIT,Qualified Shafi'i scholar,A: madhhab text + qualified scholar; B: comparative encyclopedia,Do not publish a ruling until scholar-approved wording + exact locator are recorded,SOURCE_CANDIDATES_IDENTIFIED,"This row is a knowledge requirement, not an asserted ruling. Extract and approve the madhhab-specific proposition later."
FQ-NIFAS-033-HNB,FIQH,NIFAS,Bleeding resumes within possible Nifas,How is resumed bleeding handled after temporary purity within the possible Nifas window?,hanbali,bleeding/tahara/nifas/istihada as relevant,FQ-HNB-BUHUTI,كتاب الطهارة → باب الحيض والاستحاضة والنفاس,FQ-HNB-IBNQUDAMA,كتاب الطهارة → باب الحيض,FQ-COMP-KUWAIT,Qualified Hanbali scholar,A: madhhab text + qualified scholar; B: comparative encyclopedia,Do not publish a ruling until scholar-approved wording + exact locator are recorded,SOURCE_CANDIDATES_IDENTIFIED,"This row is a knowledge requirement, not an asserted ruling. Extract and approve the madhhab-specific proposition later."
FQ-NIFAS-034-HNF,FIQH,NIFAS,Bleeding beyond maximum,How is postpartum bleeding beyond the Nifas maximum classified?,hanafi,bleeding/tahara/nifas/istihada as relevant,FQ-HNF-IBNABIDIN,كتاب الطهارة → باب الحيض,FQ-HNF-KASANI,كتاب الطهارة → باب الحيض,FQ-COMP-KUWAIT,Qualified Hanafi scholar,A: madhhab text + qualified scholar; B: comparative encyclopedia,Do not publish a ruling until scholar-approved wording + exact locator are recorded,SOURCE_CANDIDATES_IDENTIFIED,"This row is a knowledge requirement, not an asserted ruling. Extract and approve the madhhab-specific proposition later."
FQ-NIFAS-034-MLK,FIQH,NIFAS,Bleeding beyond maximum,How is postpartum bleeding beyond the Nifas maximum classified?,maliki,bleeding/tahara/nifas/istihada as relevant,FQ-MLK-DASUQI,كتاب الطهارة → مباحث الحيض والاستحاضة والنفاس,FQ-MLK-HATTAB,كتاب الطهارة → مباحث الحيض والاستحاضة والنفاس,FQ-COMP-KUWAIT,Qualified Maliki scholar,A: madhhab text + qualified scholar; B: comparative encyclopedia,Do not publish a ruling until scholar-approved wording + exact locator are recorded,SOURCE_CANDIDATES_IDENTIFIED,"This row is a knowledge requirement, not an asserted ruling. Extract and approve the madhhab-specific proposition later."
FQ-NIFAS-034-SHF,FIQH,NIFAS,Bleeding beyond maximum,How is postpartum bleeding beyond the Nifas maximum classified?,shafii,bleeding/tahara/nifas/istihada as relevant,FQ-SHF-SHIRBINI,كتاب الطهارة → باب الحيض وما يذكر معه من الاستحاضة,FQ-SHF-NAWAWI,كتاب الطهارة → باب الحيض,FQ-COMP-KUWAIT,Qualified Shafi'i scholar,A: madhhab text + qualified scholar; B: comparative encyclopedia,Do not publish a ruling until scholar-approved wording + exact locator are recorded,SOURCE_CANDIDATES_IDENTIFIED,"This row is a knowledge requirement, not an asserted ruling. Extract and approve the madhhab-specific proposition later."
FQ-NIFAS-034-HNB,FIQH,NIFAS,Bleeding beyond maximum,How is postpartum bleeding beyond the Nifas maximum classified?,hanbali,bleeding/tahara/nifas/istihada as relevant,FQ-HNB-BUHUTI,كتاب الطهارة → باب الحيض والاستحاضة والنفاس,FQ-HNB-IBNQUDAMA,كتاب الطهارة → باب الحيض,FQ-COMP-KUWAIT,Qualified Hanbali scholar,A: madhhab text + qualified scholar; B: comparative encyclopedia,Do not publish a ruling until scholar-approved wording + exact locator are recorded,SOURCE_CANDIDATES_IDENTIFIED,"This row is a knowledge requirement, not an asserted ruling. Extract and approve the madhhab-specific proposition later."
FQ-NIFAS-035-HNF,FIQH,NIFAS,Multiple births,How is Nifas timing handled in twin or multiple births?,hanafi,bleeding/tahara/nifas/istihada as relevant,FQ-HNF-IBNABIDIN,كتاب الطهارة → باب الحيض,FQ-HNF-KASANI,كتاب الطهارة → باب الحيض,FQ-COMP-KUWAIT,Qualified Hanafi scholar,A: madhhab text + qualified scholar; B: comparative encyclopedia,Do not publish a ruling until scholar-approved wording + exact locator are recorded,SOURCE_CANDIDATES_IDENTIFIED,"This row is a knowledge requirement, not an asserted ruling. Extract and approve the madhhab-specific proposition later."
FQ-NIFAS-035-MLK,FIQH,NIFAS,Multiple births,How is Nifas timing handled in twin or multiple births?,maliki,bleeding/tahara/nifas/istihada as relevant,FQ-MLK-DASUQI,كتاب الطهارة → مباحث الحيض والاستحاضة والنفاس,FQ-MLK-HATTAB,كتاب الطهارة → مباحث الحيض والاستحاضة والنفاس,FQ-COMP-KUWAIT,Qualified Maliki scholar,A: madhhab text + qualified scholar; B: comparative encyclopedia,Do not publish a ruling until scholar-approved wording + exact locator are recorded,SOURCE_CANDIDATES_IDENTIFIED,"This row is a knowledge requirement, not an asserted ruling. Extract and approve the madhhab-specific proposition later."
FQ-NIFAS-035-SHF,FIQH,NIFAS,Multiple births,How is Nifas timing handled in twin or multiple births?,shafii,bleeding/tahara/nifas/istihada as relevant,FQ-SHF-SHIRBINI,كتاب الطهارة → باب الحيض وما يذكر معه من الاستحاضة,FQ-SHF-NAWAWI,كتاب الطهارة → باب الحيض,FQ-COMP-KUWAIT,Qualified Shafi'i scholar,A: madhhab text + qualified scholar; B: comparative encyclopedia,Do not publish a ruling until scholar-approved wording + exact locator are recorded,SOURCE_CANDIDATES_IDENTIFIED,"This row is a knowledge requirement, not an asserted ruling. Extract and approve the madhhab-specific proposition later."
FQ-NIFAS-035-HNB,FIQH,NIFAS,Multiple births,How is Nifas timing handled in twin or multiple births?,hanbali,bleeding/tahara/nifas/istihada as relevant,FQ-HNB-BUHUTI,كتاب الطهارة → باب الحيض والاستحاضة والنفاس,FQ-HNB-IBNQUDAMA,كتاب الطهارة → باب الحيض,FQ-COMP-KUWAIT,Qualified Hanbali scholar,A: madhhab text + qualified scholar; B: comparative encyclopedia,Do not publish a ruling until scholar-approved wording + exact locator are recorded,SOURCE_CANDIDATES_IDENTIFIED,"This row is a knowledge requirement, not an asserted ruling. Extract and approve the madhhab-specific proposition later."
FQ-NIFAS-036-HNF,FIQH,NIFAS,Prayer and fasting effects,What are the effects of Nifas on Salah and fasting obligations?,hanafi,bleeding/tahara/nifas/istihada as relevant,FQ-HNF-IBNABIDIN,كتاب الطهارة → باب الحيض؛ راجع أيضًا كتاب الصلاة؛ راجع أيضًا كتاب الصوم,FQ-HNF-KASANI,كتاب الطهارة → باب الحيض؛ راجع أيضًا كتاب الصلاة؛ راجع أيضًا كتاب الصوم,FQ-COMP-KUWAIT,Qualified Hanafi scholar,A: madhhab text + qualified scholar; B: comparative encyclopedia,Do not publish a ruling until scholar-approved wording + exact locator are recorded,SOURCE_CANDIDATES_IDENTIFIED,"This row is a knowledge requirement, not an asserted ruling. Extract and approve the madhhab-specific proposition later."
FQ-NIFAS-036-MLK,FIQH,NIFAS,Prayer and fasting effects,What are the effects of Nifas on Salah and fasting obligations?,maliki,bleeding/tahara/nifas/istihada as relevant,FQ-MLK-DASUQI,كتاب الطهارة → مباحث الحيض والاستحاضة والنفاس؛ راجع أيضًا كتاب الصلاة؛ راجع أيضًا كتاب الصوم,FQ-MLK-HATTAB,كتاب الطهارة → مباحث الحيض والاستحاضة والنفاس؛ راجع أيضًا كتاب الصلاة؛ راجع أيضًا كتاب الصوم,FQ-COMP-KUWAIT,Qualified Maliki scholar,A: madhhab text + qualified scholar; B: comparative encyclopedia,Do not publish a ruling until scholar-approved wording + exact locator are recorded,SOURCE_CANDIDATES_IDENTIFIED,"This row is a knowledge requirement, not an asserted ruling. Extract and approve the madhhab-specific proposition later."
FQ-NIFAS-036-SHF,FIQH,NIFAS,Prayer and fasting effects,What are the effects of Nifas on Salah and fasting obligations?,shafii,bleeding/tahara/nifas/istihada as relevant,FQ-SHF-SHIRBINI,كتاب الطهارة → باب الحيض وما يذكر معه من الاستحاضة؛ راجع أيضًا كتاب الصلاة؛ راجع أيضًا كتاب الصوم,FQ-SHF-NAWAWI,كتاب الطهارة → باب الحيض؛ راجع أيضًا كتاب الصلاة؛ راجع أيضًا كتاب الصوم,FQ-COMP-KUWAIT,Qualified Shafi'i scholar,A: madhhab text + qualified scholar; B: comparative encyclopedia,Do not publish a ruling until scholar-approved wording + exact locator are recorded,SOURCE_CANDIDATES_IDENTIFIED,"This row is a knowledge requirement, not an asserted ruling. Extract and approve the madhhab-specific proposition later."
FQ-NIFAS-036-HNB,FIQH,NIFAS,Prayer and fasting effects,What are the effects of Nifas on Salah and fasting obligations?,hanbali,bleeding/tahara/nifas/istihada as relevant,FQ-HNB-BUHUTI,كتاب الطهارة → باب الحيض والاستحاضة والنفاس؛ راجع أيضًا كتاب الصلاة؛ راجع أيضًا كتاب الصوم,FQ-HNB-IBNQUDAMA,كتاب الطهارة → باب الحيض؛ راجع أيضًا كتاب الصلاة؛ راجع أيضًا كتاب الصوم,FQ-COMP-KUWAIT,Qualified Hanbali scholar,A: madhhab text + qualified scholar; B: comparative encyclopedia,Do not publish a ruling until scholar-approved wording + exact locator are recorded,SOURCE_CANDIDATES_IDENTIFIED,"This row is a knowledge requirement, not an asserted ruling. Extract and approve the madhhab-specific proposition later."
FQ-NIFAS-037-HNF,FIQH,NIFAS,Ghusl after Nifas,When does Ghusl become required after Nifas?,hanafi,bleeding/tahara/nifas/istihada as relevant,FQ-HNF-IBNABIDIN,كتاب الطهارة → باب الحيض؛ راجع أيضًا باب الغسل,FQ-HNF-KASANI,كتاب الطهارة → باب الحيض؛ راجع أيضًا باب الغسل,FQ-COMP-KUWAIT,Qualified Hanafi scholar,A: madhhab text + qualified scholar; B: comparative encyclopedia,Do not publish a ruling until scholar-approved wording + exact locator are recorded,SOURCE_CANDIDATES_IDENTIFIED,"This row is a knowledge requirement, not an asserted ruling. Extract and approve the madhhab-specific proposition later."
FQ-NIFAS-037-MLK,FIQH,NIFAS,Ghusl after Nifas,When does Ghusl become required after Nifas?,maliki,bleeding/tahara/nifas/istihada as relevant,FQ-MLK-DASUQI,كتاب الطهارة → مباحث الحيض والاستحاضة والنفاس؛ راجع أيضًا باب الغسل,FQ-MLK-HATTAB,كتاب الطهارة → مباحث الحيض والاستحاضة والنفاس؛ راجع أيضًا باب الغسل,FQ-COMP-KUWAIT,Qualified Maliki scholar,A: madhhab text + qualified scholar; B: comparative encyclopedia,Do not publish a ruling until scholar-approved wording + exact locator are recorded,SOURCE_CANDIDATES_IDENTIFIED,"This row is a knowledge requirement, not an asserted ruling. Extract and approve the madhhab-specific proposition later."
FQ-NIFAS-037-SHF,FIQH,NIFAS,Ghusl after Nifas,When does Ghusl become required after Nifas?,shafii,bleeding/tahara/nifas/istihada as relevant,FQ-SHF-SHIRBINI,كتاب الطهارة → باب الحيض وما يذكر معه من الاستحاضة؛ راجع أيضًا باب الغسل,FQ-SHF-NAWAWI,كتاب الطهارة → باب الحيض؛ راجع أيضًا باب الغسل,FQ-COMP-KUWAIT,Qualified Shafi'i scholar,A: madhhab text + qualified scholar; B: comparative encyclopedia,Do not publish a ruling until scholar-approved wording + exact locator are recorded,SOURCE_CANDIDATES_IDENTIFIED,"This row is a knowledge requirement, not an asserted ruling. Extract and approve the madhhab-specific proposition later."
FQ-NIFAS-037-HNB,FIQH,NIFAS,Ghusl after Nifas,When does Ghusl become required after Nifas?,hanbali,bleeding/tahara/nifas/istihada as relevant,FQ-HNB-BUHUTI,كتاب الطهارة → باب الحيض والاستحاضة والنفاس؛ راجع أيضًا باب الغسل,FQ-HNB-IBNQUDAMA,كتاب الطهارة → باب الحيض؛ راجع أيضًا باب الغسل,FQ-COMP-KUWAIT,Qualified Hanbali scholar,A: madhhab text + qualified scholar; B: comparative encyclopedia,Do not publish a ruling until scholar-approved wording + exact locator are recorded,SOURCE_CANDIDATES_IDENTIFIED,"This row is a knowledge requirement, not an asserted ruling. Extract and approve the madhhab-specific proposition later."
FQ-TRANSITION-038-HNF,FIQH,TRANSITION,Purity before prayer time ends,"If Tahara occurs before a prayer time ends, what prayer obligation follows?",hanafi,bleeding/tahara/nifas/istihada as relevant,FQ-HNF-IBNABIDIN,كتاب الطهارة → باب الحيض؛ راجع أيضًا كتاب الصلاة,FQ-HNF-KASANI,كتاب الطهارة → باب الحيض؛ راجع أيضًا كتاب الصلاة,FQ-COMP-KUWAIT,Qualified Hanafi scholar,A: madhhab text + qualified scholar; B: comparative encyclopedia,Do not publish a ruling until scholar-approved wording + exact locator are recorded,SOURCE_CANDIDATES_IDENTIFIED,"This row is a knowledge requirement, not an asserted ruling. Extract and approve the madhhab-specific proposition later."
FQ-TRANSITION-038-MLK,FIQH,TRANSITION,Purity before prayer time ends,"If Tahara occurs before a prayer time ends, what prayer obligation follows?",maliki,bleeding/tahara/nifas/istihada as relevant,FQ-MLK-DASUQI,كتاب الطهارة → مباحث الحيض والاستحاضة والنفاس؛ راجع أيضًا كتاب الصلاة,FQ-MLK-HATTAB,كتاب الطهارة → مباحث الحيض والاستحاضة والنفاس؛ راجع أيضًا كتاب الصلاة,FQ-COMP-KUWAIT,Qualified Maliki scholar,A: madhhab text + qualified scholar; B: comparative encyclopedia,Do not publish a ruling until scholar-approved wording + exact locator are recorded,SOURCE_CANDIDATES_IDENTIFIED,"This row is a knowledge requirement, not an asserted ruling. Extract and approve the madhhab-specific proposition later."
FQ-TRANSITION-038-SHF,FIQH,TRANSITION,Purity before prayer time ends,"If Tahara occurs before a prayer time ends, what prayer obligation follows?",shafii,bleeding/tahara/nifas/istihada as relevant,FQ-SHF-SHIRBINI,كتاب الطهارة → باب الحيض وما يذكر معه من الاستحاضة؛ راجع أيضًا كتاب الصلاة,FQ-SHF-NAWAWI,كتاب الطهارة → باب الحيض؛ راجع أيضًا كتاب الصلاة,FQ-COMP-KUWAIT,Qualified Shafi'i scholar,A: madhhab text + qualified scholar; B: comparative encyclopedia,Do not publish a ruling until scholar-approved wording + exact locator are recorded,SOURCE_CANDIDATES_IDENTIFIED,"This row is a knowledge requirement, not an asserted ruling. Extract and approve the madhhab-specific proposition later."
FQ-TRANSITION-038-HNB,FIQH,TRANSITION,Purity before prayer time ends,"If Tahara occurs before a prayer time ends, what prayer obligation follows?",hanbali,bleeding/tahara/nifas/istihada as relevant,FQ-HNB-BUHUTI,كتاب الطهارة → باب الحيض والاستحاضة والنفاس؛ راجع أيضًا كتاب الصلاة,FQ-HNB-IBNQUDAMA,كتاب الطهارة → باب الحيض؛ راجع أيضًا كتاب الصلاة,FQ-COMP-KUWAIT,Qualified Hanbali scholar,A: madhhab text + qualified scholar; B: comparative encyclopedia,Do not publish a ruling until scholar-approved wording + exact locator are recorded,SOURCE_CANDIDATES_IDENTIFIED,"This row is a knowledge requirement, not an asserted ruling. Extract and approve the madhhab-specific proposition later."
FQ-TRANSITION-039-HNF,FIQH,TRANSITION,Bleeding begins after prayer time enters,"If Haid begins after a prayer time has entered, is that prayer later owed?",hanafi,bleeding/tahara/nifas/istihada as relevant,FQ-HNF-IBNABIDIN,كتاب الطهارة → باب الحيض؛ راجع أيضًا كتاب الصلاة,FQ-HNF-KASANI,كتاب الطهارة → باب الحيض؛ راجع أيضًا كتاب الصلاة,FQ-COMP-KUWAIT,Qualified Hanafi scholar,A: madhhab text + qualified scholar; B: comparative encyclopedia,Do not publish a ruling until scholar-approved wording + exact locator are recorded,SOURCE_CANDIDATES_IDENTIFIED,"This row is a knowledge requirement, not an asserted ruling. Extract and approve the madhhab-specific proposition later."
FQ-TRANSITION-039-MLK,FIQH,TRANSITION,Bleeding begins after prayer time enters,"If Haid begins after a prayer time has entered, is that prayer later owed?",maliki,bleeding/tahara/nifas/istihada as relevant,FQ-MLK-DASUQI,كتاب الطهارة → مباحث الحيض والاستحاضة والنفاس؛ راجع أيضًا كتاب الصلاة,FQ-MLK-HATTAB,كتاب الطهارة → مباحث الحيض والاستحاضة والنفاس؛ راجع أيضًا كتاب الصلاة,FQ-COMP-KUWAIT,Qualified Maliki scholar,A: madhhab text + qualified scholar; B: comparative encyclopedia,Do not publish a ruling until scholar-approved wording + exact locator are recorded,SOURCE_CANDIDATES_IDENTIFIED,"This row is a knowledge requirement, not an asserted ruling. Extract and approve the madhhab-specific proposition later."
FQ-TRANSITION-039-SHF,FIQH,TRANSITION,Bleeding begins after prayer time enters,"If Haid begins after a prayer time has entered, is that prayer later owed?",shafii,bleeding/tahara/nifas/istihada as relevant,FQ-SHF-SHIRBINI,كتاب الطهارة → باب الحيض وما يذكر معه من الاستحاضة؛ راجع أيضًا كتاب الصلاة,FQ-SHF-NAWAWI,كتاب الطهارة → باب الحيض؛ راجع أيضًا كتاب الصلاة,FQ-COMP-KUWAIT,Qualified Shafi'i scholar,A: madhhab text + qualified scholar; B: comparative encyclopedia,Do not publish a ruling until scholar-approved wording + exact locator are recorded,SOURCE_CANDIDATES_IDENTIFIED,"This row is a knowledge requirement, not an asserted ruling. Extract and approve the madhhab-specific proposition later."
FQ-TRANSITION-039-HNB,FIQH,TRANSITION,Bleeding begins after prayer time enters,"If Haid begins after a prayer time has entered, is that prayer later owed?",hanbali,bleeding/tahara/nifas/istihada as relevant,FQ-HNB-BUHUTI,كتاب الطهارة → باب الحيض والاستحاضة والنفاس؛ راجع أيضًا كتاب الصلاة,FQ-HNB-IBNQUDAMA,كتاب الطهارة → باب الحيض؛ راجع أيضًا كتاب الصلاة,FQ-COMP-KUWAIT,Qualified Hanbali scholar,A: madhhab text + qualified scholar; B: comparative encyclopedia,Do not publish a ruling until scholar-approved wording + exact locator are recorded,SOURCE_CANDIDATES_IDENTIFIED,"This row is a knowledge requirement, not an asserted ruling. Extract and approve the madhhab-specific proposition later."
FQ-TRANSITION-040-HNF,FIQH,TRANSITION,Purity before Fajr,"If Tahara is established before Fajr, what is the fasting obligation for that day?",hanafi,bleeding/tahara/nifas/istihada as relevant,FQ-HNF-IBNABIDIN,كتاب الطهارة → باب الحيض,FQ-HNF-KASANI,كتاب الطهارة → باب الحيض,FQ-COMP-KUWAIT,Qualified Hanafi scholar,A: madhhab text + qualified scholar; B: comparative encyclopedia,Do not publish a ruling until scholar-approved wording + exact locator are recorded,SOURCE_CANDIDATES_IDENTIFIED,"This row is a knowledge requirement, not an asserted ruling. Extract and approve the madhhab-specific proposition later."
FQ-TRANSITION-040-MLK,FIQH,TRANSITION,Purity before Fajr,"If Tahara is established before Fajr, what is the fasting obligation for that day?",maliki,bleeding/tahara/nifas/istihada as relevant,FQ-MLK-DASUQI,كتاب الطهارة → مباحث الحيض والاستحاضة والنفاس,FQ-MLK-HATTAB,كتاب الطهارة → مباحث الحيض والاستحاضة والنفاس,FQ-COMP-KUWAIT,Qualified Maliki scholar,A: madhhab text + qualified scholar; B: comparative encyclopedia,Do not publish a ruling until scholar-approved wording + exact locator are recorded,SOURCE_CANDIDATES_IDENTIFIED,"This row is a knowledge requirement, not an asserted ruling. Extract and approve the madhhab-specific proposition later."
FQ-TRANSITION-040-SHF,FIQH,TRANSITION,Purity before Fajr,"If Tahara is established before Fajr, what is the fasting obligation for that day?",shafii,bleeding/tahara/nifas/istihada as relevant,FQ-SHF-SHIRBINI,كتاب الطهارة → باب الحيض وما يذكر معه من الاستحاضة,FQ-SHF-NAWAWI,كتاب الطهارة → باب الحيض,FQ-COMP-KUWAIT,Qualified Shafi'i scholar,A: madhhab text + qualified scholar; B: comparative encyclopedia,Do not publish a ruling until scholar-approved wording + exact locator are recorded,SOURCE_CANDIDATES_IDENTIFIED,"This row is a knowledge requirement, not an asserted ruling. Extract and approve the madhhab-specific proposition later."
FQ-TRANSITION-040-HNB,FIQH,TRANSITION,Purity before Fajr,"If Tahara is established before Fajr, what is the fasting obligation for that day?",hanbali,bleeding/tahara/nifas/istihada as relevant,FQ-HNB-BUHUTI,كتاب الطهارة → باب الحيض والاستحاضة والنفاس,FQ-HNB-IBNQUDAMA,كتاب الطهارة → باب الحيض,FQ-COMP-KUWAIT,Qualified Hanbali scholar,A: madhhab text + qualified scholar; B: comparative encyclopedia,Do not publish a ruling until scholar-approved wording + exact locator are recorded,SOURCE_CANDIDATES_IDENTIFIED,"This row is a knowledge requirement, not an asserted ruling. Extract and approve the madhhab-specific proposition later."
FQ-TRANSITION-041-HNF,FIQH,TRANSITION,Purity after Fajr,"If Tahara occurs after Fajr, how is that day's fast treated?",hanafi,bleeding/tahara/nifas/istihada as relevant,FQ-HNF-IBNABIDIN,كتاب الطهارة → باب الحيض,FQ-HNF-KASANI,كتاب الطهارة → باب الحيض,FQ-COMP-KUWAIT,Qualified Hanafi scholar,A: madhhab text + qualified scholar; B: comparative encyclopedia,Do not publish a ruling until scholar-approved wording + exact locator are recorded,SOURCE_CANDIDATES_IDENTIFIED,"This row is a knowledge requirement, not an asserted ruling. Extract and approve the madhhab-specific proposition later."
FQ-TRANSITION-041-MLK,FIQH,TRANSITION,Purity after Fajr,"If Tahara occurs after Fajr, how is that day's fast treated?",maliki,bleeding/tahara/nifas/istihada as relevant,FQ-MLK-DASUQI,كتاب الطهارة → مباحث الحيض والاستحاضة والنفاس,FQ-MLK-HATTAB,كتاب الطهارة → مباحث الحيض والاستحاضة والنفاس,FQ-COMP-KUWAIT,Qualified Maliki scholar,A: madhhab text + qualified scholar; B: comparative encyclopedia,Do not publish a ruling until scholar-approved wording + exact locator are recorded,SOURCE_CANDIDATES_IDENTIFIED,"This row is a knowledge requirement, not an asserted ruling. Extract and approve the madhhab-specific proposition later."
FQ-TRANSITION-041-SHF,FIQH,TRANSITION,Purity after Fajr,"If Tahara occurs after Fajr, how is that day's fast treated?",shafii,bleeding/tahara/nifas/istihada as relevant,FQ-SHF-SHIRBINI,كتاب الطهارة → باب الحيض وما يذكر معه من الاستحاضة,FQ-SHF-NAWAWI,كتاب الطهارة → باب الحيض,FQ-COMP-KUWAIT,Qualified Shafi'i scholar,A: madhhab text + qualified scholar; B: comparative encyclopedia,Do not publish a ruling until scholar-approved wording + exact locator are recorded,SOURCE_CANDIDATES_IDENTIFIED,"This row is a knowledge requirement, not an asserted ruling. Extract and approve the madhhab-specific proposition later."
FQ-TRANSITION-041-HNB,FIQH,TRANSITION,Purity after Fajr,"If Tahara occurs after Fajr, how is that day's fast treated?",hanbali,bleeding/tahara/nifas/istihada as relevant,FQ-HNB-BUHUTI,كتاب الطهارة → باب الحيض والاستحاضة والنفاس,FQ-HNB-IBNQUDAMA,كتاب الطهارة → باب الحيض,FQ-COMP-KUWAIT,Qualified Hanbali scholar,A: madhhab text + qualified scholar; B: comparative encyclopedia,Do not publish a ruling until scholar-approved wording + exact locator are recorded,SOURCE_CANDIDATES_IDENTIFIED,"This row is a knowledge requirement, not an asserted ruling. Extract and approve the madhhab-specific proposition later."
FQ-TRANSITION-042-HNF,FIQH,TRANSITION,Bleeding begins during a fast,"If menstrual bleeding begins before sunset during a fast, what is the status of that fast?",hanafi,bleeding/tahara/nifas/istihada as relevant,FQ-HNF-IBNABIDIN,كتاب الطهارة → باب الحيض؛ راجع أيضًا كتاب الصوم,FQ-HNF-KASANI,كتاب الطهارة → باب الحيض؛ راجع أيضًا كتاب الصوم,FQ-COMP-KUWAIT,Qualified Hanafi scholar,A: madhhab text + qualified scholar; B: comparative encyclopedia,Do not publish a ruling until scholar-approved wording + exact locator are recorded,SOURCE_CANDIDATES_IDENTIFIED,"This row is a knowledge requirement, not an asserted ruling. Extract and approve the madhhab-specific proposition later."
FQ-TRANSITION-042-MLK,FIQH,TRANSITION,Bleeding begins during a fast,"If menstrual bleeding begins before sunset during a fast, what is the status of that fast?",maliki,bleeding/tahara/nifas/istihada as relevant,FQ-MLK-DASUQI,كتاب الطهارة → مباحث الحيض والاستحاضة والنفاس؛ راجع أيضًا كتاب الصوم,FQ-MLK-HATTAB,كتاب الطهارة → مباحث الحيض والاستحاضة والنفاس؛ راجع أيضًا كتاب الصوم,FQ-COMP-KUWAIT,Qualified Maliki scholar,A: madhhab text + qualified scholar; B: comparative encyclopedia,Do not publish a ruling until scholar-approved wording + exact locator are recorded,SOURCE_CANDIDATES_IDENTIFIED,"This row is a knowledge requirement, not an asserted ruling. Extract and approve the madhhab-specific proposition later."
FQ-TRANSITION-042-SHF,FIQH,TRANSITION,Bleeding begins during a fast,"If menstrual bleeding begins before sunset during a fast, what is the status of that fast?",shafii,bleeding/tahara/nifas/istihada as relevant,FQ-SHF-SHIRBINI,كتاب الطهارة → باب الحيض وما يذكر معه من الاستحاضة؛ راجع أيضًا كتاب الصوم,FQ-SHF-NAWAWI,كتاب الطهارة → باب الحيض؛ راجع أيضًا كتاب الصوم,FQ-COMP-KUWAIT,Qualified Shafi'i scholar,A: madhhab text + qualified scholar; B: comparative encyclopedia,Do not publish a ruling until scholar-approved wording + exact locator are recorded,SOURCE_CANDIDATES_IDENTIFIED,"This row is a knowledge requirement, not an asserted ruling. Extract and approve the madhhab-specific proposition later."
FQ-TRANSITION-042-HNB,FIQH,TRANSITION,Bleeding begins during a fast,"If menstrual bleeding begins before sunset during a fast, what is the status of that fast?",hanbali,bleeding/tahara/nifas/istihada as relevant,FQ-HNB-BUHUTI,كتاب الطهارة → باب الحيض والاستحاضة والنفاس؛ راجع أيضًا كتاب الصوم,FQ-HNB-IBNQUDAMA,كتاب الطهارة → باب الحيض؛ راجع أيضًا كتاب الصوم,FQ-COMP-KUWAIT,Qualified Hanbali scholar,A: madhhab text + qualified scholar; B: comparative encyclopedia,Do not publish a ruling until scholar-approved wording + exact locator are recorded,SOURCE_CANDIDATES_IDENTIFIED,"This row is a knowledge requirement, not an asserted ruling. Extract and approve the madhhab-specific proposition later."
FQ-TRANSITION-043-HNF,FIQH,TRANSITION,Prayer qada after Haid/Nifas,"Which prayers, if any, are made up after Haid or Nifas?",hanafi,bleeding/tahara/nifas/istihada as relevant,FQ-HNF-IBNABIDIN,كتاب الطهارة → باب الحيض؛ راجع أيضًا كتاب الصلاة,FQ-HNF-KASANI,كتاب الطهارة → باب الحيض؛ راجع أيضًا كتاب الصلاة,FQ-COMP-KUWAIT,Qualified Hanafi scholar,A: madhhab text + qualified scholar; B: comparative encyclopedia,Do not publish a ruling until scholar-approved wording + exact locator are recorded,SOURCE_CANDIDATES_IDENTIFIED,"This row is a knowledge requirement, not an asserted ruling. Extract and approve the madhhab-specific proposition later."
FQ-TRANSITION-043-MLK,FIQH,TRANSITION,Prayer qada after Haid/Nifas,"Which prayers, if any, are made up after Haid or Nifas?",maliki,bleeding/tahara/nifas/istihada as relevant,FQ-MLK-DASUQI,كتاب الطهارة → مباحث الحيض والاستحاضة والنفاس؛ راجع أيضًا كتاب الصلاة,FQ-MLK-HATTAB,كتاب الطهارة → مباحث الحيض والاستحاضة والنفاس؛ راجع أيضًا كتاب الصلاة,FQ-COMP-KUWAIT,Qualified Maliki scholar,A: madhhab text + qualified scholar; B: comparative encyclopedia,Do not publish a ruling until scholar-approved wording + exact locator are recorded,SOURCE_CANDIDATES_IDENTIFIED,"This row is a knowledge requirement, not an asserted ruling. Extract and approve the madhhab-specific proposition later."
FQ-TRANSITION-043-SHF,FIQH,TRANSITION,Prayer qada after Haid/Nifas,"Which prayers, if any, are made up after Haid or Nifas?",shafii,bleeding/tahara/nifas/istihada as relevant,FQ-SHF-SHIRBINI,كتاب الطهارة → باب الحيض وما يذكر معه من الاستحاضة؛ راجع أيضًا كتاب الصلاة,FQ-SHF-NAWAWI,كتاب الطهارة → باب الحيض؛ راجع أيضًا كتاب الصلاة,FQ-COMP-KUWAIT,Qualified Shafi'i scholar,A: madhhab text + qualified scholar; B: comparative encyclopedia,Do not publish a ruling until scholar-approved wording + exact locator are recorded,SOURCE_CANDIDATES_IDENTIFIED,"This row is a knowledge requirement, not an asserted ruling. Extract and approve the madhhab-specific proposition later."
FQ-TRANSITION-043-HNB,FIQH,TRANSITION,Prayer qada after Haid/Nifas,"Which prayers, if any, are made up after Haid or Nifas?",hanbali,bleeding/tahara/nifas/istihada as relevant,FQ-HNB-BUHUTI,كتاب الطهارة → باب الحيض والاستحاضة والنفاس؛ راجع أيضًا كتاب الصلاة,FQ-HNB-IBNQUDAMA,كتاب الطهارة → باب الحيض؛ راجع أيضًا كتاب الصلاة,FQ-COMP-KUWAIT,Qualified Hanbali scholar,A: madhhab text + qualified scholar; B: comparative encyclopedia,Do not publish a ruling until scholar-approved wording + exact locator are recorded,SOURCE_CANDIDATES_IDENTIFIED,"This row is a knowledge requirement, not an asserted ruling. Extract and approve the madhhab-specific proposition later."
FQ-TRANSITION-044-HNF,FIQH,TRANSITION,Fasting qada after Haid/Nifas,Which obligatory fasts must be made up after Haid or Nifas?,hanafi,bleeding/tahara/nifas/istihada as relevant,FQ-HNF-IBNABIDIN,كتاب الطهارة → باب الحيض؛ راجع أيضًا كتاب الصوم,FQ-HNF-KASANI,كتاب الطهارة → باب الحيض؛ راجع أيضًا كتاب الصوم,FQ-COMP-KUWAIT,Qualified Hanafi scholar,A: madhhab text + qualified scholar; B: comparative encyclopedia,Do not publish a ruling until scholar-approved wording + exact locator are recorded,SOURCE_CANDIDATES_IDENTIFIED,"This row is a knowledge requirement, not an asserted ruling. Extract and approve the madhhab-specific proposition later."
FQ-TRANSITION-044-MLK,FIQH,TRANSITION,Fasting qada after Haid/Nifas,Which obligatory fasts must be made up after Haid or Nifas?,maliki,bleeding/tahara/nifas/istihada as relevant,FQ-MLK-DASUQI,كتاب الطهارة → مباحث الحيض والاستحاضة والنفاس؛ راجع أيضًا كتاب الصوم,FQ-MLK-HATTAB,كتاب الطهارة → مباحث الحيض والاستحاضة والنفاس؛ راجع أيضًا كتاب الصوم,FQ-COMP-KUWAIT,Qualified Maliki scholar,A: madhhab text + qualified scholar; B: comparative encyclopedia,Do not publish a ruling until scholar-approved wording + exact locator are recorded,SOURCE_CANDIDATES_IDENTIFIED,"This row is a knowledge requirement, not an asserted ruling. Extract and approve the madhhab-specific proposition later."
FQ-TRANSITION-044-SHF,FIQH,TRANSITION,Fasting qada after Haid/Nifas,Which obligatory fasts must be made up after Haid or Nifas?,shafii,bleeding/tahara/nifas/istihada as relevant,FQ-SHF-SHIRBINI,كتاب الطهارة → باب الحيض وما يذكر معه من الاستحاضة؛ راجع أيضًا كتاب الصوم,FQ-SHF-NAWAWI,كتاب الطهارة → باب الحيض؛ راجع أيضًا كتاب الصوم,FQ-COMP-KUWAIT,Qualified Shafi'i scholar,A: madhhab text + qualified scholar; B: comparative encyclopedia,Do not publish a ruling until scholar-approved wording + exact locator are recorded,SOURCE_CANDIDATES_IDENTIFIED,"This row is a knowledge requirement, not an asserted ruling. Extract and approve the madhhab-specific proposition later."
FQ-TRANSITION-044-HNB,FIQH,TRANSITION,Fasting qada after Haid/Nifas,Which obligatory fasts must be made up after Haid or Nifas?,hanbali,bleeding/tahara/nifas/istihada as relevant,FQ-HNB-BUHUTI,كتاب الطهارة → باب الحيض والاستحاضة والنفاس؛ راجع أيضًا كتاب الصوم,FQ-HNB-IBNQUDAMA,كتاب الطهارة → باب الحيض؛ راجع أيضًا كتاب الصوم,FQ-COMP-KUWAIT,Qualified Hanbali scholar,A: madhhab text + qualified scholar; B: comparative encyclopedia,Do not publish a ruling until scholar-approved wording + exact locator are recorded,SOURCE_CANDIDATES_IDENTIFIED,"This row is a knowledge requirement, not an asserted ruling. Extract and approve the madhhab-specific proposition later."
FQ-TRANSITION-045-HNF,FIQH,TRANSITION,Uncertain purity / insufficient evidence,"When purity or classification is uncertain, what can the app safely state without inventing a ruling?",hanafi,bleeding/tahara/nifas/istihada as relevant,FQ-HNF-IBNABIDIN,كتاب الطهارة → باب الحيض,FQ-HNF-KASANI,كتاب الطهارة → باب الحيض,FQ-COMP-KUWAIT,Qualified Hanafi scholar,A: madhhab text + qualified scholar; B: comparative encyclopedia,Do not publish a ruling until scholar-approved wording + exact locator are recorded,SOURCE_CANDIDATES_IDENTIFIED,"This row is a knowledge requirement, not an asserted ruling. Extract and approve the madhhab-specific proposition later."
FQ-TRANSITION-045-MLK,FIQH,TRANSITION,Uncertain purity / insufficient evidence,"When purity or classification is uncertain, what can the app safely state without inventing a ruling?",maliki,bleeding/tahara/nifas/istihada as relevant,FQ-MLK-DASUQI,كتاب الطهارة → مباحث الحيض والاستحاضة والنفاس,FQ-MLK-HATTAB,كتاب الطهارة → مباحث الحيض والاستحاضة والنفاس,FQ-COMP-KUWAIT,Qualified Maliki scholar,A: madhhab text + qualified scholar; B: comparative encyclopedia,Do not publish a ruling until scholar-approved wording + exact locator are recorded,SOURCE_CANDIDATES_IDENTIFIED,"This row is a knowledge requirement, not an asserted ruling. Extract and approve the madhhab-specific proposition later."
FQ-TRANSITION-045-SHF,FIQH,TRANSITION,Uncertain purity / insufficient evidence,"When purity or classification is uncertain, what can the app safely state without inventing a ruling?",shafii,bleeding/tahara/nifas/istihada as relevant,FQ-SHF-SHIRBINI,كتاب الطهارة → باب الحيض وما يذكر معه من الاستحاضة,FQ-SHF-NAWAWI,كتاب الطهارة → باب الحيض,FQ-COMP-KUWAIT,Qualified Shafi'i scholar,A: madhhab text + qualified scholar; B: comparative encyclopedia,Do not publish a ruling until scholar-approved wording + exact locator are recorded,SOURCE_CANDIDATES_IDENTIFIED,"This row is a knowledge requirement, not an asserted ruling. Extract and approve the madhhab-specific proposition later."
FQ-TRANSITION-045-HNB,FIQH,TRANSITION,Uncertain purity / insufficient evidence,"When purity or classification is uncertain, what can the app safely state without inventing a ruling?",hanbali,bleeding/tahara/nifas/istihada as relevant,FQ-HNB-BUHUTI,كتاب الطهارة → باب الحيض والاستحاضة والنفاس,FQ-HNB-IBNQUDAMA,كتاب الطهارة → باب الحيض,FQ-COMP-KUWAIT,Qualified Hanbali scholar,A: madhhab text + qualified scholar; B: comparative encyclopedia,Do not publish a ruling until scholar-approved wording + exact locator are recorded,SOURCE_CANDIDATES_IDENTIFIED,"This row is a knowledge requirement, not an asserted ruling. Extract and approve the madhhab-specific proposition later."
HL-MENS-001,HEALTH,MENSTRUAL_HEALTH,Cycle day 1,Define cycle day 1 for user-facing tracking.,,cycle tracking,MED-OWH-MENSCYCLE,"Whole page; Day 1, cycle length, tracking, when to contact clinician",MED-NICHD-MENSTRUATION,"Sections: Day 1, Ovulation, Fertilization, Implantation",,Medical reviewer,A: official/government or professional guidance; restricted sources are review-only unless licensed,PUBLIC_DOMAIN_TEXT_REUSE,SOURCE_CANDIDATES_IDENTIFIED,
HL-MENS-002,HEALTH,MENSTRUAL_HEALTH,Adult cycle range,State the typical adult menstrual-cycle range and avoid treating every deviation as disease.,,cycle tracking,MED-OWH-MENSCYCLE,"Whole page; Day 1, cycle length, tracking, when to contact clinician",MED-ACOG-AUB,FAQ: normal cycle; when bleeding is abnormal,,Medical reviewer,A: official/government or professional guidance; restricted sources are review-only unless licensed,PUBLIC_DOMAIN_TEXT_REUSE,SOURCE_CANDIDATES_IDENTIFIED,
HL-MENS-003,HEALTH,MENSTRUAL_HEALTH,Bleeding duration,Describe the usual duration range of menstrual bleeding and when longer bleeding warrants evaluation.,,cycle tracking,MED-OWH-PERIODPROB,"Sections: dysmenorrhea, irregular periods, heavy bleeding, unusual bleeding, amenorrhea",MED-ACOG-AUB,FAQ: normal cycle; when bleeding is abnormal,,Medical reviewer,A: official/government or professional guidance; restricted sources are review-only unless licensed,PUBLIC_DOMAIN_TEXT_REUSE,SOURCE_CANDIDATES_IDENTIFIED,
HL-MENS-004,HEALTH,MENSTRUAL_HEALTH,Normal variation,Explain that cycles vary across people and across time while identifying patterns that merit medical review.,,cycle tracking,MED-OWH-MENSCYCLE,"Whole page; Day 1, cycle length, tracking, when to contact clinician",MED-NICE-NG88,1.1–1.3 and related recommendations,,Medical reviewer,A: official/government or professional guidance; restricted sources are review-only unless licensed,PUBLIC_DOMAIN_TEXT_REUSE,SOURCE_CANDIDATES_IDENTIFIED,
HL-MENS-005,HEALTH,MENSTRUAL_HEALTH,Irregular cycle escalation,Define product-safe triggers for suggesting clinician review of newly irregular cycles.,,irregular cycles,MED-OWH-PERIODPROB,"Sections: dysmenorrhea, irregular periods, heavy bleeding, unusual bleeding, amenorrhea",MED-ACOG-AUB,FAQ: normal cycle; when bleeding is abnormal,,Medical reviewer,A: official/government or professional guidance; restricted sources are review-only unless licensed,PUBLIC_DOMAIN_TEXT_REUSE,SOURCE_CANDIDATES_IDENTIFIED,
HL-MENS-006,HEALTH,MENSTRUAL_HEALTH,Heavy bleeding indicators,Identify user-reported heavy-bleeding patterns that should prompt medical attention.,,active bleeding,MED-OWH-PERIODPROB,"Sections: dysmenorrhea, irregular periods, heavy bleeding, unusual bleeding, amenorrhea",MED-NICE-NG88,1.1–1.3 and related recommendations,,Medical reviewer,A: official/government or professional guidance; restricted sources are review-only unless licensed,PUBLIC_DOMAIN_TEXT_REUSE,SOURCE_CANDIDATES_IDENTIFIED,
HL-MENS-007,HEALTH,MENSTRUAL_HEALTH,Intermenstrual bleeding,Explain that persistent bleeding/spotting between periods merits clinical evaluation.,,bleeding outside expected period,MED-OWH-PERIODPROB,"Sections: dysmenorrhea, irregular periods, heavy bleeding, unusual bleeding, amenorrhea",MED-NICE-NG88,1.1–1.3 and related recommendations,,Medical reviewer,A: official/government or professional guidance; restricted sources are review-only unless licensed,PUBLIC_DOMAIN_TEXT_REUSE,SOURCE_CANDIDATES_IDENTIFIED,
HL-MENS-008,HEALTH,MENSTRUAL_HEALTH,Bleeding after sex,Explain that recurrent postcoital bleeding should be medically evaluated.,,postcoital bleeding,MED-OWH-PERIODPROB,"Sections: dysmenorrhea, irregular periods, heavy bleeding, unusual bleeding, amenorrhea",MED-ACOG-AUB,FAQ: normal cycle; when bleeding is abnormal,,Medical reviewer,A: official/government or professional guidance; restricted sources are review-only unless licensed,PUBLIC_DOMAIN_TEXT_REUSE,SOURCE_CANDIDATES_IDENTIFIED,
HL-MENS-009,HEALTH,MENSTRUAL_HEALTH,Dysmenorrhea escalation,Distinguish common period discomfort from pain severe/persistent enough to seek evaluation.,,pain,MED-OWH-PERIODPROB,"Sections: dysmenorrhea, irregular periods, heavy bleeding, unusual bleeding, amenorrhea",,,,Medical reviewer,A: official/government or professional guidance; restricted sources are review-only unless licensed,PUBLIC_DOMAIN_TEXT_REUSE,SOURCE_CANDIDATES_IDENTIFIED,
HL-MENS-010,HEALTH,MENSTRUAL_HEALTH,Tracking fields,"Explain why tracking start date, duration, amount and pain can help clinical conversations without diagnosing disease.",,cycle tracking,MED-OWH-MENSCYCLE,"Whole page; Day 1, cycle length, tracking, when to contact clinician",MED-OWH-PERIODPROB,"Sections: dysmenorrhea, irregular periods, heavy bleeding, unusual bleeding, amenorrhea",,Medical reviewer,A: official/government or professional guidance; restricted sources are review-only unless licensed,PUBLIC_DOMAIN_TEXT_REUSE,SOURCE_CANDIDATES_IDENTIFIED,
HL-MENS-011,HEALTH,MENSTRUAL_HEALTH,Amenorrhea,Explain when missing periods should prompt pregnancy testing or clinician review.,,missed periods,MED-OWH-PERIODPROB,"Sections: dysmenorrhea, irregular periods, heavy bleeding, unusual bleeding, amenorrhea",,,,Medical reviewer,A: official/government or professional guidance; restricted sources are review-only unless licensed,PUBLIC_DOMAIN_TEXT_REUSE,SOURCE_CANDIDATES_IDENTIFIED,
HL-MENS-012,HEALTH,MENSTRUAL_HEALTH,Prediction limitations,Explain that irregular history reduces confidence in date predictions; estimates are not observations.,,prediction,MED-OWH-MENSCYCLE,"Whole page; Day 1, cycle length, tracking, when to contact clinician",MED-OWH-TTC,"Sections: fertility awareness, charting fertility pattern, infertility, when to see doctor",,Medical reviewer,A: official/government or professional guidance; restricted sources are review-only unless licensed,PUBLIC_DOMAIN_TEXT_REUSE,SOURCE_CANDIDATES_IDENTIFIED,
HL-MENS-013,HEALTH,MENSTRUAL_HEALTH,Bleeding-disorder possibility,Explain that heavy bleeding can sometimes indicate a bleeding disorder and warrants evaluation when concerning.,,heavy bleeding,MED-OWH-PERIODPROB,"Sections: dysmenorrhea, irregular periods, heavy bleeding, unusual bleeding, amenorrhea",MED-NICE-NG88,1.1–1.3 and related recommendations,,Medical reviewer,A: official/government or professional guidance; restricted sources are review-only unless licensed,PUBLIC_DOMAIN_TEXT_REUSE,SOURCE_CANDIDATES_IDENTIFIED,
HL-MENS-014,HEALTH,MENSTRUAL_HEALTH,Pregnancy and abnormal bleeding,Ensure abnormal bleeding guidance checks pregnancy possibility because bleeding in pregnancy follows a different safety path.,,possible pregnancy,MED-OWH-PERIODPROB,"Sections: dysmenorrhea, irregular periods, heavy bleeding, unusual bleeding, amenorrhea",MED-ACOG-PREGBLEED,FAQ: bleeding during pregnancy; early vs later pregnancy,,Medical reviewer,A: official/government or professional guidance; restricted sources are review-only unless licensed,PUBLIC_DOMAIN_TEXT_REUSE,SOURCE_CANDIDATES_IDENTIFIED,
HL-MENS-015,HEALTH,MENSTRUAL_HEALTH,Education vs diagnosis,State that cycle tracking can describe patterns but cannot diagnose the cause of abnormal bleeding.,,all menstrual users,MED-OWH-PERIODPROB,"Sections: dysmenorrhea, irregular periods, heavy bleeding, unusual bleeding, amenorrhea",,,,Medical reviewer,A: official/government or professional guidance; restricted sources are review-only unless licensed,PUBLIC_DOMAIN_TEXT_REUSE,SOURCE_CANDIDATES_IDENTIFIED,
HL-TTC-001,HEALTH,TTC,Fertile window,Explain the fertile-window concept in plain language.,,ttc enabled,MED-OWH-TTC,"Sections: fertility awareness, charting fertility pattern, infertility, when to see doctor",MED-ASRM-NATURAL,Sections: fertile window; intercourse frequency; fertility-awareness methods,,Medical reviewer,A: official/government or professional guidance; restricted sources are review-only unless licensed,PUBLIC_DOMAIN_TEXT_REUSE,SOURCE_CANDIDATES_IDENTIFIED,
HL-TTC-002,HEALTH,TTC,Estimate semantics,State that app-predicted fertile days are estimates and do not confirm ovulation.,,ttc enabled,MED-OWH-TTC,"Sections: fertility awareness, charting fertility pattern, infertility, when to see doctor",MED-ASRM-NATURAL,Sections: fertile window; intercourse frequency; fertility-awareness methods,,Medical reviewer,A: official/government or professional guidance; restricted sources are review-only unless licensed,PUBLIC_DOMAIN_TEXT_REUSE,SOURCE_CANDIDATES_IDENTIFIED,
HL-TTC-003,HEALTH,TTC,Ovulation variability,Explain that ovulation timing varies between people and from cycle to cycle.,,ttc enabled,MED-OWH-TTC,"Sections: fertility awareness, charting fertility pattern, infertility, when to see doctor",MED-NICHD-MENSTRUATION,"Sections: Day 1, Ovulation, Fertilization, Implantation",,Medical reviewer,A: official/government or professional guidance; restricted sources are review-only unless licensed,PUBLIC_DOMAIN_TEXT_REUSE,SOURCE_CANDIDATES_IDENTIFIED,
HL-TTC-004,HEALTH,TTC,Sperm survival,"Explain that sperm can survive for several days, affecting fertile-window timing.",,ttc enabled,MED-NICHD-MENSTRUATION,"Sections: Day 1, Ovulation, Fertilization, Implantation",MED-ASRM-NATURAL,Sections: fertile window; intercourse frequency; fertility-awareness methods,,Medical reviewer,A: official/government or professional guidance; restricted sources are review-only unless licensed,PUBLIC_DOMAIN_TEXT_REUSE_WITH_PAGE_CHECK,SOURCE_CANDIDATES_IDENTIFIED,
HL-TTC-005,HEALTH,TTC,Egg viability,Explain that the egg's post-ovulation fertile time is short and should not be presented as an exact personal clock.,,ttc enabled,MED-OWH-TTC,"Sections: fertility awareness, charting fertility pattern, infertility, when to see doctor",MED-ASRM-NATURAL,Sections: fertile window; intercourse frequency; fertility-awareness methods,,Medical reviewer,A: official/government or professional guidance; restricted sources are review-only unless licensed,PUBLIC_DOMAIN_TEXT_REUSE,SOURCE_CANDIDATES_IDENTIFIED,
HL-TTC-006,HEALTH,TTC,Calendar method,Explain what calendar-based fertility estimation uses and why irregular cycles reduce reliability.,,ttc enabled,MED-OWH-TTC,"Sections: fertility awareness, charting fertility pattern, infertility, when to see doctor",,,,Medical reviewer,A: official/government or professional guidance; restricted sources are review-only unless licensed,PUBLIC_DOMAIN_TEXT_REUSE,SOURCE_CANDIDATES_IDENTIFIED,
HL-TTC-007,HEALTH,TTC,Cervical mucus,Explain cervical-mucus observations as a fertility-awareness signal and its limitations.,,ttc enabled,MED-OWH-TTC,"Sections: fertility awareness, charting fertility pattern, infertility, when to see doctor",MED-ASRM-NATURAL,Sections: fertile window; intercourse frequency; fertility-awareness methods,,Medical reviewer,A: official/government or professional guidance; restricted sources are review-only unless licensed,PUBLIC_DOMAIN_TEXT_REUSE,SOURCE_CANDIDATES_IDENTIFIED,
HL-TTC-008,HEALTH,TTC,Basal body temperature,Explain that BBT changes are a retrospective/indirect ovulation signal and not exact confirmation by the app.,,ttc enabled,MED-OWH-TTC,"Sections: fertility awareness, charting fertility pattern, infertility, when to see doctor",,,,Medical reviewer,A: official/government or professional guidance; restricted sources are review-only unless licensed,PUBLIC_DOMAIN_TEXT_REUSE,SOURCE_CANDIDATES_IDENTIFIED,
HL-TTC-009,HEALTH,TTC,Ovulation predictor kits,Explain what LH-based ovulation kits indicate and that they do not guarantee conception.,,ttc enabled,MED-OWH-TTC,"Sections: fertility awareness, charting fertility pattern, infertility, when to see doctor",MED-ASRM-NATURAL,Sections: fertile window; intercourse frequency; fertility-awareness methods,,Medical reviewer,A: official/government or professional guidance; restricted sources are review-only unless licensed,PUBLIC_DOMAIN_TEXT_REUSE,SOURCE_CANDIDATES_IDENTIFIED,
HL-TTC-010,HEALTH,TTC,Evaluation under 35,Know when to suggest fertility evaluation for users under 35 who have been trying without success.,,ttc enabled,MED-NICHD-INFERTILITY,Whole page,MED-ASRM-EVAL,Summary / conclusion,,Medical reviewer,A: official/government or professional guidance; restricted sources are review-only unless licensed,PUBLIC_DOMAIN_TEXT_REUSE_WITH_PAGE_CHECK,SOURCE_CANDIDATES_IDENTIFIED,
HL-TTC-011,HEALTH,TTC,Evaluation 35+,Know when to suggest expedited fertility evaluation for users age 35 or older.,,ttc enabled,MED-NICHD-INFERTILITY,Whole page,MED-ASRM-EVAL,Summary / conclusion,,Medical reviewer,A: official/government or professional guidance; restricted sources are review-only unless licensed,PUBLIC_DOMAIN_TEXT_REUSE_WITH_PAGE_CHECK,SOURCE_CANDIDATES_IDENTIFIED,
HL-TTC-012,HEALTH,TTC,Earlier evaluation with risk factors,Suggest earlier professional evaluation when known fertility-affecting conditions or markedly irregular periods exist.,,ttc enabled,MED-NICHD-INFERTILITY,Whole page,MED-ASRM-EVAL,Summary / conclusion,,Medical reviewer,A: official/government or professional guidance; restricted sources are review-only unless licensed,PUBLIC_DOMAIN_TEXT_REUSE_WITH_PAGE_CHECK,SOURCE_CANDIDATES_IDENTIFIED,
HL-TTC-013,HEALTH,TTC,Partner factors,Avoid implying fertility is solely a female factor; recognize that evaluation may involve both partners.,,ttc enabled,MED-NICHD-INFERTILITY,Whole page,MED-ASRM-EVAL,Summary / conclusion,,Medical reviewer,A: official/government or professional guidance; restricted sources are review-only unless licensed,PUBLIC_DOMAIN_TEXT_REUSE_WITH_PAGE_CHECK,SOURCE_CANDIDATES_IDENTIFIED,
HL-TTC-014,HEALTH,TTC,No guarantee language,Never turn a fertile-window estimate into a promise or probability claim unsupported by the user's evidence.,,ttc enabled,MED-OWH-TTC,"Sections: fertility awareness, charting fertility pattern, infertility, when to see doctor",MED-ASRM-NATURAL,Sections: fertile window; intercourse frequency; fertility-awareness methods,,Medical reviewer,A: official/government or professional guidance; restricted sources are review-only unless licensed,PUBLIC_DOMAIN_TEXT_REUSE,SOURCE_CANDIDATES_IDENTIFIED,
HL-PREG-001,HEALTH,PREGNANCY,Gestational age,Explain that pregnancy weeks are generally counted from the first day of the last menstrual period.,,pregnant,MED-OWH-PREGSTAGES,"First, second and third trimester sections",,,,Medical reviewer,A: official/government or professional guidance; restricted sources are review-only unless licensed,PUBLIC_DOMAIN_TEXT_REUSE,SOURCE_CANDIDATES_IDENTIFIED,
HL-PREG-002,HEALTH,PREGNANCY,Trimester boundaries,Map gestational weeks to the three trimesters consistently with the approved source.,,pregnant,MED-OWH-PREGSTAGES,"First, second and third trimester sections",,,,Medical reviewer,A: official/government or professional guidance; restricted sources are review-only unless licensed,PUBLIC_DOMAIN_TEXT_REUSE,SOURCE_CANDIDATES_IDENTIFIED,
HL-PREG-003,HEALTH,PREGNANCY,Common early changes,Provide educational context for common first-trimester body changes without diagnosing complications.,,pregnant,MED-OWH-PREGSTAGES,"First, second and third trimester sections",,,,Medical reviewer,A: official/government or professional guidance; restricted sources are review-only unless licensed,PUBLIC_DOMAIN_TEXT_REUSE,SOURCE_CANDIDATES_IDENTIFIED,
HL-PREG-004,HEALTH,PREGNANCY,Early prenatal care,Encourage early and regular prenatal care.,,pregnant,MED-OWH-PRENATAL,Sections: early/regular prenatal care; preconception health; medicines,MED-WHO-ANC,Guideline recommendations and updates,,Medical reviewer,A: official/government or professional guidance; restricted sources are review-only unless licensed,PUBLIC_DOMAIN_TEXT_REUSE,SOURCE_CANDIDATES_IDENTIFIED,
HL-PREG-005,HEALTH,PREGNANCY,Any pregnancy bleeding,Route any reported pregnancy bleeding to clinician-contact guidance rather than ordinary period tracking.,,pregnant,MED-ACOG-PREGBLEED,FAQ: bleeding during pregnancy; early vs later pregnancy,MED-NICE-NG126,Diagnosis / early pregnancy pain and bleeding / management sections,,Medical reviewer,A: official/government or professional guidance; restricted sources are review-only unless licensed,NO_AI_USE_WITHOUT_WRITTEN_PERMISSION,SOURCE_CANDIDATES_IDENTIFIED,Reference-only sources until licensing/permission is resolved; use public-domain safety wording where possible.
HL-PREG-006,HEALTH,PREGNANCY,Early pregnancy bleeding uncertainty,Explain that early pregnancy bleeding can have multiple causes and cannot be safely diagnosed by the AI alone.,,pregnant,MED-ACOG-PREGBLEED,FAQ: bleeding during pregnancy; early vs later pregnancy,MED-NICE-NG126,Diagnosis / early pregnancy pain and bleeding / management sections,,Medical reviewer,A: official/government or professional guidance; restricted sources are review-only unless licensed,NO_AI_USE_WITHOUT_WRITTEN_PERMISSION,SOURCE_CANDIDATES_IDENTIFIED,
HL-PREG-007,HEALTH,PREGNANCY,Bleeding + pain/fainting,"Escalate bleeding combined with significant pain, dizziness or fainting as a potentially urgent pregnancy complication.",,pregnant,MED-CDC-HEARHER,Urgent maternal warning signs list,MED-NICE-NG126,Diagnosis / early pregnancy pain and bleeding / management sections,,Medical reviewer,A: official/government or professional guidance; restricted sources are review-only unless licensed,PUBLIC_DOMAIN_MOST_TEXT_VERIFY_EXCEPTIONS,SOURCE_CANDIDATES_IDENTIFIED,
HL-PREG-008,HEALTH,PREGNANCY,Later pregnancy bleeding,Treat later-pregnancy bleeding as a higher-concern path requiring prompt clinical contact.,,pregnant,MED-ACOG-PREGBLEED,FAQ: bleeding during pregnancy; early vs later pregnancy,,,,Medical reviewer,A: official/government or professional guidance; restricted sources are review-only unless licensed,NO_AI_USE_WITHOUT_WRITTEN_PERMISSION,SOURCE_CANDIDATES_IDENTIFIED,
HL-PREG-009,HEALTH,PREGNANCY,Maternal warning signs,Recognize urgent maternal warning signs during pregnancy and escalate promptly.,,pregnant,MED-CDC-HEARHER,Urgent maternal warning signs list,,,,Medical reviewer,A: official/government or professional guidance; restricted sources are review-only unless licensed,PUBLIC_DOMAIN_MOST_TEXT_VERIFY_EXCEPTIONS,SOURCE_CANDIDATES_IDENTIFIED,
HL-PREG-010,HEALTH,PREGNANCY,Reduced fetal movement,Prompt clinical contact when fetal movement is noticeably reduced at a stage where movement monitoring is applicable.,,pregnant,MED-OWH-PRENATAL,Sections: early/regular prenatal care; preconception health; medicines,MED-CDC-HEARHER,Urgent maternal warning signs list,,Medical reviewer,A: official/government or professional guidance; restricted sources are review-only unless licensed,PUBLIC_DOMAIN_TEXT_REUSE,SOURCE_CANDIDATES_IDENTIFIED,
HL-PREG-011,HEALTH,PREGNANCY,Medication/herbal caution,Advise users to check medications and herbal products with a clinician during pregnancy rather than self-adjusting treatment.,,pregnant,MED-OWH-PRENATAL,Sections: early/regular prenatal care; preconception health; medicines,MED-WHO-ANC,Guideline recommendations and updates,,Medical reviewer,A: official/government or professional guidance; restricted sources are review-only unless licensed,PUBLIC_DOMAIN_TEXT_REUSE,SOURCE_CANDIDATES_IDENTIFIED,
HL-PREG-012,HEALTH,PREGNANCY,Preconception/folic acid,Provide reviewed preconception folic-acid and health-preparation education without individualized dosing beyond approved guidance.,,planning pregnancy,MED-OWH-PRENATAL,Sections: early/regular prenatal care; preconception health; medicines,,,,Medical reviewer,A: official/government or professional guidance; restricted sources are review-only unless licensed,PUBLIC_DOMAIN_TEXT_REUSE,SOURCE_CANDIDATES_IDENTIFIED,
HL-PREG-013,HEALTH,PREGNANCY,Week estimate semantics,"State that the app's pregnancy week/due-date context is an estimate, not confirmation of fetal development or viability.",,pregnant,MED-OWH-PREGSTAGES,"First, second and third trimester sections",,,,Medical reviewer,A: official/government or professional guidance; restricted sources are review-only unless licensed,PUBLIC_DOMAIN_TEXT_REUSE,SOURCE_CANDIDATES_IDENTIFIED,
HL-PREG-014,HEALTH,PREGNANCY,High-risk flags,"If the app receives high-risk flags, the AI should use them to lower the threshold for professional referral, not diagnose.",,pregnant,MED-CDC-HEARHER,Urgent maternal warning signs list,MED-WHO-ANC,Guideline recommendations and updates,,Medical reviewer,A: official/government or professional guidance; restricted sources are review-only unless licensed,PUBLIC_DOMAIN_MOST_TEXT_VERIFY_EXCEPTIONS,SOURCE_CANDIDATES_IDENTIFIED,
HL-POST-001,HEALTH,POSTPARTUM,Lochia,Explain normal postpartum lochia progression in general terms.,,postpartum,MED-OWH-RECOVERY,Physical changes / lochia,MED-WHO-PNC,Maternal postnatal care recommendations,,Medical reviewer,A: official/government or professional guidance; restricted sources are review-only unless licensed,PUBLIC_DOMAIN_TEXT_REUSE,SOURCE_CANDIDATES_IDENTIFIED,
HL-POST-002,HEALTH,POSTPARTUM,Concerning postpartum bleeding,Differentiate general postpartum discharge education from bleeding that needs urgent assessment.,,postpartum,MED-CDC-HEARHER,Urgent maternal warning signs list,MED-WHO-PNC,Maternal postnatal care recommendations,,Medical reviewer,A: official/government or professional guidance; restricted sources are review-only unless licensed,PUBLIC_DOMAIN_MOST_TEXT_VERIFY_EXCEPTIONS,SOURCE_CANDIDATES_IDENTIFIED,
HL-POST-003,HEALTH,POSTPARTUM,Severe headache,Escalate a severe or worsening postpartum headache.,,postpartum,MED-CDC-HEARHER,Urgent maternal warning signs list,,,,Medical reviewer,A: official/government or professional guidance; restricted sources are review-only unless licensed,PUBLIC_DOMAIN_MOST_TEXT_VERIFY_EXCEPTIONS,SOURCE_CANDIDATES_IDENTIFIED,
HL-POST-004,HEALTH,POSTPARTUM,Fever,Escalate postpartum fever or signs of serious infection.,,postpartum,MED-CDC-HEARHER,Urgent maternal warning signs list,MED-WHO-PNC,Maternal postnatal care recommendations,,Medical reviewer,A: official/government or professional guidance; restricted sources are review-only unless licensed,PUBLIC_DOMAIN_MOST_TEXT_VERIFY_EXCEPTIONS,SOURCE_CANDIDATES_IDENTIFIED,
HL-POST-005,HEALTH,POSTPARTUM,Chest pain,Escalate chest pain in the postpartum period.,,postpartum,MED-CDC-HEARHER,Urgent maternal warning signs list,,,,Medical reviewer,A: official/government or professional guidance; restricted sources are review-only unless licensed,PUBLIC_DOMAIN_MOST_TEXT_VERIFY_EXCEPTIONS,SOURCE_CANDIDATES_IDENTIFIED,
HL-POST-006,HEALTH,POSTPARTUM,Breathing difficulty,Escalate trouble breathing in the postpartum period.,,postpartum,MED-CDC-HEARHER,Urgent maternal warning signs list,,,,Medical reviewer,A: official/government or professional guidance; restricted sources are review-only unless licensed,PUBLIC_DOMAIN_MOST_TEXT_VERIFY_EXCEPTIONS,SOURCE_CANDIDATES_IDENTIFIED,
HL-POST-007,HEALTH,POSTPARTUM,Severe abdominal pain,Escalate severe abdominal pain that is concerning after delivery.,,postpartum,MED-CDC-HEARHER,Urgent maternal warning signs list,,,,Medical reviewer,A: official/government or professional guidance; restricted sources are review-only unless licensed,PUBLIC_DOMAIN_MOST_TEXT_VERIFY_EXCEPTIONS,SOURCE_CANDIDATES_IDENTIFIED,
HL-POST-008,HEALTH,POSTPARTUM,Postpartum depression duration,Differentiate transient baby blues from persistent symptoms that warrant professional assessment.,,postpartum,MED-OWH-PPD,Symptoms; >2 weeks; self-harm/baby-harm escalation,,,,Medical reviewer,A: official/government or professional guidance; restricted sources are review-only unless licensed,PUBLIC_DOMAIN_TEXT_REUSE,SOURCE_CANDIDATES_IDENTIFIED,
HL-POST-009,HEALTH,POSTPARTUM,Self-harm / harm-baby thoughts,Escalate thoughts of self-harm or harming the baby immediately.,,postpartum,MED-OWH-PPD,Symptoms; >2 weeks; self-harm/baby-harm escalation,MED-CDC-HEARHER,Urgent maternal warning signs list,,Medical reviewer,A: official/government or professional guidance; restricted sources are review-only unless licensed,PUBLIC_DOMAIN_TEXT_REUSE,SOURCE_CANDIDATES_IDENTIFIED,
HL-POST-010,HEALTH,POSTPARTUM,Risk window,"Recognize that serious pregnancy-related complications can occur well after delivery, including within the first year.",,postpartum,MED-CDC-HEARHER,Urgent maternal warning signs list,,,,Medical reviewer,A: official/government or professional guidance; restricted sources are review-only unless licensed,PUBLIC_DOMAIN_MOST_TEXT_VERIFY_EXCEPTIONS,SOURCE_CANDIDATES_IDENTIFIED,
HL-POST-011,HEALTH,POSTPARTUM,Routine postnatal care,Encourage appropriate postnatal follow-up and professional care rather than treating the app as a substitute.,,postpartum,MED-WHO-PNC,Maternal postnatal care recommendations,MED-OWH-RECOVERY,Physical changes / lochia,,Medical reviewer,A: official/government or professional guidance; restricted sources are review-only unless licensed,COMMERCIAL_PERMISSION_REQUIRED,SOURCE_CANDIDATES_IDENTIFIED,
HL-WELL-001,HEALTH,WELLBEING,Mood check-in semantics,"Treat mood/wellbeing entries as self-reported context, not a psychiatric diagnosis.",,wellbeing,MED-OWH-PPD,Symptoms; >2 weeks; self-harm/baby-harm escalation,,,,Medical reviewer,A: official/government or professional guidance; restricted sources are review-only unless licensed,PUBLIC_DOMAIN_TEXT_REUSE,SOURCE_CANDIDATES_IDENTIFIED,
HL-WELL-002,HEALTH,WELLBEING,Persistent low mood postpartum,Recognize persistent postpartum sadness/anxiety as a reason for professional assessment.,,postpartum wellbeing,MED-OWH-PPD,Symptoms; >2 weeks; self-harm/baby-harm escalation,,,,Medical reviewer,A: official/government or professional guidance; restricted sources are review-only unless licensed,PUBLIC_DOMAIN_TEXT_REUSE,SOURCE_CANDIDATES_IDENTIFIED,
HL-WELL-003,HEALTH,WELLBEING,Sleep / energy context,Use sleep and energy as context but avoid diagnosing from them alone.,,wellbeing,MED-OWH-PPD,Symptoms; >2 weeks; self-harm/baby-harm escalation,,,,Medical reviewer,A: official/government or professional guidance; restricted sources are review-only unless licensed,PUBLIC_DOMAIN_TEXT_REUSE,SOURCE_CANDIDATES_IDENTIFIED,
HL-WELL-004,HEALTH,WELLBEING,Self-harm escalation,Override ordinary wellbeing coaching when self-harm thoughts are present.,,wellbeing,MED-OWH-PPD,Symptoms; >2 weeks; self-harm/baby-harm escalation,MED-CDC-HEARHER,Urgent maternal warning signs list,,Medical reviewer,A: official/government or professional guidance; restricted sources are review-only unless licensed,PUBLIC_DOMAIN_TEXT_REUSE,SOURCE_CANDIDATES_IDENTIFIED,
HL-WELL-005,HEALTH,WELLBEING,Medical symptoms outrank coaching,"If wellbeing entries coexist with pregnancy/bleeding red flags, route to safety rather than generic self-care.",,wellbeing + red flag,MED-CDC-HEARHER,Urgent maternal warning signs list,MED-OWH-PERIODPROB,"Sections: dysmenorrhea, irregular periods, heavy bleeding, unusual bleeding, amenorrhea",,Medical reviewer,A: official/government or professional guidance; restricted sources are review-only unless licensed,PUBLIC_DOMAIN_MOST_TEXT_VERIFY_EXCEPTIONS,SOURCE_CANDIDATES_IDENTIFIED,
SAFE-001,SAFETY_ESCALATION,SAFETY,Safety precedence,Safety/red-flag classification runs before normal answer generation and can override ordinary assistant behavior.,,all health modes,MED-CDC-HEARHER,Urgent maternal warning signs list,,,,Medical safety reviewer,A: official/government or professional guidance; restricted sources are review-only unless licensed,PUBLIC_DOMAIN_MOST_TEXT_VERIFY_EXCEPTIONS,SOURCE_CANDIDATES_IDENTIFIED,
SAFE-002,SAFETY_ESCALATION,SAFETY,Pregnancy bleeding,Any reported bleeding during pregnancy enters a clinician-contact safety path.,,pregnant,MED-ACOG-PREGBLEED,FAQ: bleeding during pregnancy; early vs later pregnancy,MED-NICE-NG126,Diagnosis / early pregnancy pain and bleeding / management sections,,Medical safety reviewer,A: official/government or professional guidance; restricted sources are review-only unless licensed,NO_AI_USE_WITHOUT_WRITTEN_PERMISSION,SOURCE_CANDIDATES_IDENTIFIED,
SAFE-003,SAFETY_ESCALATION,SAFETY,Heavy bleeding + systemic symptoms,"Heavy bleeding with dizziness, weakness, chest pain or breathing difficulty escalates urgently.",,bleeding,MED-OWH-PERIODPROB,"Sections: dysmenorrhea, irregular periods, heavy bleeding, unusual bleeding, amenorrhea",,,,Medical safety reviewer,A: official/government or professional guidance; restricted sources are review-only unless licensed,PUBLIC_DOMAIN_TEXT_REUSE,SOURCE_CANDIDATES_IDENTIFIED,
SAFE-004,SAFETY_ESCALATION,SAFETY,Severe headache,A severe or worsening headache in pregnancy/postpartum is an urgent warning sign.,,pregnant/postpartum,MED-CDC-HEARHER,Urgent maternal warning signs list,,,,Medical safety reviewer,A: official/government or professional guidance; restricted sources are review-only unless licensed,PUBLIC_DOMAIN_MOST_TEXT_VERIFY_EXCEPTIONS,SOURCE_CANDIDATES_IDENTIFIED,
SAFE-005,SAFETY_ESCALATION,SAFETY,Chest pain,Chest pain during pregnancy/postpartum is an urgent warning sign.,,pregnant/postpartum,MED-CDC-HEARHER,Urgent maternal warning signs list,,,,Medical safety reviewer,A: official/government or professional guidance; restricted sources are review-only unless licensed,PUBLIC_DOMAIN_MOST_TEXT_VERIFY_EXCEPTIONS,SOURCE_CANDIDATES_IDENTIFIED,
SAFE-006,SAFETY_ESCALATION,SAFETY,Trouble breathing,Trouble breathing during pregnancy/postpartum is an urgent warning sign.,,pregnant/postpartum,MED-CDC-HEARHER,Urgent maternal warning signs list,,,,Medical safety reviewer,A: official/government or professional guidance; restricted sources are review-only unless licensed,PUBLIC_DOMAIN_MOST_TEXT_VERIFY_EXCEPTIONS,SOURCE_CANDIDATES_IDENTIFIED,
SAFE-007,SAFETY_ESCALATION,SAFETY,Fainting / severe dizziness,"Fainting or severe dizziness, especially with bleeding/pain, requires urgent evaluation.",,pregnant/postpartum,MED-CDC-HEARHER,Urgent maternal warning signs list,,,,Medical safety reviewer,A: official/government or professional guidance; restricted sources are review-only unless licensed,PUBLIC_DOMAIN_MOST_TEXT_VERIFY_EXCEPTIONS,SOURCE_CANDIDATES_IDENTIFIED,
SAFE-008,SAFETY_ESCALATION,SAFETY,Fever / infection,Fever or serious infection symptoms in postpartum state require prompt evaluation.,,postpartum,MED-CDC-HEARHER,Urgent maternal warning signs list,,,,Medical safety reviewer,A: official/government or professional guidance; restricted sources are review-only unless licensed,PUBLIC_DOMAIN_MOST_TEXT_VERIFY_EXCEPTIONS,SOURCE_CANDIDATES_IDENTIFIED,
SAFE-009,SAFETY_ESCALATION,SAFETY,Severe abdominal pain,Severe abdominal pain in pregnancy/postpartum routes to urgent assessment.,,pregnant/postpartum,MED-CDC-HEARHER,Urgent maternal warning signs list,,,,Medical safety reviewer,A: official/government or professional guidance; restricted sources are review-only unless licensed,PUBLIC_DOMAIN_MOST_TEXT_VERIFY_EXCEPTIONS,SOURCE_CANDIDATES_IDENTIFIED,
SAFE-010,SAFETY_ESCALATION,SAFETY,Self-harm / harm-baby thoughts,Thoughts of self-harm or harming the baby trigger immediate safety escalation.,,pregnant/postpartum,MED-OWH-PPD,Symptoms; >2 weeks; self-harm/baby-harm escalation,,,,Medical safety reviewer,A: official/government or professional guidance; restricted sources are review-only unless licensed,PUBLIC_DOMAIN_TEXT_REUSE,SOURCE_CANDIDATES_IDENTIFIED,
SAFE-011,SAFETY_ESCALATION,SAFETY,Seizure,Seizure during pregnancy/postpartum triggers emergency escalation.,,pregnant/postpartum,MED-CDC-HEARHER,Urgent maternal warning signs list,,,,Medical safety reviewer,A: official/government or professional guidance; restricted sources are review-only unless licensed,PUBLIC_DOMAIN_MOST_TEXT_VERIFY_EXCEPTIONS,SOURCE_CANDIDATES_IDENTIFIED,
SAFE-012,SAFETY_ESCALATION,SAFETY,Vision changes,Significant vision changes in pregnancy/postpartum are an urgent warning sign.,,pregnant/postpartum,MED-CDC-HEARHER,Urgent maternal warning signs list,,,,Medical safety reviewer,A: official/government or professional guidance; restricted sources are review-only unless licensed,PUBLIC_DOMAIN_MOST_TEXT_VERIFY_EXCEPTIONS,SOURCE_CANDIDATES_IDENTIFIED,
SAFE-013,SAFETY_ESCALATION,SAFETY,Severe swelling,Sudden/severe swelling in pregnancy can be a serious warning sign and needs prompt assessment.,,pregnant,MED-CDC-HEARHER,Urgent maternal warning signs list,,,,Medical safety reviewer,A: official/government or professional guidance; restricted sources are review-only unless licensed,PUBLIC_DOMAIN_MOST_TEXT_VERIFY_EXCEPTIONS,SOURCE_CANDIDATES_IDENTIFIED,
SAFE-014,SAFETY_ESCALATION,SAFETY,Reduced fetal movement,Markedly reduced fetal movement routes to prompt clinician contact.,,pregnant,MED-OWH-PRENATAL,Sections: early/regular prenatal care; preconception health; medicines,,,,Medical safety reviewer,A: official/government or professional guidance; restricted sources are review-only unless licensed,PUBLIC_DOMAIN_TEXT_REUSE,SOURCE_CANDIDATES_IDENTIFIED,
SAFE-015,SAFETY_ESCALATION,SAFETY,Uncertainty / no diagnosis,"When evidence is insufficient, the AI states uncertainty and routes appropriately instead of diagnosing or inventing certainty.",,all health modes,MED-CDC-HEARHER,Urgent maternal warning signs list,,,,Medical safety reviewer,A: official/government or professional guidance; restricted sources are review-only unless licensed,PUBLIC_DOMAIN_MOST_TEXT_VERIFY_EXCEPTIONS,SOURCE_CANDIDATES_IDENTIFIED,
PROD-AI-001,NISWAH_PRODUCT,AI_TRUST_BOUNDARY,Canonical menstrual authority,"The AI must use canonical bleeding_episodes/bleeding_observations-derived state as factual authority, not legacy cycle_entries.",,all AI modes,PROD-NISWAH-CODE,"Canonical bleeding model, UserAiContext, Madhhab state, AI mode contracts",,,,Product + engineering reviewer,A: official/government or professional guidance; restricted sources are review-only unless licensed,INTERNAL_SOURCE,IMPLEMENTED_VIA_ALTERNATE_MECHANISM,"Correction (2026-09-30): no bleeding_episodes/bleeding_observations table or model was ever built -- that phrase in this row's own requirement text was an unverified planning-stage assumption that propagated into FOUNDER_DECISIONS.md's original FD-1 entry without code verification. The real, already-shared canonical engine is CycleStatusEngine/MadhhabRuleEvaluator (Dart, deterministic) reading cycle_entries directly -- there is no separate canonical table to migrate to. This requirement is satisfied for the Haid/Tahara/Istihada axis via supabase/functions/_shared/fiqh_state_guard.ts (server-side validation of the engine's real enum + a fail-closed gate for unresolved state), verified with 9 real-model test cases. See FOUNDER_DECISIONS.md's FD-1 entry (corrected same date) for the full record. Not yet extended to Nifas/postpartum Fiqh state -- no canonical engine exists for that axis."
PROD-AI-002,NISWAH_PRODUCT,AI_TRUST_BOUNDARY,UNKNOWN Madhhab,"If Madhhab is UNKNOWN/UNSET, the AI must not silently select or invent a madhhab.",,all AI modes,PROD-NISWAH-CODE,"Canonical bleeding model, UserAiContext, Madhhab state, AI mode contracts",,,,Product + engineering reviewer,A: official/government or professional guidance; restricted sources are review-only unless licensed,INTERNAL_SOURCE,SOURCE_CANDIDATES_IDENTIFIED,
PROD-AI-003,NISWAH_PRODUCT,AI_TRUST_BOUNDARY,TTC estimate provenance,"TTC-derived fertile-window/ovulation estimates must be labeled as derived estimates with provenance, not observations.",,all AI modes,PROD-NISWAH-CODE,"Canonical bleeding model, UserAiContext, Madhhab state, AI mode contracts",,,,Product + engineering reviewer,A: official/government or professional guidance; restricted sources are review-only unless licensed,INTERNAL_SOURCE,SOURCE_CANDIDATES_IDENTIFIED,
PROD-AI-004,NISWAH_PRODUCT,AI_TRUST_BOUNDARY,Dream interpreter separation,Dream Interpreter must not inherit Health/Fiqh authority or present religious/predictive certainty.,,all AI modes,PROD-NISWAH-CODE,"Canonical bleeding model, UserAiContext, Madhhab state, AI mode contracts",,,,Product + engineering reviewer,A: official/government or professional guidance; restricted sources are review-only unless licensed,INTERNAL_SOURCE,SOURCE_CANDIDATES_IDENTIFIED,
PROD-AI-005,NISWAH_PRODUCT,AI_TRUST_BOUNDARY,Citation traceability,Every authoritative answer must be traceable from answer → knowledge item/version → source → exact locator.,,all AI modes,PROD-NISWAH-CODE,"Canonical bleeding model, UserAiContext, Madhhab state, AI mode contracts",,,,Product + engineering reviewer,A: official/government or professional guidance; restricted sources are review-only unless licensed,INTERNAL_SOURCE,SOURCE_CANDIDATES_IDENTIFIED,
PROD-AI-006,NISWAH_PRODUCT,AI_TRUST_BOUNDARY,Account isolation,"No user state, notes, symptoms, madhhab, pregnancy or menstrual context may cross account boundaries.",,all AI modes,PROD-NISWAH-CODE,"Canonical bleeding model, UserAiContext, Madhhab state, AI mode contracts",,,,Product + engineering reviewer,A: official/government or professional guidance; restricted sources are review-only unless licensed,INTERNAL_SOURCE,SOURCE_CANDIDATES_IDENTIFIED,
PROD-AI-007,NISWAH_PRODUCT,AI_TRUST_BOUNDARY,Domain separation,"Health, Fiqh, Product and Safety evidence may contribute to one response but must not be silently merged into one authority claim.",,all AI modes,PROD-NISWAH-CODE,"Canonical bleeding model, UserAiContext, Madhhab state, AI mode contracts",,,,Product + engineering reviewer,A: official/government or professional guidance; restricted sources are review-only unless licensed,INTERNAL_SOURCE,SOURCE_CANDIDATES_IDENTIFIED,
