review_id,madhhab,category,subtopic,question_en,question_ar,primary_source,primary_url,primary_locator,primary_passage,secondary_source,secondary_url,secondary_locator,secondary_passage,comparative_source,comparative_url,comparative_locator,proposed_canonical_ruling_ar,proposed_canonical_ruling_en,conflict_notes,scholar_decision,reviewer_name,review_date,extraction_status,publication_status
HNF-HAID-01,hanafi,Haid,Qualifying bleeding,What conditions make bleeding eligible to be classified as Haid?,ما الشروط التي تجعل الدم صالحًا للحكم عليه بأنه حيض؟,رد المحتار على الدر المختار — ابن عابدين,https://waqfeya.net/books/%D8%B1%D8%AF-%D8%A7%D9%84%D9%85%D8%AD%D8%AA%D8%A7%D8%B1-%D8%B9%D9%84%D9%89-%D8%A7%D9%84%D8%AF%D8%B1-%D8%A7%D9%84%D9%85%D8%AE%D8%AA%D8%A7%D8%B1-%D8%AD%D8%A7%D8%B4%D9%8A%D8%A9-%D8%A7%D8%A8%D9%86-%D8%B9%D8%A7%D8%A8%D8%AF%D9%8A%D9%86-%D9%88%D9%8A%D9%84%D9%8A%D9%87-%D9%82%D8%B1%D8%A9-%D8%B9%D9%8A%D9%88%D9%86-%D8%A7%D9%84%D8%A3%D8%AE%D9%8A%D8%A7%D8%B1-%D9%88%D8%AA%D9%82%D8%B1%D9%8A%D8%B1%D8%A7%D8%AA-%D8%A7%D9%84%D8%B1%D8%A7%D9%81%D8%B9%D9%8A/d624c5cdd9fa42268747e4cafde1a3a5,كتاب الطهارة → باب/فصل الحيض والاستحاضة والنفاس؛ exact edition/page passage still to extract,,بدائع الصنائع في ترتيب الشرائع — الكاساني,https://waqfeya.net/books/%D8%A8%D8%AF%D8%A7%D8%A6%D8%B9-%D8%A7%D9%84%D8%B5%D9%86%D8%A7%D8%A6%D8%B9-%D9%81%D9%8A-%D8%AA%D8%B1%D8%AA%D9%8A%D8%A8-%D8%A7%D9%84%D8%B4%D8%B1%D8%A7%D8%A6%D8%B9-3eb4313d457e494aac202d54d907fa34,كتاب الطهارة → باب/فصل الحيض والاستحاضة والنفاس؛ exact edition/page passage still to extract,,الموسوعة الفقهية الكويتية,https://www.fiqhpedia.org/,مدخل مناسب: Haid / related issue; exact entry to record during extraction,,,,PENDING,,,PASSAGE_EXTRACTION_REQUIRED,NOT_APPROVED_NOT_PUBLISHED
HNF-HAID-02,hanafi,Haid,Age / eligibility,What age or maturity constraints affect whether bleeding may be Haid?,ما القيود المتعلقة بالعمر أو البلوغ التي تؤثر في إمكان اعتبار الدم حيضًا؟,رد المحتار على الدر المختار — ابن عابدين,https://waqfeya.net/books/%D8%B1%D8%AF-%D8%A7%D9%84%D9%85%D8%AD%D8%AA%D8%A7%D8%B1-%D8%B9%D9%84%D9%89-%D8%A7%D9%84%D8%AF%D8%B1-%D8%A7%D9%84%D9%85%D8%AE%D8%AA%D8%A7%D8%B1-%D8%AD%D8%A7%D8%B4%D9%8A%D8%A9-%D8%A7%D8%A8%D9%86-%D8%B9%D8%A7%D8%A8%D8%AF%D9%8A%D9%86-%D9%88%D9%8A%D9%84%D9%8A%D9%87-%D9%82%D8%B1%D8%A9-%D8%B9%D9%8A%D9%88%D9%86-%D8%A7%D9%84%D8%A3%D8%AE%D9%8A%D8%A7%D8%B1-%D9%88%D8%AA%D9%82%D8%B1%D9%8A%D8%B1%D8%A7%D8%AA-%D8%A7%D9%84%D8%B1%D8%A7%D9%81%D8%B9%D9%8A/d624c5cdd9fa42268747e4cafde1a3a5,كتاب الطهارة → باب/فصل الحيض والاستحاضة والنفاس؛ exact edition/page passage still to extract,,بدائع الصنائع في ترتيب الشرائع — الكاساني,https://waqfeya.net/books/%D8%A8%D8%AF%D8%A7%D8%A6%D8%B9-%D8%A7%D9%84%D8%B5%D9%86%D8%A7%D8%A6%D8%B9-%D9%81%D9%8A-%D8%AA%D8%B1%D8%AA%D9%8A%D8%A8-%D8%A7%D9%84%D8%B4%D8%B1%D8%A7%D8%A6%D8%B9-3eb4313d457e494aac202d54d907fa34,كتاب الطهارة → باب/فصل الحيض والاستحاضة والنفاس؛ exact edition/page passage still to extract,,الموسوعة الفقهية الكويتية,https://www.fiqhpedia.org/,مدخل مناسب: Haid / related issue; exact entry to record during extraction,,,,PENDING,,,PASSAGE_EXTRACTION_REQUIRED,NOT_APPROVED_NOT_PUBLISHED
HNF-HAID-03,hanafi,Haid,Pregnancy bleeding,"Can bleeding during pregnancy be classified as Haid, and under what conditions?",هل يمكن اعتبار الدم أثناء الحمل حيضًا، وتحت أي شروط؟,رد المحتار على الدر المختار — ابن عابدين,https://waqfeya.net/books/%D8%B1%D8%AF-%D8%A7%D9%84%D9%85%D8%AD%D8%AA%D8%A7%D8%B1-%D8%B9%D9%84%D9%89-%D8%A7%D9%84%D8%AF%D8%B1-%D8%A7%D9%84%D9%85%D8%AE%D8%AA%D8%A7%D8%B1-%D8%AD%D8%A7%D8%B4%D9%8A%D8%A9-%D8%A7%D8%A8%D9%86-%D8%B9%D8%A7%D8%A8%D8%AF%D9%8A%D9%86-%D9%88%D9%8A%D9%84%D9%8A%D9%87-%D9%82%D8%B1%D8%A9-%D8%B9%D9%8A%D9%88%D9%86-%D8%A7%D9%84%D8%A3%D8%AE%D9%8A%D8%A7%D8%B1-%D9%88%D8%AA%D9%82%D8%B1%D9%8A%D8%B1%D8%A7%D8%AA-%D8%A7%D9%84%D8%B1%D8%A7%D9%81%D8%B9%D9%8A/d624c5cdd9fa42268747e4cafde1a3a5,كتاب الطهارة → باب/فصل الحيض والاستحاضة والنفاس؛ exact edition/page passage still to extract,,بدائع الصنائع في ترتيب الشرائع — الكاساني,https://waqfeya.net/books/%D8%A8%D8%AF%D8%A7%D8%A6%D8%B9-%D8%A7%D9%84%D8%B5%D9%86%D8%A7%D8%A6%D8%B9-%D9%81%D9%8A-%D8%AA%D8%B1%D8%AA%D9%8A%D8%A8-%D8%A7%D9%84%D8%B4%D8%B1%D8%A7%D8%A6%D8%B9-3eb4313d457e494aac202d54d907fa34,كتاب الطهارة → باب/فصل الحيض والاستحاضة والنفاس؛ exact edition/page passage still to extract,,الموسوعة الفقهية الكويتية,https://www.fiqhpedia.org/,مدخل مناسب: Haid / related issue; exact entry to record during extraction,,,,PENDING,,,PASSAGE_EXTRACTION_REQUIRED,NOT_APPROVED_NOT_PUBLISHED
HNF-HAID-04,hanafi,Haid,Minimum duration,What is the minimum duration/amount required for a valid Haid classification?,ما أقل مدة أو قدر معتبر لصحة الحكم بالحيض؟,رد المحتار على الدر المختار — ابن عابدين,https://waqfeya.net/books/%D8%B1%D8%AF-%D8%A7%D9%84%D9%85%D8%AD%D8%AA%D8%A7%D8%B1-%D8%B9%D9%84%D9%89-%D8%A7%D9%84%D8%AF%D8%B1-%D8%A7%D9%84%D9%85%D8%AE%D8%AA%D8%A7%D8%B1-%D8%AD%D8%A7%D8%B4%D9%8A%D8%A9-%D8%A7%D8%A8%D9%86-%D8%B9%D8%A7%D8%A8%D8%AF%D9%8A%D9%86-%D9%88%D9%8A%D9%84%D9%8A%D9%87-%D9%82%D8%B1%D8%A9-%D8%B9%D9%8A%D9%88%D9%86-%D8%A7%D9%84%D8%A3%D8%AE%D9%8A%D8%A7%D8%B1-%D9%88%D8%AA%D9%82%D8%B1%D9%8A%D8%B1%D8%A7%D8%AA-%D8%A7%D9%84%D8%B1%D8%A7%D9%81%D8%B9%D9%8A/d624c5cdd9fa42268747e4cafde1a3a5,كتاب الطهارة → باب/فصل الحيض والاستحاضة والنفاس؛ exact edition/page passage still to extract,,بدائع الصنائع في ترتيب الشرائع — الكاساني,https://waqfeya.net/books/%D8%A8%D8%AF%D8%A7%D8%A6%D8%B9-%D8%A7%D9%84%D8%B5%D9%86%D8%A7%D8%A6%D8%B9-%D9%81%D9%8A-%D8%AA%D8%B1%D8%AA%D9%8A%D8%A8-%D8%A7%D9%84%D8%B4%D8%B1%D8%A7%D8%A6%D8%B9-3eb4313d457e494aac202d54d907fa34,كتاب الطهارة → باب/فصل الحيض والاستحاضة والنفاس؛ exact edition/page passage still to extract,,الموسوعة الفقهية الكويتية,https://www.fiqhpedia.org/,مدخل مناسب: Haid / related issue; exact entry to record during extraction,,,,PENDING,,,PASSAGE_EXTRACTION_REQUIRED,NOT_APPROVED_NOT_PUBLISHED
HNF-HAID-05,hanafi,Haid,Maximum duration,What is the maximum duration of Haid before excess bleeding is treated differently?,ما أكثر مدة الحيض قبل أن يعامل الدم الزائد بحكم آخر؟,رد المحتار على الدر المختار — ابن عابدين,https://waqfeya.net/books/%D8%B1%D8%AF-%D8%A7%D9%84%D9%85%D8%AD%D8%AA%D8%A7%D8%B1-%D8%B9%D9%84%D9%89-%D8%A7%D9%84%D8%AF%D8%B1-%D8%A7%D9%84%D9%85%D8%AE%D8%AA%D8%A7%D8%B1-%D8%AD%D8%A7%D8%B4%D9%8A%D8%A9-%D8%A7%D8%A8%D9%86-%D8%B9%D8%A7%D8%A8%D8%AF%D9%8A%D9%86-%D9%88%D9%8A%D9%84%D9%8A%D9%87-%D9%82%D8%B1%D8%A9-%D8%B9%D9%8A%D9%88%D9%86-%D8%A7%D9%84%D8%A3%D8%AE%D9%8A%D8%A7%D8%B1-%D9%88%D8%AA%D9%82%D8%B1%D9%8A%D8%B1%D8%A7%D8%AA-%D8%A7%D9%84%D8%B1%D8%A7%D9%81%D8%B9%D9%8A/d624c5cdd9fa42268747e4cafde1a3a5,كتاب الطهارة → باب/فصل الحيض والاستحاضة والنفاس؛ exact edition/page passage still to extract,,بدائع الصنائع في ترتيب الشرائع — الكاساني,https://waqfeya.net/books/%D8%A8%D8%AF%D8%A7%D8%A6%D8%B9-%D8%A7%D9%84%D8%B5%D9%86%D8%A7%D8%A6%D8%B9-%D9%81%D9%8A-%D8%AA%D8%B1%D8%AA%D9%8A%D8%A8-%D8%A7%D9%84%D8%B4%D8%B1%D8%A7%D8%A6%D8%B9-3eb4313d457e494aac202d54d907fa34,كتاب الطهارة → باب/فصل الحيض والاستحاضة والنفاس؛ exact edition/page passage still to extract,,الموسوعة الفقهية الكويتية,https://www.fiqhpedia.org/,مدخل مناسب: Haid / related issue; exact entry to record during extraction,,,,PENDING,,,PASSAGE_EXTRACTION_REQUIRED,NOT_APPROVED_NOT_PUBLISHED
HNF-HAID-06,hanafi,Haid,Minimum Tuhr,What minimum interval of purity is required between two separate menstrual episodes?,ما أقل مدة للطهر بين حيضتين مستقلتين؟,رد المحتار على الدر المختار — ابن عابدين,https://waqfeya.net/books/%D8%B1%D8%AF-%D8%A7%D9%84%D9%85%D8%AD%D8%AA%D8%A7%D8%B1-%D8%B9%D9%84%D9%89-%D8%A7%D9%84%D8%AF%D8%B1-%D8%A7%D9%84%D9%85%D8%AE%D8%AA%D8%A7%D8%B1-%D8%AD%D8%A7%D8%B4%D9%8A%D8%A9-%D8%A7%D8%A8%D9%86-%D8%B9%D8%A7%D8%A8%D8%AF%D9%8A%D9%86-%D9%88%D9%8A%D9%84%D9%8A%D9%87-%D9%82%D8%B1%D8%A9-%D8%B9%D9%8A%D9%88%D9%86-%D8%A7%D9%84%D8%A3%D8%AE%D9%8A%D8%A7%D8%B1-%D9%88%D8%AA%D9%82%D8%B1%D9%8A%D8%B1%D8%A7%D8%AA-%D8%A7%D9%84%D8%B1%D8%A7%D9%81%D8%B9%D9%8A/d624c5cdd9fa42268747e4cafde1a3a5,كتاب الطهارة → باب/فصل الحيض والاستحاضة والنفاس؛ exact edition/page passage still to extract,,بدائع الصنائع في ترتيب الشرائع — الكاساني,https://waqfeya.net/books/%D8%A8%D8%AF%D8%A7%D8%A6%D8%B9-%D8%A7%D9%84%D8%B5%D9%86%D8%A7%D8%A6%D8%B9-%D9%81%D9%8A-%D8%AA%D8%B1%D8%AA%D9%8A%D8%A8-%D8%A7%D9%84%D8%B4%D8%B1%D8%A7%D8%A6%D8%B9-3eb4313d457e494aac202d54d907fa34,كتاب الطهارة → باب/فصل الحيض والاستحاضة والنفاس؛ exact edition/page passage still to extract,,الموسوعة الفقهية الكويتية,https://www.fiqhpedia.org/,مدخل مناسب: Haid / related issue; exact entry to record during extraction,,,,PENDING,,,PASSAGE_EXTRACTION_REQUIRED,NOT_APPROVED_NOT_PUBLISHED
HNF-HAID-07,hanafi,Haid,Maximum Tuhr,"Is there a maximum duration of purity, and does it affect classification?",هل للطهر حد أقصى، وهل يؤثر ذلك في التصنيف؟,رد المحتار على الدر المختار — ابن عابدين,https://waqfeya.net/books/%D8%B1%D8%AF-%D8%A7%D9%84%D9%85%D8%AD%D8%AA%D8%A7%D8%B1-%D8%B9%D9%84%D9%89-%D8%A7%D9%84%D8%AF%D8%B1-%D8%A7%D9%84%D9%85%D8%AE%D8%AA%D8%A7%D8%B1-%D8%AD%D8%A7%D8%B4%D9%8A%D8%A9-%D8%A7%D8%A8%D9%86-%D8%B9%D8%A7%D8%A8%D8%AF%D9%8A%D9%86-%D9%88%D9%8A%D9%84%D9%8A%D9%87-%D9%82%D8%B1%D8%A9-%D8%B9%D9%8A%D9%88%D9%86-%D8%A7%D9%84%D8%A3%D8%AE%D9%8A%D8%A7%D8%B1-%D9%88%D8%AA%D9%82%D8%B1%D9%8A%D8%B1%D8%A7%D8%AA-%D8%A7%D9%84%D8%B1%D8%A7%D9%81%D8%B9%D9%8A/d624c5cdd9fa42268747e4cafde1a3a5,كتاب الطهارة → باب/فصل الحيض والاستحاضة والنفاس؛ exact edition/page passage still to extract,,بدائع الصنائع في ترتيب الشرائع — الكاساني,https://waqfeya.net/books/%D8%A8%D8%AF%D8%A7%D8%A6%D8%B9-%D8%A7%D9%84%D8%B5%D9%86%D8%A7%D8%A6%D8%B9-%D9%81%D9%8A-%D8%AA%D8%B1%D8%AA%D9%8A%D8%A8-%D8%A7%D9%84%D8%B4%D8%B1%D8%A7%D8%A6%D8%B9-3eb4313d457e494aac202d54d907fa34,كتاب الطهارة → باب/فصل الحيض والاستحاضة والنفاس؛ exact edition/page passage still to extract,,الموسوعة الفقهية الكويتية,https://www.fiqhpedia.org/,مدخل مناسب: Haid / related issue; exact entry to record during extraction,,,,PENDING,,,PASSAGE_EXTRACTION_REQUIRED,NOT_APPROVED_NOT_PUBLISHED
HNF-HAID-08,hanafi,Haid,Yellow/brown before purity,How is yellow/brown discharge treated before confirmed purity?,ما حكم الصفرة والكدرة قبل تحقق الطهر؟,رد المحتار على الدر المختار — ابن عابدين,https://waqfeya.net/books/%D8%B1%D8%AF-%D8%A7%D9%84%D9%85%D8%AD%D8%AA%D8%A7%D8%B1-%D8%B9%D9%84%D9%89-%D8%A7%D9%84%D8%AF%D8%B1-%D8%A7%D9%84%D9%85%D8%AE%D8%AA%D8%A7%D8%B1-%D8%AD%D8%A7%D8%B4%D9%8A%D8%A9-%D8%A7%D8%A8%D9%86-%D8%B9%D8%A7%D8%A8%D8%AF%D9%8A%D9%86-%D9%88%D9%8A%D9%84%D9%8A%D9%87-%D9%82%D8%B1%D8%A9-%D8%B9%D9%8A%D9%88%D9%86-%D8%A7%D9%84%D8%A3%D8%AE%D9%8A%D8%A7%D8%B1-%D9%88%D8%AA%D9%82%D8%B1%D9%8A%D8%B1%D8%A7%D8%AA-%D8%A7%D9%84%D8%B1%D8%A7%D9%81%D8%B9%D9%8A/d624c5cdd9fa42268747e4cafde1a3a5,كتاب الطهارة → باب/فصل الحيض والاستحاضة والنفاس؛ exact edition/page passage still to extract,,بدائع الصنائع في ترتيب الشرائع — الكاساني,https://waqfeya.net/books/%D8%A8%D8%AF%D8%A7%D8%A6%D8%B9-%D8%A7%D9%84%D8%B5%D9%86%D8%A7%D8%A6%D8%B9-%D9%81%D9%8A-%D8%AA%D8%B1%D8%AA%D9%8A%D8%A8-%D8%A7%D9%84%D8%B4%D8%B1%D8%A7%D8%A6%D8%B9-3eb4313d457e494aac202d54d907fa34,كتاب الطهارة → باب/فصل الحيض والاستحاضة والنفاس؛ exact edition/page passage still to extract,,الموسوعة الفقهية الكويتية,https://www.fiqhpedia.org/,مدخل مناسب: Haid / related issue; exact entry to record during extraction,,,,PENDING,,,PASSAGE_EXTRACTION_REQUIRED,NOT_APPROVED_NOT_PUBLISHED
HNF-HAID-09,hanafi,Haid,Yellow/brown after purity,How is yellow/brown discharge treated after confirmed purity?,ما حكم الصفرة والكدرة بعد تحقق الطهر؟,رد المحتار على الدر المختار — ابن عابدين,https://waqfeya.net/books/%D8%B1%D8%AF-%D8%A7%D9%84%D9%85%D8%AD%D8%AA%D8%A7%D8%B1-%D8%B9%D9%84%D9%89-%D8%A7%D9%84%D8%AF%D8%B1-%D8%A7%D9%84%D9%85%D8%AE%D8%AA%D8%A7%D8%B1-%D8%AD%D8%A7%D8%B4%D9%8A%D8%A9-%D8%A7%D8%A8%D9%86-%D8%B9%D8%A7%D8%A8%D8%AF%D9%8A%D9%86-%D9%88%D9%8A%D9%84%D9%8A%D9%87-%D9%82%D8%B1%D8%A9-%D8%B9%D9%8A%D9%88%D9%86-%D8%A7%D9%84%D8%A3%D8%AE%D9%8A%D8%A7%D8%B1-%D9%88%D8%AA%D9%82%D8%B1%D9%8A%D8%B1%D8%A7%D8%AA-%D8%A7%D9%84%D8%B1%D8%A7%D9%81%D8%B9%D9%8A/d624c5cdd9fa42268747e4cafde1a3a5,كتاب الطهارة → باب/فصل الحيض والاستحاضة والنفاس؛ exact edition/page passage still to extract,,بدائع الصنائع في ترتيب الشرائع — الكاساني,https://waqfeya.net/books/%D8%A8%D8%AF%D8%A7%D8%A6%D8%B9-%D8%A7%D9%84%D8%B5%D9%86%D8%A7%D8%A6%D8%B9-%D9%81%D9%8A-%D8%AA%D8%B1%D8%AA%D9%8A%D8%A8-%D8%A7%D9%84%D8%B4%D8%B1%D8%A7%D8%A6%D8%B9-3eb4313d457e494aac202d54d907fa34,كتاب الطهارة → باب/فصل الحيض والاستحاضة والنفاس؛ exact edition/page passage still to extract,,الموسوعة الفقهية الكويتية,https://www.fiqhpedia.org/,مدخل مناسب: Haid / related issue; exact entry to record during extraction,,,,PENDING,,,PASSAGE_EXTRACTION_REQUIRED,NOT_APPROVED_NOT_PUBLISHED
HNF-TAHARA-10,hanafi,Tahara,Dryness,When does complete dryness establish Tahara?,متى يُعد الجفاف التام علامة معتبرة على الطهر؟,رد المحتار على الدر المختار — ابن عابدين,https://waqfeya.net/books/%D8%B1%D8%AF-%D8%A7%D9%84%D9%85%D8%AD%D8%AA%D8%A7%D8%B1-%D8%B9%D9%84%D9%89-%D8%A7%D9%84%D8%AF%D8%B1-%D8%A7%D9%84%D9%85%D8%AE%D8%AA%D8%A7%D8%B1-%D8%AD%D8%A7%D8%B4%D9%8A%D8%A9-%D8%A7%D8%A8%D9%86-%D8%B9%D8%A7%D8%A8%D8%AF%D9%8A%D9%86-%D9%88%D9%8A%D9%84%D9%8A%D9%87-%D9%82%D8%B1%D8%A9-%D8%B9%D9%8A%D9%88%D9%86-%D8%A7%D9%84%D8%A3%D8%AE%D9%8A%D8%A7%D8%B1-%D9%88%D8%AA%D9%82%D8%B1%D9%8A%D8%B1%D8%A7%D8%AA-%D8%A7%D9%84%D8%B1%D8%A7%D9%81%D8%B9%D9%8A/d624c5cdd9fa42268747e4cafde1a3a5,كتاب الطهارة → باب/فصل الحيض والاستحاضة والنفاس؛ exact edition/page passage still to extract,,بدائع الصنائع في ترتيب الشرائع — الكاساني,https://waqfeya.net/books/%D8%A8%D8%AF%D8%A7%D8%A6%D8%B9-%D8%A7%D9%84%D8%B5%D9%86%D8%A7%D8%A6%D8%B9-%D9%81%D9%8A-%D8%AA%D8%B1%D8%AA%D9%8A%D8%A8-%D8%A7%D9%84%D8%B4%D8%B1%D8%A7%D8%A6%D8%B9-3eb4313d457e494aac202d54d907fa34,كتاب الطهارة → باب/فصل الحيض والاستحاضة والنفاس؛ exact edition/page passage still to extract,,الموسوعة الفقهية الكويتية,https://www.fiqhpedia.org/,مدخل مناسب: Tahara / related issue; exact entry to record during extraction,,,,PENDING,,,PASSAGE_EXTRACTION_REQUIRED,NOT_APPROVED_NOT_PUBLISHED
HNF-TAHARA-11,hanafi,Tahara,White discharge,What role does the white discharge play in establishing Tahara?,ما دور القصة البيضاء في إثبات الطهر؟,رد المحتار على الدر المختار — ابن عابدين,https://waqfeya.net/books/%D8%B1%D8%AF-%D8%A7%D9%84%D9%85%D8%AD%D8%AA%D8%A7%D8%B1-%D8%B9%D9%84%D9%89-%D8%A7%D9%84%D8%AF%D8%B1-%D8%A7%D9%84%D9%85%D8%AE%D8%AA%D8%A7%D8%B1-%D8%AD%D8%A7%D8%B4%D9%8A%D8%A9-%D8%A7%D8%A8%D9%86-%D8%B9%D8%A7%D8%A8%D8%AF%D9%8A%D9%86-%D9%88%D9%8A%D9%84%D9%8A%D9%87-%D9%82%D8%B1%D8%A9-%D8%B9%D9%8A%D9%88%D9%86-%D8%A7%D9%84%D8%A3%D8%AE%D9%8A%D8%A7%D8%B1-%D9%88%D8%AA%D9%82%D8%B1%D9%8A%D8%B1%D8%A7%D8%AA-%D8%A7%D9%84%D8%B1%D8%A7%D9%81%D8%B9%D9%8A/d624c5cdd9fa42268747e4cafde1a3a5,كتاب الطهارة → باب/فصل الحيض والاستحاضة والنفاس؛ exact edition/page passage still to extract,,بدائع الصنائع في ترتيب الشرائع — الكاساني,https://waqfeya.net/books/%D8%A8%D8%AF%D8%A7%D8%A6%D8%B9-%D8%A7%D9%84%D8%B5%D9%86%D8%A7%D8%A6%D8%B9-%D9%81%D9%8A-%D8%AA%D8%B1%D8%AA%D9%8A%D8%A8-%D8%A7%D9%84%D8%B4%D8%B1%D8%A7%D8%A6%D8%B9-3eb4313d457e494aac202d54d907fa34,كتاب الطهارة → باب/فصل الحيض والاستحاضة والنفاس؛ exact edition/page passage still to extract,,الموسوعة الفقهية الكويتية,https://www.fiqhpedia.org/,مدخل مناسب: Tahara / related issue; exact entry to record during extraction,,,,PENDING,,,PASSAGE_EXTRACTION_REQUIRED,NOT_APPROVED_NOT_PUBLISHED
HNF-HAID-12,hanafi,Haid,Intermittent dryness,How are dry intervals within a possible Haid episode classified?,كيف تُعامل فترات الجفاف المتخللة داخل مدة محتملة للحيض؟,رد المحتار على الدر المختار — ابن عابدين,https://waqfeya.net/books/%D8%B1%D8%AF-%D8%A7%D9%84%D9%85%D8%AD%D8%AA%D8%A7%D8%B1-%D8%B9%D9%84%D9%89-%D8%A7%D9%84%D8%AF%D8%B1-%D8%A7%D9%84%D9%85%D8%AE%D8%AA%D8%A7%D8%B1-%D8%AD%D8%A7%D8%B4%D9%8A%D8%A9-%D8%A7%D8%A8%D9%86-%D8%B9%D8%A7%D8%A8%D8%AF%D9%8A%D9%86-%D9%88%D9%8A%D9%84%D9%8A%D9%87-%D9%82%D8%B1%D8%A9-%D8%B9%D9%8A%D9%88%D9%86-%D8%A7%D9%84%D8%A3%D8%AE%D9%8A%D8%A7%D8%B1-%D9%88%D8%AA%D9%82%D8%B1%D9%8A%D8%B1%D8%A7%D8%AA-%D8%A7%D9%84%D8%B1%D8%A7%D9%81%D8%B9%D9%8A/d624c5cdd9fa42268747e4cafde1a3a5,كتاب الطهارة → باب/فصل الحيض والاستحاضة والنفاس؛ exact edition/page passage still to extract,,بدائع الصنائع في ترتيب الشرائع — الكاساني,https://waqfeya.net/books/%D8%A8%D8%AF%D8%A7%D8%A6%D8%B9-%D8%A7%D9%84%D8%B5%D9%86%D8%A7%D8%A6%D8%B9-%D9%81%D9%8A-%D8%AA%D8%B1%D8%AA%D9%8A%D8%A8-%D8%A7%D9%84%D8%B4%D8%B1%D8%A7%D8%A6%D8%B9-3eb4313d457e494aac202d54d907fa34,كتاب الطهارة → باب/فصل الحيض والاستحاضة والنفاس؛ exact edition/page passage still to extract,,الموسوعة الفقهية الكويتية,https://www.fiqhpedia.org/,مدخل مناسب: Haid / related issue; exact entry to record during extraction,,,,PENDING,,,PASSAGE_EXTRACTION_REQUIRED,NOT_APPROVED_NOT_PUBLISHED
HNF-HAID-13,hanafi,Haid,Resumed bleeding,How is bleeding classified when it returns after apparent purity?,كيف يُصنف الدم إذا عاد بعد طهر ظاهري؟,رد المحتار على الدر المختار — ابن عابدين,https://waqfeya.net/books/%D8%B1%D8%AF-%D8%A7%D9%84%D9%85%D8%AD%D8%AA%D8%A7%D8%B1-%D8%B9%D9%84%D9%89-%D8%A7%D9%84%D8%AF%D8%B1-%D8%A7%D9%84%D9%85%D8%AE%D8%AA%D8%A7%D8%B1-%D8%AD%D8%A7%D8%B4%D9%8A%D8%A9-%D8%A7%D8%A8%D9%86-%D8%B9%D8%A7%D8%A8%D8%AF%D9%8A%D9%86-%D9%88%D9%8A%D9%84%D9%8A%D9%87-%D9%82%D8%B1%D8%A9-%D8%B9%D9%8A%D9%88%D9%86-%D8%A7%D9%84%D8%A3%D8%AE%D9%8A%D8%A7%D8%B1-%D9%88%D8%AA%D9%82%D8%B1%D9%8A%D8%B1%D8%A7%D8%AA-%D8%A7%D9%84%D8%B1%D8%A7%D9%81%D8%B9%D9%8A/d624c5cdd9fa42268747e4cafde1a3a5,كتاب الطهارة → باب/فصل الحيض والاستحاضة والنفاس؛ exact edition/page passage still to extract,,بدائع الصنائع في ترتيب الشرائع — الكاساني,https://waqfeya.net/books/%D8%A8%D8%AF%D8%A7%D8%A6%D8%B9-%D8%A7%D9%84%D8%B5%D9%86%D8%A7%D8%A6%D8%B9-%D9%81%D9%8A-%D8%AA%D8%B1%D8%AA%D9%8A%D8%A8-%D8%A7%D9%84%D8%B4%D8%B1%D8%A7%D8%A6%D8%B9-3eb4313d457e494aac202d54d907fa34,كتاب الطهارة → باب/فصل الحيض والاستحاضة والنفاس؛ exact edition/page passage still to extract,,الموسوعة الفقهية الكويتية,https://www.fiqhpedia.org/,مدخل مناسب: Haid / related issue; exact entry to record during extraction,,,,PENDING,,,PASSAGE_EXTRACTION_REQUIRED,NOT_APPROVED_NOT_PUBLISHED
HNF-HAID-14,hanafi,Haid,First-time bleeder,How is a first-ever bleeding episode handled when no prior habit exists?,كيف تُعامل المبتدئة عند أول نزف بلا عادة سابقة؟,رد المحتار على الدر المختار — ابن عابدين,https://waqfeya.net/books/%D8%B1%D8%AF-%D8%A7%D9%84%D9%85%D8%AD%D8%AA%D8%A7%D8%B1-%D8%B9%D9%84%D9%89-%D8%A7%D9%84%D8%AF%D8%B1-%D8%A7%D9%84%D9%85%D8%AE%D8%AA%D8%A7%D8%B1-%D8%AD%D8%A7%D8%B4%D9%8A%D8%A9-%D8%A7%D8%A8%D9%86-%D8%B9%D8%A7%D8%A8%D8%AF%D9%8A%D9%86-%D9%88%D9%8A%D9%84%D9%8A%D9%87-%D9%82%D8%B1%D8%A9-%D8%B9%D9%8A%D9%88%D9%86-%D8%A7%D9%84%D8%A3%D8%AE%D9%8A%D8%A7%D8%B1-%D9%88%D8%AA%D9%82%D8%B1%D9%8A%D8%B1%D8%A7%D8%AA-%D8%A7%D9%84%D8%B1%D8%A7%D9%81%D8%B9%D9%8A/d624c5cdd9fa42268747e4cafde1a3a5,كتاب الطهارة → باب/فصل الحيض والاستحاضة والنفاس؛ exact edition/page passage still to extract,,بدائع الصنائع في ترتيب الشرائع — الكاساني,https://waqfeya.net/books/%D8%A8%D8%AF%D8%A7%D8%A6%D8%B9-%D8%A7%D9%84%D8%B5%D9%86%D8%A7%D8%A6%D8%B9-%D9%81%D9%8A-%D8%AA%D8%B1%D8%AA%D9%8A%D8%A8-%D8%A7%D9%84%D8%B4%D8%B1%D8%A7%D8%A6%D8%B9-3eb4313d457e494aac202d54d907fa34,كتاب الطهارة → باب/فصل الحيض والاستحاضة والنفاس؛ exact edition/page passage still to extract,,الموسوعة الفقهية الكويتية,https://www.fiqhpedia.org/,مدخل مناسب: Haid / related issue; exact entry to record during extraction,,,,PENDING,,,PASSAGE_EXTRACTION_REQUIRED,NOT_APPROVED_NOT_PUBLISHED
HNF-HAID-15,hanafi,Haid,Habit establishment,How and after how many repetitions does a menstrual habit become legally relevant?,كيف ومتى تثبت العادة الحيضية المعتبرة شرعًا؟,رد المحتار على الدر المختار — ابن عابدين,https://waqfeya.net/books/%D8%B1%D8%AF-%D8%A7%D9%84%D9%85%D8%AD%D8%AA%D8%A7%D8%B1-%D8%B9%D9%84%D9%89-%D8%A7%D9%84%D8%AF%D8%B1-%D8%A7%D9%84%D9%85%D8%AE%D8%AA%D8%A7%D8%B1-%D8%AD%D8%A7%D8%B4%D9%8A%D8%A9-%D8%A7%D8%A8%D9%86-%D8%B9%D8%A7%D8%A8%D8%AF%D9%8A%D9%86-%D9%88%D9%8A%D9%84%D9%8A%D9%87-%D9%82%D8%B1%D8%A9-%D8%B9%D9%8A%D9%88%D9%86-%D8%A7%D9%84%D8%A3%D8%AE%D9%8A%D8%A7%D8%B1-%D9%88%D8%AA%D9%82%D8%B1%D9%8A%D8%B1%D8%A7%D8%AA-%D8%A7%D9%84%D8%B1%D8%A7%D9%81%D8%B9%D9%8A/d624c5cdd9fa42268747e4cafde1a3a5,كتاب الطهارة → باب/فصل الحيض والاستحاضة والنفاس؛ exact edition/page passage still to extract,,بدائع الصنائع في ترتيب الشرائع — الكاساني,https://waqfeya.net/books/%D8%A8%D8%AF%D8%A7%D8%A6%D8%B9-%D8%A7%D9%84%D8%B5%D9%86%D8%A7%D8%A6%D8%B9-%D9%81%D9%8A-%D8%AA%D8%B1%D8%AA%D9%8A%D8%A8-%D8%A7%D9%84%D8%B4%D8%B1%D8%A7%D8%A6%D8%B9-3eb4313d457e494aac202d54d907fa34,كتاب الطهارة → باب/فصل الحيض والاستحاضة والنفاس؛ exact edition/page passage still to extract,,الموسوعة الفقهية الكويتية,https://www.fiqhpedia.org/,مدخل مناسب: Haid / related issue; exact entry to record during extraction,,,,PENDING,,,PASSAGE_EXTRACTION_REQUIRED,NOT_APPROVED_NOT_PUBLISHED
HNF-HAID-16,hanafi,Haid,Habit timing change,How is a shift in the start timing of an established habit handled?,كيف يُتعامل مع تغير وقت بدء العادة المستقرة؟,رد المحتار على الدر المختار — ابن عابدين,https://waqfeya.net/books/%D8%B1%D8%AF-%D8%A7%D9%84%D9%85%D8%AD%D8%AA%D8%A7%D8%B1-%D8%B9%D9%84%D9%89-%D8%A7%D9%84%D8%AF%D8%B1-%D8%A7%D9%84%D9%85%D8%AE%D8%AA%D8%A7%D8%B1-%D8%AD%D8%A7%D8%B4%D9%8A%D8%A9-%D8%A7%D8%A8%D9%86-%D8%B9%D8%A7%D8%A8%D8%AF%D9%8A%D9%86-%D9%88%D9%8A%D9%84%D9%8A%D9%87-%D9%82%D8%B1%D8%A9-%D8%B9%D9%8A%D9%88%D9%86-%D8%A7%D9%84%D8%A3%D8%AE%D9%8A%D8%A7%D8%B1-%D9%88%D8%AA%D9%82%D8%B1%D9%8A%D8%B1%D8%A7%D8%AA-%D8%A7%D9%84%D8%B1%D8%A7%D9%81%D8%B9%D9%8A/d624c5cdd9fa42268747e4cafde1a3a5,كتاب الطهارة → باب/فصل الحيض والاستحاضة والنفاس؛ exact edition/page passage still to extract,,بدائع الصنائع في ترتيب الشرائع — الكاساني,https://waqfeya.net/books/%D8%A8%D8%AF%D8%A7%D8%A6%D8%B9-%D8%A7%D9%84%D8%B5%D9%86%D8%A7%D8%A6%D8%B9-%D9%81%D9%8A-%D8%AA%D8%B1%D8%AA%D9%8A%D8%A8-%D8%A7%D9%84%D8%B4%D8%B1%D8%A7%D8%A6%D8%B9-3eb4313d457e494aac202d54d907fa34,كتاب الطهارة → باب/فصل الحيض والاستحاضة والنفاس؛ exact edition/page passage still to extract,,الموسوعة الفقهية الكويتية,https://www.fiqhpedia.org/,مدخل مناسب: Haid / related issue; exact entry to record during extraction,,,,PENDING,,,PASSAGE_EXTRACTION_REQUIRED,NOT_APPROVED_NOT_PUBLISHED
HNF-HAID-17,hanafi,Haid,Habit duration change,How is a change in the duration of an established habit handled?,كيف يُتعامل مع تغير مدة العادة المستقرة؟,رد المحتار على الدر المختار — ابن عابدين,https://waqfeya.net/books/%D8%B1%D8%AF-%D8%A7%D9%84%D9%85%D8%AD%D8%AA%D8%A7%D8%B1-%D8%B9%D9%84%D9%89-%D8%A7%D9%84%D8%AF%D8%B1-%D8%A7%D9%84%D9%85%D8%AE%D8%AA%D8%A7%D8%B1-%D8%AD%D8%A7%D8%B4%D9%8A%D8%A9-%D8%A7%D8%A8%D9%86-%D8%B9%D8%A7%D8%A8%D8%AF%D9%8A%D9%86-%D9%88%D9%8A%D9%84%D9%8A%D9%87-%D9%82%D8%B1%D8%A9-%D8%B9%D9%8A%D9%88%D9%86-%D8%A7%D9%84%D8%A3%D8%AE%D9%8A%D8%A7%D8%B1-%D9%88%D8%AA%D9%82%D8%B1%D9%8A%D8%B1%D8%A7%D8%AA-%D8%A7%D9%84%D8%B1%D8%A7%D9%81%D8%B9%D9%8A/d624c5cdd9fa42268747e4cafde1a3a5,كتاب الطهارة → باب/فصل الحيض والاستحاضة والنفاس؛ exact edition/page passage still to extract,,بدائع الصنائع في ترتيب الشرائع — الكاساني,https://waqfeya.net/books/%D8%A8%D8%AF%D8%A7%D8%A6%D8%B9-%D8%A7%D9%84%D8%B5%D9%86%D8%A7%D8%A6%D8%B9-%D9%81%D9%8A-%D8%AA%D8%B1%D8%AA%D9%8A%D8%A8-%D8%A7%D9%84%D8%B4%D8%B1%D8%A7%D8%A6%D8%B9-3eb4313d457e494aac202d54d907fa34,كتاب الطهارة → باب/فصل الحيض والاستحاضة والنفاس؛ exact edition/page passage still to extract,,الموسوعة الفقهية الكويتية,https://www.fiqhpedia.org/,مدخل مناسب: Haid / related issue; exact entry to record during extraction,,,,PENDING,,,PASSAGE_EXTRACTION_REQUIRED,NOT_APPROVED_NOT_PUBLISHED
HNF-HAID-18,hanafi,Haid,Beyond maximum,How should bleeding beyond the madhhab's Haid limit be classified?,كيف يُصنف الدم الذي يتجاوز أكثر الحيض عند المذهب؟,رد المحتار على الدر المختار — ابن عابدين,https://waqfeya.net/books/%D8%B1%D8%AF-%D8%A7%D9%84%D9%85%D8%AD%D8%AA%D8%A7%D8%B1-%D8%B9%D9%84%D9%89-%D8%A7%D9%84%D8%AF%D8%B1-%D8%A7%D9%84%D9%85%D8%AE%D8%AA%D8%A7%D8%B1-%D8%AD%D8%A7%D8%B4%D9%8A%D8%A9-%D8%A7%D8%A8%D9%86-%D8%B9%D8%A7%D8%A8%D8%AF%D9%8A%D9%86-%D9%88%D9%8A%D9%84%D9%8A%D9%87-%D9%82%D8%B1%D8%A9-%D8%B9%D9%8A%D9%88%D9%86-%D8%A7%D9%84%D8%A3%D8%AE%D9%8A%D8%A7%D8%B1-%D9%88%D8%AA%D9%82%D8%B1%D9%8A%D8%B1%D8%A7%D8%AA-%D8%A7%D9%84%D8%B1%D8%A7%D9%81%D8%B9%D9%8A/d624c5cdd9fa42268747e4cafde1a3a5,كتاب الطهارة → باب/فصل الحيض والاستحاضة والنفاس؛ exact edition/page passage still to extract,,بدائع الصنائع في ترتيب الشرائع — الكاساني,https://waqfeya.net/books/%D8%A8%D8%AF%D8%A7%D8%A6%D8%B9-%D8%A7%D9%84%D8%B5%D9%86%D8%A7%D8%A6%D8%B9-%D9%81%D9%8A-%D8%AA%D8%B1%D8%AA%D9%8A%D8%A8-%D8%A7%D9%84%D8%B4%D8%B1%D8%A7%D8%A6%D8%B9-3eb4313d457e494aac202d54d907fa34,كتاب الطهارة → باب/فصل الحيض والاستحاضة والنفاس؛ exact edition/page passage still to extract,,الموسوعة الفقهية الكويتية,https://www.fiqhpedia.org/,مدخل مناسب: Haid / related issue; exact entry to record during extraction,,,,PENDING,,,PASSAGE_EXTRACTION_REQUIRED,NOT_APPROVED_NOT_PUBLISHED
HNF-HAID-19,hanafi,Haid,Conflicting evidence,"When habit, timing and blood characteristics conflict, which evidence controls classification?",إذا تعارضت العادة والتوقيت وصفات الدم، فما المرجح في التصنيف؟,رد المحتار على الدر المختار — ابن عابدين,https://waqfeya.net/books/%D8%B1%D8%AF-%D8%A7%D9%84%D9%85%D8%AD%D8%AA%D8%A7%D8%B1-%D8%B9%D9%84%D9%89-%D8%A7%D9%84%D8%AF%D8%B1-%D8%A7%D9%84%D9%85%D8%AE%D8%AA%D8%A7%D8%B1-%D8%AD%D8%A7%D8%B4%D9%8A%D8%A9-%D8%A7%D8%A8%D9%86-%D8%B9%D8%A7%D8%A8%D8%AF%D9%8A%D9%86-%D9%88%D9%8A%D9%84%D9%8A%D9%87-%D9%82%D8%B1%D8%A9-%D8%B9%D9%8A%D9%88%D9%86-%D8%A7%D9%84%D8%A3%D8%AE%D9%8A%D8%A7%D8%B1-%D9%88%D8%AA%D9%82%D8%B1%D9%8A%D8%B1%D8%A7%D8%AA-%D8%A7%D9%84%D8%B1%D8%A7%D9%81%D8%B9%D9%8A/d624c5cdd9fa42268747e4cafde1a3a5,كتاب الطهارة → باب/فصل الحيض والاستحاضة والنفاس؛ exact edition/page passage still to extract,,بدائع الصنائع في ترتيب الشرائع — الكاساني,https://waqfeya.net/books/%D8%A8%D8%AF%D8%A7%D8%A6%D8%B9-%D8%A7%D9%84%D8%B5%D9%86%D8%A7%D8%A6%D8%B9-%D9%81%D9%8A-%D8%AA%D8%B1%D8%AA%D9%8A%D8%A8-%D8%A7%D9%84%D8%B4%D8%B1%D8%A7%D8%A6%D8%B9-3eb4313d457e494aac202d54d907fa34,كتاب الطهارة → باب/فصل الحيض والاستحاضة والنفاس؛ exact edition/page passage still to extract,,الموسوعة الفقهية الكويتية,https://www.fiqhpedia.org/,مدخل مناسب: Haid / related issue; exact entry to record during extraction,,,,PENDING,,,PASSAGE_EXTRACTION_REQUIRED,NOT_APPROVED_NOT_PUBLISHED
HNF-ISTI-20,hanafi,Istihada,Definition,What makes bleeding Istihada rather than Haid or Nifas?,ما الذي يجعل الدم استحاضة لا حيضًا ولا نفاسًا؟,رد المحتار على الدر المختار — ابن عابدين,https://waqfeya.net/books/%D8%B1%D8%AF-%D8%A7%D9%84%D9%85%D8%AD%D8%AA%D8%A7%D8%B1-%D8%B9%D9%84%D9%89-%D8%A7%D9%84%D8%AF%D8%B1-%D8%A7%D9%84%D9%85%D8%AE%D8%AA%D8%A7%D8%B1-%D8%AD%D8%A7%D8%B4%D9%8A%D8%A9-%D8%A7%D8%A8%D9%86-%D8%B9%D8%A7%D8%A8%D8%AF%D9%8A%D9%86-%D9%88%D9%8A%D9%84%D9%8A%D9%87-%D9%82%D8%B1%D8%A9-%D8%B9%D9%8A%D9%88%D9%86-%D8%A7%D9%84%D8%A3%D8%AE%D9%8A%D8%A7%D8%B1-%D9%88%D8%AA%D9%82%D8%B1%D9%8A%D8%B1%D8%A7%D8%AA-%D8%A7%D9%84%D8%B1%D8%A7%D9%81%D8%B9%D9%8A/d624c5cdd9fa42268747e4cafde1a3a5,كتاب الطهارة → باب/فصل الحيض والاستحاضة والنفاس؛ exact edition/page passage still to extract,,بدائع الصنائع في ترتيب الشرائع — الكاساني,https://waqfeya.net/books/%D8%A8%D8%AF%D8%A7%D8%A6%D8%B9-%D8%A7%D9%84%D8%B5%D9%86%D8%A7%D8%A6%D8%B9-%D9%81%D9%8A-%D8%AA%D8%B1%D8%AA%D9%8A%D8%A8-%D8%A7%D9%84%D8%B4%D8%B1%D8%A7%D8%A6%D8%B9-3eb4313d457e494aac202d54d907fa34,كتاب الطهارة → باب/فصل الحيض والاستحاضة والنفاس؛ exact edition/page passage still to extract,,الموسوعة الفقهية الكويتية,https://www.fiqhpedia.org/,مدخل مناسب: Istihada / related issue; exact entry to record during extraction,,,,PENDING,,,PASSAGE_EXTRACTION_REQUIRED,NOT_APPROVED_NOT_PUBLISHED
HNF-ISTI-21,hanafi,Istihada,Known habit + prolonged bleeding,How is prolonged bleeding handled when an established habit exists?,كيف تتعامل المستحاضة مع الدم المستمر إذا كانت لها عادة معلومة؟,رد المحتار على الدر المختار — ابن عابدين,https://waqfeya.net/books/%D8%B1%D8%AF-%D8%A7%D9%84%D9%85%D8%AD%D8%AA%D8%A7%D8%B1-%D8%B9%D9%84%D9%89-%D8%A7%D9%84%D8%AF%D8%B1-%D8%A7%D9%84%D9%85%D8%AE%D8%AA%D8%A7%D8%B1-%D8%AD%D8%A7%D8%B4%D9%8A%D8%A9-%D8%A7%D8%A8%D9%86-%D8%B9%D8%A7%D8%A8%D8%AF%D9%8A%D9%86-%D9%88%D9%8A%D9%84%D9%8A%D9%87-%D9%82%D8%B1%D8%A9-%D8%B9%D9%8A%D9%88%D9%86-%D8%A7%D9%84%D8%A3%D8%AE%D9%8A%D8%A7%D8%B1-%D9%88%D8%AA%D9%82%D8%B1%D9%8A%D8%B1%D8%A7%D8%AA-%D8%A7%D9%84%D8%B1%D8%A7%D9%81%D8%B9%D9%8A/d624c5cdd9fa42268747e4cafde1a3a5,كتاب الطهارة → باب/فصل الحيض والاستحاضة والنفاس؛ exact edition/page passage still to extract,,بدائع الصنائع في ترتيب الشرائع — الكاساني,https://waqfeya.net/books/%D8%A8%D8%AF%D8%A7%D8%A6%D8%B9-%D8%A7%D9%84%D8%B5%D9%86%D8%A7%D8%A6%D8%B9-%D9%81%D9%8A-%D8%AA%D8%B1%D8%AA%D9%8A%D8%A8-%D8%A7%D9%84%D8%B4%D8%B1%D8%A7%D8%A6%D8%B9-3eb4313d457e494aac202d54d907fa34,كتاب الطهارة → باب/فصل الحيض والاستحاضة والنفاس؛ exact edition/page passage still to extract,,الموسوعة الفقهية الكويتية,https://www.fiqhpedia.org/,مدخل مناسب: Istihada / related issue; exact entry to record during extraction,,,,PENDING,,,PASSAGE_EXTRACTION_REQUIRED,NOT_APPROVED_NOT_PUBLISHED
HNF-ISTI-22,hanafi,Istihada,Tamyiz,How do distinguishable blood characteristics affect classification?,ما أثر التمييز بصفات الدم في الحكم؟,رد المحتار على الدر المختار — ابن عابدين,https://waqfeya.net/books/%D8%B1%D8%AF-%D8%A7%D9%84%D9%85%D8%AD%D8%AA%D8%A7%D8%B1-%D8%B9%D9%84%D9%89-%D8%A7%D9%84%D8%AF%D8%B1-%D8%A7%D9%84%D9%85%D8%AE%D8%AA%D8%A7%D8%B1-%D8%AD%D8%A7%D8%B4%D9%8A%D8%A9-%D8%A7%D8%A8%D9%86-%D8%B9%D8%A7%D8%A8%D8%AF%D9%8A%D9%86-%D9%88%D9%8A%D9%84%D9%8A%D9%87-%D9%82%D8%B1%D8%A9-%D8%B9%D9%8A%D9%88%D9%86-%D8%A7%D9%84%D8%A3%D8%AE%D9%8A%D8%A7%D8%B1-%D9%88%D8%AA%D9%82%D8%B1%D9%8A%D8%B1%D8%A7%D8%AA-%D8%A7%D9%84%D8%B1%D8%A7%D9%81%D8%B9%D9%8A/d624c5cdd9fa42268747e4cafde1a3a5,كتاب الطهارة → باب/فصل الحيض والاستحاضة والنفاس؛ exact edition/page passage still to extract,,بدائع الصنائع في ترتيب الشرائع — الكاساني,https://waqfeya.net/books/%D8%A8%D8%AF%D8%A7%D8%A6%D8%B9-%D8%A7%D9%84%D8%B5%D9%86%D8%A7%D8%A6%D8%B9-%D9%81%D9%8A-%D8%AA%D8%B1%D8%AA%D9%8A%D8%A8-%D8%A7%D9%84%D8%B4%D8%B1%D8%A7%D8%A6%D8%B9-3eb4313d457e494aac202d54d907fa34,كتاب الطهارة → باب/فصل الحيض والاستحاضة والنفاس؛ exact edition/page passage still to extract,,الموسوعة الفقهية الكويتية,https://www.fiqhpedia.org/,مدخل مناسب: Istihada / related issue; exact entry to record during extraction,,,,PENDING,,,PASSAGE_EXTRACTION_REQUIRED,NOT_APPROVED_NOT_PUBLISHED
HNF-ISTI-23,hanafi,Istihada,No habit / no tamyiz,How is the case handled when there is neither a reliable habit nor usable distinction?,كيف تُعامل من لا عادة لها ولا تمييز معتبر؟,رد المحتار على الدر المختار — ابن عابدين,https://waqfeya.net/books/%D8%B1%D8%AF-%D8%A7%D9%84%D9%85%D8%AD%D8%AA%D8%A7%D8%B1-%D8%B9%D9%84%D9%89-%D8%A7%D9%84%D8%AF%D8%B1-%D8%A7%D9%84%D9%85%D8%AE%D8%AA%D8%A7%D8%B1-%D8%AD%D8%A7%D8%B4%D9%8A%D8%A9-%D8%A7%D8%A8%D9%86-%D8%B9%D8%A7%D8%A8%D8%AF%D9%8A%D9%86-%D9%88%D9%8A%D9%84%D9%8A%D9%87-%D9%82%D8%B1%D8%A9-%D8%B9%D9%8A%D9%88%D9%86-%D8%A7%D9%84%D8%A3%D8%AE%D9%8A%D8%A7%D8%B1-%D9%88%D8%AA%D9%82%D8%B1%D9%8A%D8%B1%D8%A7%D8%AA-%D8%A7%D9%84%D8%B1%D8%A7%D9%81%D8%B9%D9%8A/d624c5cdd9fa42268747e4cafde1a3a5,كتاب الطهارة → باب/فصل الحيض والاستحاضة والنفاس؛ exact edition/page passage still to extract,,بدائع الصنائع في ترتيب الشرائع — الكاساني,https://waqfeya.net/books/%D8%A8%D8%AF%D8%A7%D8%A6%D8%B9-%D8%A7%D9%84%D8%B5%D9%86%D8%A7%D8%A6%D8%B9-%D9%81%D9%8A-%D8%AA%D8%B1%D8%AA%D9%8A%D8%A8-%D8%A7%D9%84%D8%B4%D8%B1%D8%A7%D8%A6%D8%B9-3eb4313d457e494aac202d54d907fa34,كتاب الطهارة → باب/فصل الحيض والاستحاضة والنفاس؛ exact edition/page passage still to extract,,الموسوعة الفقهية الكويتية,https://www.fiqhpedia.org/,مدخل مناسب: Istihada / related issue; exact entry to record during extraction,,,,PENDING,,,PASSAGE_EXTRACTION_REQUIRED,NOT_APPROVED_NOT_PUBLISHED
HNF-ISTI-24,hanafi,Istihada,Prayer,What is the prayer status during Istihada?,ما حكم الصلاة حال الاستحاضة؟,رد المحتار على الدر المختار — ابن عابدين,https://waqfeya.net/books/%D8%B1%D8%AF-%D8%A7%D9%84%D9%85%D8%AD%D8%AA%D8%A7%D8%B1-%D8%B9%D9%84%D9%89-%D8%A7%D9%84%D8%AF%D8%B1-%D8%A7%D9%84%D9%85%D8%AE%D8%AA%D8%A7%D8%B1-%D8%AD%D8%A7%D8%B4%D9%8A%D8%A9-%D8%A7%D8%A8%D9%86-%D8%B9%D8%A7%D8%A8%D8%AF%D9%8A%D9%86-%D9%88%D9%8A%D9%84%D9%8A%D9%87-%D9%82%D8%B1%D8%A9-%D8%B9%D9%8A%D9%88%D9%86-%D8%A7%D9%84%D8%A3%D8%AE%D9%8A%D8%A7%D8%B1-%D9%88%D8%AA%D9%82%D8%B1%D9%8A%D8%B1%D8%A7%D8%AA-%D8%A7%D9%84%D8%B1%D8%A7%D9%81%D8%B9%D9%8A/d624c5cdd9fa42268747e4cafde1a3a5,كتاب الطهارة → باب/فصل الحيض والاستحاضة والنفاس؛ exact edition/page passage still to extract,,بدائع الصنائع في ترتيب الشرائع — الكاساني,https://waqfeya.net/books/%D8%A8%D8%AF%D8%A7%D8%A6%D8%B9-%D8%A7%D9%84%D8%B5%D9%86%D8%A7%D8%A6%D8%B9-%D9%81%D9%8A-%D8%AA%D8%B1%D8%AA%D9%8A%D8%A8-%D8%A7%D9%84%D8%B4%D8%B1%D8%A7%D8%A6%D8%B9-3eb4313d457e494aac202d54d907fa34,كتاب الطهارة → باب/فصل الحيض والاستحاضة والنفاس؛ exact edition/page passage still to extract,,الموسوعة الفقهية الكويتية,https://www.fiqhpedia.org/,مدخل مناسب: Istihada / related issue; exact entry to record during extraction,,,,PENDING,,,PASSAGE_EXTRACTION_REQUIRED,NOT_APPROVED_NOT_PUBLISHED
HNF-ISTI-25,hanafi,Istihada,Purification for prayer,What cleaning/wudu requirements apply to ongoing Istihada?,ما متطلبات التطهر والوضوء مع استمرار الاستحاضة؟,رد المحتار على الدر المختار — ابن عابدين,https://waqfeya.net/books/%D8%B1%D8%AF-%D8%A7%D9%84%D9%85%D8%AD%D8%AA%D8%A7%D8%B1-%D8%B9%D9%84%D9%89-%D8%A7%D9%84%D8%AF%D8%B1-%D8%A7%D9%84%D9%85%D8%AE%D8%AA%D8%A7%D8%B1-%D8%AD%D8%A7%D8%B4%D9%8A%D8%A9-%D8%A7%D8%A8%D9%86-%D8%B9%D8%A7%D8%A8%D8%AF%D9%8A%D9%86-%D9%88%D9%8A%D9%84%D9%8A%D9%87-%D9%82%D8%B1%D8%A9-%D8%B9%D9%8A%D9%88%D9%86-%D8%A7%D9%84%D8%A3%D8%AE%D9%8A%D8%A7%D8%B1-%D9%88%D8%AA%D9%82%D8%B1%D9%8A%D8%B1%D8%A7%D8%AA-%D8%A7%D9%84%D8%B1%D8%A7%D9%81%D8%B9%D9%8A/d624c5cdd9fa42268747e4cafde1a3a5,كتاب الطهارة → باب/فصل الحيض والاستحاضة والنفاس؛ exact edition/page passage still to extract,,بدائع الصنائع في ترتيب الشرائع — الكاساني,https://waqfeya.net/books/%D8%A8%D8%AF%D8%A7%D8%A6%D8%B9-%D8%A7%D9%84%D8%B5%D9%86%D8%A7%D8%A6%D8%B9-%D9%81%D9%8A-%D8%AA%D8%B1%D8%AA%D9%8A%D8%A8-%D8%A7%D9%84%D8%B4%D8%B1%D8%A7%D8%A6%D8%B9-3eb4313d457e494aac202d54d907fa34,كتاب الطهارة → باب/فصل الحيض والاستحاضة والنفاس؛ exact edition/page passage still to extract,,الموسوعة الفقهية الكويتية,https://www.fiqhpedia.org/,مدخل مناسب: Istihada / related issue; exact entry to record during extraction,,,,PENDING,,,PASSAGE_EXTRACTION_REQUIRED,NOT_APPROVED_NOT_PUBLISHED
HNF-ISTI-26,hanafi,Istihada,Fasting,What is the fasting status during Istihada?,ما حكم الصيام حال الاستحاضة؟,رد المحتار على الدر المختار — ابن عابدين,https://waqfeya.net/books/%D8%B1%D8%AF-%D8%A7%D9%84%D9%85%D8%AD%D8%AA%D8%A7%D8%B1-%D8%B9%D9%84%D9%89-%D8%A7%D9%84%D8%AF%D8%B1-%D8%A7%D9%84%D9%85%D8%AE%D8%AA%D8%A7%D8%B1-%D8%AD%D8%A7%D8%B4%D9%8A%D8%A9-%D8%A7%D8%A8%D9%86-%D8%B9%D8%A7%D8%A8%D8%AF%D9%8A%D9%86-%D9%88%D9%8A%D9%84%D9%8A%D9%87-%D9%82%D8%B1%D8%A9-%D8%B9%D9%8A%D9%88%D9%86-%D8%A7%D9%84%D8%A3%D8%AE%D9%8A%D8%A7%D8%B1-%D9%88%D8%AA%D9%82%D8%B1%D9%8A%D8%B1%D8%A7%D8%AA-%D8%A7%D9%84%D8%B1%D8%A7%D9%81%D8%B9%D9%8A/d624c5cdd9fa42268747e4cafde1a3a5,كتاب الطهارة → باب/فصل الحيض والاستحاضة والنفاس؛ exact edition/page passage still to extract,,بدائع الصنائع في ترتيب الشرائع — الكاساني,https://waqfeya.net/books/%D8%A8%D8%AF%D8%A7%D8%A6%D8%B9-%D8%A7%D9%84%D8%B5%D9%86%D8%A7%D8%A6%D8%B9-%D9%81%D9%8A-%D8%AA%D8%B1%D8%AA%D9%8A%D8%A8-%D8%A7%D9%84%D8%B4%D8%B1%D8%A7%D8%A6%D8%B9-3eb4313d457e494aac202d54d907fa34,كتاب الطهارة → باب/فصل الحيض والاستحاضة والنفاس؛ exact edition/page passage still to extract,,الموسوعة الفقهية الكويتية,https://www.fiqhpedia.org/,مدخل مناسب: Istihada / related issue; exact entry to record during extraction,,,,PENDING,,,PASSAGE_EXTRACTION_REQUIRED,NOT_APPROVED_NOT_PUBLISHED
HNF-ISTI-27,hanafi,Istihada,Ghusl,When is Ghusl required with ongoing Istihada?,متى يجب الغسل مع استمرار الاستحاضة؟,رد المحتار على الدر المختار — ابن عابدين,https://waqfeya.net/books/%D8%B1%D8%AF-%D8%A7%D9%84%D9%85%D8%AD%D8%AA%D8%A7%D8%B1-%D8%B9%D9%84%D9%89-%D8%A7%D9%84%D8%AF%D8%B1-%D8%A7%D9%84%D9%85%D8%AE%D8%AA%D8%A7%D8%B1-%D8%AD%D8%A7%D8%B4%D9%8A%D8%A9-%D8%A7%D8%A8%D9%86-%D8%B9%D8%A7%D8%A8%D8%AF%D9%8A%D9%86-%D9%88%D9%8A%D9%84%D9%8A%D9%87-%D9%82%D8%B1%D8%A9-%D8%B9%D9%8A%D9%88%D9%86-%D8%A7%D9%84%D8%A3%D8%AE%D9%8A%D8%A7%D8%B1-%D9%88%D8%AA%D9%82%D8%B1%D9%8A%D8%B1%D8%A7%D8%AA-%D8%A7%D9%84%D8%B1%D8%A7%D9%81%D8%B9%D9%8A/d624c5cdd9fa42268747e4cafde1a3a5,كتاب الطهارة → باب/فصل الحيض والاستحاضة والنفاس؛ exact edition/page passage still to extract,,بدائع الصنائع في ترتيب الشرائع — الكاساني,https://waqfeya.net/books/%D8%A8%D8%AF%D8%A7%D8%A6%D8%B9-%D8%A7%D9%84%D8%B5%D9%86%D8%A7%D8%A6%D8%B9-%D9%81%D9%8A-%D8%AA%D8%B1%D8%AA%D9%8A%D8%A8-%D8%A7%D9%84%D8%B4%D8%B1%D8%A7%D8%A6%D8%B9-3eb4313d457e494aac202d54d907fa34,كتاب الطهارة → باب/فصل الحيض والاستحاضة والنفاس؛ exact edition/page passage still to extract,,الموسوعة الفقهية الكويتية,https://www.fiqhpedia.org/,مدخل مناسب: Istihada / related issue; exact entry to record during extraction,,,,PENDING,,,PASSAGE_EXTRACTION_REQUIRED,NOT_APPROVED_NOT_PUBLISHED
HNF-NIFAS-28,hanafi,Nifas,Definition/start,What event starts Nifas and how is its start determined?,ما الذي يبدأ به النفاس وكيف يحدد ابتداء مدته؟,رد المحتار على الدر المختار — ابن عابدين,https://waqfeya.net/books/%D8%B1%D8%AF-%D8%A7%D9%84%D9%85%D8%AD%D8%AA%D8%A7%D8%B1-%D8%B9%D9%84%D9%89-%D8%A7%D9%84%D8%AF%D8%B1-%D8%A7%D9%84%D9%85%D8%AE%D8%AA%D8%A7%D8%B1-%D8%AD%D8%A7%D8%B4%D9%8A%D8%A9-%D8%A7%D8%A8%D9%86-%D8%B9%D8%A7%D8%A8%D8%AF%D9%8A%D9%86-%D9%88%D9%8A%D9%84%D9%8A%D9%87-%D9%82%D8%B1%D8%A9-%D8%B9%D9%8A%D9%88%D9%86-%D8%A7%D9%84%D8%A3%D8%AE%D9%8A%D8%A7%D8%B1-%D9%88%D8%AA%D9%82%D8%B1%D9%8A%D8%B1%D8%A7%D8%AA-%D8%A7%D9%84%D8%B1%D8%A7%D9%81%D8%B9%D9%8A/d624c5cdd9fa42268747e4cafde1a3a5,كتاب الطهارة → باب/فصل الحيض والاستحاضة والنفاس؛ exact edition/page passage still to extract,,بدائع الصنائع في ترتيب الشرائع — الكاساني,https://waqfeya.net/books/%D8%A8%D8%AF%D8%A7%D8%A6%D8%B9-%D8%A7%D9%84%D8%B5%D9%86%D8%A7%D8%A6%D8%B9-%D9%81%D9%8A-%D8%AA%D8%B1%D8%AA%D9%8A%D8%A8-%D8%A7%D9%84%D8%B4%D8%B1%D8%A7%D8%A6%D8%B9-3eb4313d457e494aac202d54d907fa34,كتاب الطهارة → باب/فصل الحيض والاستحاضة والنفاس؛ exact edition/page passage still to extract,,الموسوعة الفقهية الكويتية,https://www.fiqhpedia.org/,مدخل مناسب: Nifas / related issue; exact entry to record during extraction,,,,PENDING,,,PASSAGE_EXTRACTION_REQUIRED,NOT_APPROVED_NOT_PUBLISHED
HNF-NIFAS-29,hanafi,Nifas,Pregnancy loss,Under what pregnancy-loss conditions does bleeding count as Nifas?,تحت أي شروط يكون الدم بعد السقط أو فقد الحمل نفاسًا؟,رد المحتار على الدر المختار — ابن عابدين,https://waqfeya.net/books/%D8%B1%D8%AF-%D8%A7%D9%84%D9%85%D8%AD%D8%AA%D8%A7%D8%B1-%D8%B9%D9%84%D9%89-%D8%A7%D9%84%D8%AF%D8%B1-%D8%A7%D9%84%D9%85%D8%AE%D8%AA%D8%A7%D8%B1-%D8%AD%D8%A7%D8%B4%D9%8A%D8%A9-%D8%A7%D8%A8%D9%86-%D8%B9%D8%A7%D8%A8%D8%AF%D9%8A%D9%86-%D9%88%D9%8A%D9%84%D9%8A%D9%87-%D9%82%D8%B1%D8%A9-%D8%B9%D9%8A%D9%88%D9%86-%D8%A7%D9%84%D8%A3%D8%AE%D9%8A%D8%A7%D8%B1-%D9%88%D8%AA%D9%82%D8%B1%D9%8A%D8%B1%D8%A7%D8%AA-%D8%A7%D9%84%D8%B1%D8%A7%D9%81%D8%B9%D9%8A/d624c5cdd9fa42268747e4cafde1a3a5,كتاب الطهارة → باب/فصل الحيض والاستحاضة والنفاس؛ exact edition/page passage still to extract,,بدائع الصنائع في ترتيب الشرائع — الكاساني,https://waqfeya.net/books/%D8%A8%D8%AF%D8%A7%D8%A6%D8%B9-%D8%A7%D9%84%D8%B5%D9%86%D8%A7%D8%A6%D8%B9-%D9%81%D9%8A-%D8%AA%D8%B1%D8%AA%D9%8A%D8%A8-%D8%A7%D9%84%D8%B4%D8%B1%D8%A7%D8%A6%D8%B9-3eb4313d457e494aac202d54d907fa34,كتاب الطهارة → باب/فصل الحيض والاستحاضة والنفاس؛ exact edition/page passage still to extract,,الموسوعة الفقهية الكويتية,https://www.fiqhpedia.org/,مدخل مناسب: Nifas / related issue; exact entry to record during extraction,,,,PENDING,,,PASSAGE_EXTRACTION_REQUIRED,NOT_APPROVED_NOT_PUBLISHED
HNF-NIFAS-30,hanafi,Nifas,Minimum duration,Does the madhhab recognize a minimum duration of Nifas?,هل للمذهب حد أدنى للنفاس؟,رد المحتار على الدر المختار — ابن عابدين,https://waqfeya.net/books/%D8%B1%D8%AF-%D8%A7%D9%84%D9%85%D8%AD%D8%AA%D8%A7%D8%B1-%D8%B9%D9%84%D9%89-%D8%A7%D9%84%D8%AF%D8%B1-%D8%A7%D9%84%D9%85%D8%AE%D8%AA%D8%A7%D8%B1-%D8%AD%D8%A7%D8%B4%D9%8A%D8%A9-%D8%A7%D8%A8%D9%86-%D8%B9%D8%A7%D8%A8%D8%AF%D9%8A%D9%86-%D9%88%D9%8A%D9%84%D9%8A%D9%87-%D9%82%D8%B1%D8%A9-%D8%B9%D9%8A%D9%88%D9%86-%D8%A7%D9%84%D8%A3%D8%AE%D9%8A%D8%A7%D8%B1-%D9%88%D8%AA%D9%82%D8%B1%D9%8A%D8%B1%D8%A7%D8%AA-%D8%A7%D9%84%D8%B1%D8%A7%D9%81%D8%B9%D9%8A/d624c5cdd9fa42268747e4cafde1a3a5,كتاب الطهارة → باب/فصل الحيض والاستحاضة والنفاس؛ exact edition/page passage still to extract,,بدائع الصنائع في ترتيب الشرائع — الكاساني,https://waqfeya.net/books/%D8%A8%D8%AF%D8%A7%D8%A6%D8%B9-%D8%A7%D9%84%D8%B5%D9%86%D8%A7%D8%A6%D8%B9-%D9%81%D9%8A-%D8%AA%D8%B1%D8%AA%D9%8A%D8%A8-%D8%A7%D9%84%D8%B4%D8%B1%D8%A7%D8%A6%D8%B9-3eb4313d457e494aac202d54d907fa34,كتاب الطهارة → باب/فصل الحيض والاستحاضة والنفاس؛ exact edition/page passage still to extract,,الموسوعة الفقهية الكويتية,https://www.fiqhpedia.org/,مدخل مناسب: Nifas / related issue; exact entry to record during extraction,,,,PENDING,,,PASSAGE_EXTRACTION_REQUIRED,NOT_APPROVED_NOT_PUBLISHED
HNF-NIFAS-31,hanafi,Nifas,Maximum duration,What is the maximum duration of Nifas?,ما أكثر مدة النفاس؟,رد المحتار على الدر المختار — ابن عابدين,https://waqfeya.net/books/%D8%B1%D8%AF-%D8%A7%D9%84%D9%85%D8%AD%D8%AA%D8%A7%D8%B1-%D8%B9%D9%84%D9%89-%D8%A7%D9%84%D8%AF%D8%B1-%D8%A7%D9%84%D9%85%D8%AE%D8%AA%D8%A7%D8%B1-%D8%AD%D8%A7%D8%B4%D9%8A%D8%A9-%D8%A7%D8%A8%D9%86-%D8%B9%D8%A7%D8%A8%D8%AF%D9%8A%D9%86-%D9%88%D9%8A%D9%84%D9%8A%D9%87-%D9%82%D8%B1%D8%A9-%D8%B9%D9%8A%D9%88%D9%86-%D8%A7%D9%84%D8%A3%D8%AE%D9%8A%D8%A7%D8%B1-%D9%88%D8%AA%D9%82%D8%B1%D9%8A%D8%B1%D8%A7%D8%AA-%D8%A7%D9%84%D8%B1%D8%A7%D9%81%D8%B9%D9%8A/d624c5cdd9fa42268747e4cafde1a3a5,كتاب الطهارة → باب/فصل الحيض والاستحاضة والنفاس؛ exact edition/page passage still to extract,,بدائع الصنائع في ترتيب الشرائع — الكاساني,https://waqfeya.net/books/%D8%A8%D8%AF%D8%A7%D8%A6%D8%B9-%D8%A7%D9%84%D8%B5%D9%86%D8%A7%D8%A6%D8%B9-%D9%81%D9%8A-%D8%AA%D8%B1%D8%AA%D9%8A%D8%A8-%D8%A7%D9%84%D8%B4%D8%B1%D8%A7%D8%A6%D8%B9-3eb4313d457e494aac202d54d907fa34,كتاب الطهارة → باب/فصل الحيض والاستحاضة والنفاس؛ exact edition/page passage still to extract,,الموسوعة الفقهية الكويتية,https://www.fiqhpedia.org/,مدخل مناسب: Nifas / related issue; exact entry to record during extraction,,,,PENDING,,,PASSAGE_EXTRACTION_REQUIRED,NOT_APPROVED_NOT_PUBLISHED
HNF-NIFAS-32,hanafi,Nifas,Early cessation,What happens when postpartum bleeding stops before the maximum duration?,ما الحكم إذا انقطع دم النفاس قبل أكثر مدته؟,رد المحتار على الدر المختار — ابن عابدين,https://waqfeya.net/books/%D8%B1%D8%AF-%D8%A7%D9%84%D9%85%D8%AD%D8%AA%D8%A7%D8%B1-%D8%B9%D9%84%D9%89-%D8%A7%D9%84%D8%AF%D8%B1-%D8%A7%D9%84%D9%85%D8%AE%D8%AA%D8%A7%D8%B1-%D8%AD%D8%A7%D8%B4%D9%8A%D8%A9-%D8%A7%D8%A8%D9%86-%D8%B9%D8%A7%D8%A8%D8%AF%D9%8A%D9%86-%D9%88%D9%8A%D9%84%D9%8A%D9%87-%D9%82%D8%B1%D8%A9-%D8%B9%D9%8A%D9%88%D9%86-%D8%A7%D9%84%D8%A3%D8%AE%D9%8A%D8%A7%D8%B1-%D9%88%D8%AA%D9%82%D8%B1%D9%8A%D8%B1%D8%A7%D8%AA-%D8%A7%D9%84%D8%B1%D8%A7%D9%81%D8%B9%D9%8A/d624c5cdd9fa42268747e4cafde1a3a5,كتاب الطهارة → باب/فصل الحيض والاستحاضة والنفاس؛ exact edition/page passage still to extract,,بدائع الصنائع في ترتيب الشرائع — الكاساني,https://waqfeya.net/books/%D8%A8%D8%AF%D8%A7%D8%A6%D8%B9-%D8%A7%D9%84%D8%B5%D9%86%D8%A7%D8%A6%D8%B9-%D9%81%D9%8A-%D8%AA%D8%B1%D8%AA%D9%8A%D8%A8-%D8%A7%D9%84%D8%B4%D8%B1%D8%A7%D8%A6%D8%B9-3eb4313d457e494aac202d54d907fa34,كتاب الطهارة → باب/فصل الحيض والاستحاضة والنفاس؛ exact edition/page passage still to extract,,الموسوعة الفقهية الكويتية,https://www.fiqhpedia.org/,مدخل مناسب: Nifas / related issue; exact entry to record during extraction,,,,PENDING,,,PASSAGE_EXTRACTION_REQUIRED,NOT_APPROVED_NOT_PUBLISHED
HNF-NIFAS-33,hanafi,Nifas,Resumed bleeding,How is resumed bleeding handled after temporary purity within the possible Nifas window?,كيف يُعامل عود الدم بعد طهر متخلل داخل مدة محتملة للنفاس؟,رد المحتار على الدر المختار — ابن عابدين,https://waqfeya.net/books/%D8%B1%D8%AF-%D8%A7%D9%84%D9%85%D8%AD%D8%AA%D8%A7%D8%B1-%D8%B9%D9%84%D9%89-%D8%A7%D9%84%D8%AF%D8%B1-%D8%A7%D9%84%D9%85%D8%AE%D8%AA%D8%A7%D8%B1-%D8%AD%D8%A7%D8%B4%D9%8A%D8%A9-%D8%A7%D8%A8%D9%86-%D8%B9%D8%A7%D8%A8%D8%AF%D9%8A%D9%86-%D9%88%D9%8A%D9%84%D9%8A%D9%87-%D9%82%D8%B1%D8%A9-%D8%B9%D9%8A%D9%88%D9%86-%D8%A7%D9%84%D8%A3%D8%AE%D9%8A%D8%A7%D8%B1-%D9%88%D8%AA%D9%82%D8%B1%D9%8A%D8%B1%D8%A7%D8%AA-%D8%A7%D9%84%D8%B1%D8%A7%D9%81%D8%B9%D9%8A/d624c5cdd9fa42268747e4cafde1a3a5,كتاب الطهارة → باب/فصل الحيض والاستحاضة والنفاس؛ exact edition/page passage still to extract,,بدائع الصنائع في ترتيب الشرائع — الكاساني,https://waqfeya.net/books/%D8%A8%D8%AF%D8%A7%D8%A6%D8%B9-%D8%A7%D9%84%D8%B5%D9%86%D8%A7%D8%A6%D8%B9-%D9%81%D9%8A-%D8%AA%D8%B1%D8%AA%D9%8A%D8%A8-%D8%A7%D9%84%D8%B4%D8%B1%D8%A7%D8%A6%D8%B9-3eb4313d457e494aac202d54d907fa34,كتاب الطهارة → باب/فصل الحيض والاستحاضة والنفاس؛ exact edition/page passage still to extract,,الموسوعة الفقهية الكويتية,https://www.fiqhpedia.org/,مدخل مناسب: Nifas / related issue; exact entry to record during extraction,,,,PENDING,,,PASSAGE_EXTRACTION_REQUIRED,NOT_APPROVED_NOT_PUBLISHED
HNF-NIFAS-34,hanafi,Nifas,Beyond maximum,How is bleeding beyond the Nifas maximum classified?,كيف يُصنف الدم الذي يتجاوز أكثر النفاس؟,رد المحتار على الدر المختار — ابن عابدين,https://waqfeya.net/books/%D8%B1%D8%AF-%D8%A7%D9%84%D9%85%D8%AD%D8%AA%D8%A7%D8%B1-%D8%B9%D9%84%D9%89-%D8%A7%D9%84%D8%AF%D8%B1-%D8%A7%D9%84%D9%85%D8%AE%D8%AA%D8%A7%D8%B1-%D8%AD%D8%A7%D8%B4%D9%8A%D8%A9-%D8%A7%D8%A8%D9%86-%D8%B9%D8%A7%D8%A8%D8%AF%D9%8A%D9%86-%D9%88%D9%8A%D9%84%D9%8A%D9%87-%D9%82%D8%B1%D8%A9-%D8%B9%D9%8A%D9%88%D9%86-%D8%A7%D9%84%D8%A3%D8%AE%D9%8A%D8%A7%D8%B1-%D9%88%D8%AA%D9%82%D8%B1%D9%8A%D8%B1%D8%A7%D8%AA-%D8%A7%D9%84%D8%B1%D8%A7%D9%81%D8%B9%D9%8A/d624c5cdd9fa42268747e4cafde1a3a5,كتاب الطهارة → باب/فصل الحيض والاستحاضة والنفاس؛ exact edition/page passage still to extract,,بدائع الصنائع في ترتيب الشرائع — الكاساني,https://waqfeya.net/books/%D8%A8%D8%AF%D8%A7%D8%A6%D8%B9-%D8%A7%D9%84%D8%B5%D9%86%D8%A7%D8%A6%D8%B9-%D9%81%D9%8A-%D8%AA%D8%B1%D8%AA%D9%8A%D8%A8-%D8%A7%D9%84%D8%B4%D8%B1%D8%A7%D8%A6%D8%B9-3eb4313d457e494aac202d54d907fa34,كتاب الطهارة → باب/فصل الحيض والاستحاضة والنفاس؛ exact edition/page passage still to extract,,الموسوعة الفقهية الكويتية,https://www.fiqhpedia.org/,مدخل مناسب: Nifas / related issue; exact entry to record during extraction,,,,PENDING,,,PASSAGE_EXTRACTION_REQUIRED,NOT_APPROVED_NOT_PUBLISHED
HNF-NIFAS-35,hanafi,Nifas,Multiple births,How is Nifas timing handled in twin or multiple births?,كيف تُحسب مدة النفاس في ولادة التوائم أو تعدد المواليد؟,رد المحتار على الدر المختار — ابن عابدين,https://waqfeya.net/books/%D8%B1%D8%AF-%D8%A7%D9%84%D9%85%D8%AD%D8%AA%D8%A7%D8%B1-%D8%B9%D9%84%D9%89-%D8%A7%D9%84%D8%AF%D8%B1-%D8%A7%D9%84%D9%85%D8%AE%D8%AA%D8%A7%D8%B1-%D8%AD%D8%A7%D8%B4%D9%8A%D8%A9-%D8%A7%D8%A8%D9%86-%D8%B9%D8%A7%D8%A8%D8%AF%D9%8A%D9%86-%D9%88%D9%8A%D9%84%D9%8A%D9%87-%D9%82%D8%B1%D8%A9-%D8%B9%D9%8A%D9%88%D9%86-%D8%A7%D9%84%D8%A3%D8%AE%D9%8A%D8%A7%D8%B1-%D9%88%D8%AA%D9%82%D8%B1%D9%8A%D8%B1%D8%A7%D8%AA-%D8%A7%D9%84%D8%B1%D8%A7%D9%81%D8%B9%D9%8A/d624c5cdd9fa42268747e4cafde1a3a5,كتاب الطهارة → باب/فصل الحيض والاستحاضة والنفاس؛ exact edition/page passage still to extract,,بدائع الصنائع في ترتيب الشرائع — الكاساني,https://waqfeya.net/books/%D8%A8%D8%AF%D8%A7%D8%A6%D8%B9-%D8%A7%D9%84%D8%B5%D9%86%D8%A7%D8%A6%D8%B9-%D9%81%D9%8A-%D8%AA%D8%B1%D8%AA%D9%8A%D8%A8-%D8%A7%D9%84%D8%B4%D8%B1%D8%A7%D8%A6%D8%B9-3eb4313d457e494aac202d54d907fa34,كتاب الطهارة → باب/فصل الحيض والاستحاضة والنفاس؛ exact edition/page passage still to extract,,الموسوعة الفقهية الكويتية,https://www.fiqhpedia.org/,مدخل مناسب: Nifas / related issue; exact entry to record during extraction,,,,PENDING,,,PASSAGE_EXTRACTION_REQUIRED,NOT_APPROVED_NOT_PUBLISHED
HNF-NIFAS-36,hanafi,Nifas,Prayer and fasting,What are the effects of Nifas on Salah and fasting?,ما أثر النفاس على الصلاة والصيام؟,رد المحتار على الدر المختار — ابن عابدين,https://waqfeya.net/books/%D8%B1%D8%AF-%D8%A7%D9%84%D9%85%D8%AD%D8%AA%D8%A7%D8%B1-%D8%B9%D9%84%D9%89-%D8%A7%D9%84%D8%AF%D8%B1-%D8%A7%D9%84%D9%85%D8%AE%D8%AA%D8%A7%D8%B1-%D8%AD%D8%A7%D8%B4%D9%8A%D8%A9-%D8%A7%D8%A8%D9%86-%D8%B9%D8%A7%D8%A8%D8%AF%D9%8A%D9%86-%D9%88%D9%8A%D9%84%D9%8A%D9%87-%D9%82%D8%B1%D8%A9-%D8%B9%D9%8A%D9%88%D9%86-%D8%A7%D9%84%D8%A3%D8%AE%D9%8A%D8%A7%D8%B1-%D9%88%D8%AA%D9%82%D8%B1%D9%8A%D8%B1%D8%A7%D8%AA-%D8%A7%D9%84%D8%B1%D8%A7%D9%81%D8%B9%D9%8A/d624c5cdd9fa42268747e4cafde1a3a5,كتاب الطهارة → باب/فصل الحيض والاستحاضة والنفاس؛ exact edition/page passage still to extract,,بدائع الصنائع في ترتيب الشرائع — الكاساني,https://waqfeya.net/books/%D8%A8%D8%AF%D8%A7%D8%A6%D8%B9-%D8%A7%D9%84%D8%B5%D9%86%D8%A7%D8%A6%D8%B9-%D9%81%D9%8A-%D8%AA%D8%B1%D8%AA%D9%8A%D8%A8-%D8%A7%D9%84%D8%B4%D8%B1%D8%A7%D8%A6%D8%B9-3eb4313d457e494aac202d54d907fa34,كتاب الطهارة → باب/فصل الحيض والاستحاضة والنفاس؛ exact edition/page passage still to extract,,الموسوعة الفقهية الكويتية,https://www.fiqhpedia.org/,مدخل مناسب: Nifas / related issue; exact entry to record during extraction,,,,PENDING,,,PASSAGE_EXTRACTION_REQUIRED,NOT_APPROVED_NOT_PUBLISHED
HNF-NIFAS-37,hanafi,Nifas,Ghusl,When is Ghusl required after Nifas?,متى يجب الغسل بعد النفاس؟,رد المحتار على الدر المختار — ابن عابدين,https://waqfeya.net/books/%D8%B1%D8%AF-%D8%A7%D9%84%D9%85%D8%AD%D8%AA%D8%A7%D8%B1-%D8%B9%D9%84%D9%89-%D8%A7%D9%84%D8%AF%D8%B1-%D8%A7%D9%84%D9%85%D8%AE%D8%AA%D8%A7%D8%B1-%D8%AD%D8%A7%D8%B4%D9%8A%D8%A9-%D8%A7%D8%A8%D9%86-%D8%B9%D8%A7%D8%A8%D8%AF%D9%8A%D9%86-%D9%88%D9%8A%D9%84%D9%8A%D9%87-%D9%82%D8%B1%D8%A9-%D8%B9%D9%8A%D9%88%D9%86-%D8%A7%D9%84%D8%A3%D8%AE%D9%8A%D8%A7%D8%B1-%D9%88%D8%AA%D9%82%D8%B1%D9%8A%D8%B1%D8%A7%D8%AA-%D8%A7%D9%84%D8%B1%D8%A7%D9%81%D8%B9%D9%8A/d624c5cdd9fa42268747e4cafde1a3a5,كتاب الطهارة → باب/فصل الحيض والاستحاضة والنفاس؛ exact edition/page passage still to extract,,بدائع الصنائع في ترتيب الشرائع — الكاساني,https://waqfeya.net/books/%D8%A8%D8%AF%D8%A7%D8%A6%D8%B9-%D8%A7%D9%84%D8%B5%D9%86%D8%A7%D8%A6%D8%B9-%D9%81%D9%8A-%D8%AA%D8%B1%D8%AA%D9%8A%D8%A8-%D8%A7%D9%84%D8%B4%D8%B1%D8%A7%D8%A6%D8%B9-3eb4313d457e494aac202d54d907fa34,كتاب الطهارة → باب/فصل الحيض والاستحاضة والنفاس؛ exact edition/page passage still to extract,,الموسوعة الفقهية الكويتية,https://www.fiqhpedia.org/,مدخل مناسب: Nifas / related issue; exact entry to record during extraction,,,,PENDING,,,PASSAGE_EXTRACTION_REQUIRED,NOT_APPROVED_NOT_PUBLISHED
HNF-TRANS-38,hanafi,Transition,Purity before prayer time ends,"If Tahara occurs before a prayer time ends, what prayer obligation follows?",إذا حصل الطهر قبل خروج وقت الصلاة، فما الصلاة الواجبة؟,رد المحتار على الدر المختار — ابن عابدين,https://waqfeya.net/books/%D8%B1%D8%AF-%D8%A7%D9%84%D9%85%D8%AD%D8%AA%D8%A7%D8%B1-%D8%B9%D9%84%D9%89-%D8%A7%D9%84%D8%AF%D8%B1-%D8%A7%D9%84%D9%85%D8%AE%D8%AA%D8%A7%D8%B1-%D8%AD%D8%A7%D8%B4%D9%8A%D8%A9-%D8%A7%D8%A8%D9%86-%D8%B9%D8%A7%D8%A8%D8%AF%D9%8A%D9%86-%D9%88%D9%8A%D9%84%D9%8A%D9%87-%D9%82%D8%B1%D8%A9-%D8%B9%D9%8A%D9%88%D9%86-%D8%A7%D9%84%D8%A3%D8%AE%D9%8A%D8%A7%D8%B1-%D9%88%D8%AA%D9%82%D8%B1%D9%8A%D8%B1%D8%A7%D8%AA-%D8%A7%D9%84%D8%B1%D8%A7%D9%81%D8%B9%D9%8A/d624c5cdd9fa42268747e4cafde1a3a5,كتاب الطهارة → باب/فصل الحيض والاستحاضة والنفاس؛ exact edition/page passage still to extract,,بدائع الصنائع في ترتيب الشرائع — الكاساني,https://waqfeya.net/books/%D8%A8%D8%AF%D8%A7%D8%A6%D8%B9-%D8%A7%D9%84%D8%B5%D9%86%D8%A7%D8%A6%D8%B9-%D9%81%D9%8A-%D8%AA%D8%B1%D8%AA%D9%8A%D8%A8-%D8%A7%D9%84%D8%B4%D8%B1%D8%A7%D8%A6%D8%B9-3eb4313d457e494aac202d54d907fa34,كتاب الطهارة → باب/فصل الحيض والاستحاضة والنفاس؛ exact edition/page passage still to extract,,الموسوعة الفقهية الكويتية,https://www.fiqhpedia.org/,مدخل مناسب: Transition / related issue; exact entry to record during extraction,,,,PENDING,,,PASSAGE_EXTRACTION_REQUIRED,NOT_APPROVED_NOT_PUBLISHED
HNF-TRANS-39,hanafi,Transition,Bleeding after prayer time enters,"If Haid begins after prayer time has entered, is that prayer later owed?",إذا بدأ الحيض بعد دخول وقت الصلاة، فهل يجب قضاء تلك الصلاة؟,رد المحتار على الدر المختار — ابن عابدين,https://waqfeya.net/books/%D8%B1%D8%AF-%D8%A7%D9%84%D9%85%D8%AD%D8%AA%D8%A7%D8%B1-%D8%B9%D9%84%D9%89-%D8%A7%D9%84%D8%AF%D8%B1-%D8%A7%D9%84%D9%85%D8%AE%D8%AA%D8%A7%D8%B1-%D8%AD%D8%A7%D8%B4%D9%8A%D8%A9-%D8%A7%D8%A8%D9%86-%D8%B9%D8%A7%D8%A8%D8%AF%D9%8A%D9%86-%D9%88%D9%8A%D9%84%D9%8A%D9%87-%D9%82%D8%B1%D8%A9-%D8%B9%D9%8A%D9%88%D9%86-%D8%A7%D9%84%D8%A3%D8%AE%D9%8A%D8%A7%D8%B1-%D9%88%D8%AA%D9%82%D8%B1%D9%8A%D8%B1%D8%A7%D8%AA-%D8%A7%D9%84%D8%B1%D8%A7%D9%81%D8%B9%D9%8A/d624c5cdd9fa42268747e4cafde1a3a5,كتاب الطهارة → باب/فصل الحيض والاستحاضة والنفاس؛ exact edition/page passage still to extract,,بدائع الصنائع في ترتيب الشرائع — الكاساني,https://waqfeya.net/books/%D8%A8%D8%AF%D8%A7%D8%A6%D8%B9-%D8%A7%D9%84%D8%B5%D9%86%D8%A7%D8%A6%D8%B9-%D9%81%D9%8A-%D8%AA%D8%B1%D8%AA%D9%8A%D8%A8-%D8%A7%D9%84%D8%B4%D8%B1%D8%A7%D8%A6%D8%B9-3eb4313d457e494aac202d54d907fa34,كتاب الطهارة → باب/فصل الحيض والاستحاضة والنفاس؛ exact edition/page passage still to extract,,الموسوعة الفقهية الكويتية,https://www.fiqhpedia.org/,مدخل مناسب: Transition / related issue; exact entry to record during extraction,,,,PENDING,,,PASSAGE_EXTRACTION_REQUIRED,NOT_APPROVED_NOT_PUBLISHED
HNF-TRANS-40,hanafi,Transition,Purity before Fajr,"If Tahara is established before Fajr, what is the fasting obligation for that day?",إذا تحقق الطهر قبل الفجر، فما حكم صيام ذلك اليوم؟,رد المحتار على الدر المختار — ابن عابدين,https://waqfeya.net/books/%D8%B1%D8%AF-%D8%A7%D9%84%D9%85%D8%AD%D8%AA%D8%A7%D8%B1-%D8%B9%D9%84%D9%89-%D8%A7%D9%84%D8%AF%D8%B1-%D8%A7%D9%84%D9%85%D8%AE%D8%AA%D8%A7%D8%B1-%D8%AD%D8%A7%D8%B4%D9%8A%D8%A9-%D8%A7%D8%A8%D9%86-%D8%B9%D8%A7%D8%A8%D8%AF%D9%8A%D9%86-%D9%88%D9%8A%D9%84%D9%8A%D9%87-%D9%82%D8%B1%D8%A9-%D8%B9%D9%8A%D9%88%D9%86-%D8%A7%D9%84%D8%A3%D8%AE%D9%8A%D8%A7%D8%B1-%D9%88%D8%AA%D9%82%D8%B1%D9%8A%D8%B1%D8%A7%D8%AA-%D8%A7%D9%84%D8%B1%D8%A7%D9%81%D8%B9%D9%8A/d624c5cdd9fa42268747e4cafde1a3a5,كتاب الطهارة → باب/فصل الحيض والاستحاضة والنفاس؛ exact edition/page passage still to extract,,بدائع الصنائع في ترتيب الشرائع — الكاساني,https://waqfeya.net/books/%D8%A8%D8%AF%D8%A7%D8%A6%D8%B9-%D8%A7%D9%84%D8%B5%D9%86%D8%A7%D8%A6%D8%B9-%D9%81%D9%8A-%D8%AA%D8%B1%D8%AA%D9%8A%D8%A8-%D8%A7%D9%84%D8%B4%D8%B1%D8%A7%D8%A6%D8%B9-3eb4313d457e494aac202d54d907fa34,كتاب الطهارة → باب/فصل الحيض والاستحاضة والنفاس؛ exact edition/page passage still to extract,,الموسوعة الفقهية الكويتية,https://www.fiqhpedia.org/,مدخل مناسب: Transition / related issue; exact entry to record during extraction,,,,PENDING,,,PASSAGE_EXTRACTION_REQUIRED,NOT_APPROVED_NOT_PUBLISHED
HNF-TRANS-41,hanafi,Transition,Purity after Fajr,"If Tahara occurs after Fajr, how is that day's fast treated?",إذا حصل الطهر بعد الفجر، فما حكم صيام ذلك اليوم؟,رد المحتار على الدر المختار — ابن عابدين,https://waqfeya.net/books/%D8%B1%D8%AF-%D8%A7%D9%84%D9%85%D8%AD%D8%AA%D8%A7%D8%B1-%D8%B9%D9%84%D9%89-%D8%A7%D9%84%D8%AF%D8%B1-%D8%A7%D9%84%D9%85%D8%AE%D8%AA%D8%A7%D8%B1-%D8%AD%D8%A7%D8%B4%D9%8A%D8%A9-%D8%A7%D8%A8%D9%86-%D8%B9%D8%A7%D8%A8%D8%AF%D9%8A%D9%86-%D9%88%D9%8A%D9%84%D9%8A%D9%87-%D9%82%D8%B1%D8%A9-%D8%B9%D9%8A%D9%88%D9%86-%D8%A7%D9%84%D8%A3%D8%AE%D9%8A%D8%A7%D8%B1-%D9%88%D8%AA%D9%82%D8%B1%D9%8A%D8%B1%D8%A7%D8%AA-%D8%A7%D9%84%D8%B1%D8%A7%D9%81%D8%B9%D9%8A/d624c5cdd9fa42268747e4cafde1a3a5,كتاب الطهارة → باب/فصل الحيض والاستحاضة والنفاس؛ exact edition/page passage still to extract,,بدائع الصنائع في ترتيب الشرائع — الكاساني,https://waqfeya.net/books/%D8%A8%D8%AF%D8%A7%D8%A6%D8%B9-%D8%A7%D9%84%D8%B5%D9%86%D8%A7%D8%A6%D8%B9-%D9%81%D9%8A-%D8%AA%D8%B1%D8%AA%D9%8A%D8%A8-%D8%A7%D9%84%D8%B4%D8%B1%D8%A7%D8%A6%D8%B9-3eb4313d457e494aac202d54d907fa34,كتاب الطهارة → باب/فصل الحيض والاستحاضة والنفاس؛ exact edition/page passage still to extract,,الموسوعة الفقهية الكويتية,https://www.fiqhpedia.org/,مدخل مناسب: Transition / related issue; exact entry to record during extraction,,,,PENDING,,,PASSAGE_EXTRACTION_REQUIRED,NOT_APPROVED_NOT_PUBLISHED
HNF-TRANS-42,hanafi,Transition,Bleeding begins during fast,"If menstrual bleeding begins before sunset during a fast, what is the status of that fast?",إذا بدأ الحيض قبل غروب الشمس أثناء الصيام، فما حكم ذلك الصوم؟,رد المحتار على الدر المختار — ابن عابدين,https://waqfeya.net/books/%D8%B1%D8%AF-%D8%A7%D9%84%D9%85%D8%AD%D8%AA%D8%A7%D8%B1-%D8%B9%D9%84%D9%89-%D8%A7%D9%84%D8%AF%D8%B1-%D8%A7%D9%84%D9%85%D8%AE%D8%AA%D8%A7%D8%B1-%D8%AD%D8%A7%D8%B4%D9%8A%D8%A9-%D8%A7%D8%A8%D9%86-%D8%B9%D8%A7%D8%A8%D8%AF%D9%8A%D9%86-%D9%88%D9%8A%D9%84%D9%8A%D9%87-%D9%82%D8%B1%D8%A9-%D8%B9%D9%8A%D9%88%D9%86-%D8%A7%D9%84%D8%A3%D8%AE%D9%8A%D8%A7%D8%B1-%D9%88%D8%AA%D9%82%D8%B1%D9%8A%D8%B1%D8%A7%D8%AA-%D8%A7%D9%84%D8%B1%D8%A7%D9%81%D8%B9%D9%8A/d624c5cdd9fa42268747e4cafde1a3a5,كتاب الطهارة → باب/فصل الحيض والاستحاضة والنفاس؛ exact edition/page passage still to extract,,بدائع الصنائع في ترتيب الشرائع — الكاساني,https://waqfeya.net/books/%D8%A8%D8%AF%D8%A7%D8%A6%D8%B9-%D8%A7%D9%84%D8%B5%D9%86%D8%A7%D8%A6%D8%B9-%D9%81%D9%8A-%D8%AA%D8%B1%D8%AA%D9%8A%D8%A8-%D8%A7%D9%84%D8%B4%D8%B1%D8%A7%D8%A6%D8%B9-3eb4313d457e494aac202d54d907fa34,كتاب الطهارة → باب/فصل الحيض والاستحاضة والنفاس؛ exact edition/page passage still to extract,,الموسوعة الفقهية الكويتية,https://www.fiqhpedia.org/,مدخل مناسب: Transition / related issue; exact entry to record during extraction,,,,PENDING,,,PASSAGE_EXTRACTION_REQUIRED,NOT_APPROVED_NOT_PUBLISHED
HNF-TRANS-43,hanafi,Transition,Prayer qada,"Which prayers, if any, are made up after Haid or Nifas?",ما الصلوات التي تُقضى - إن وجدت - بعد الحيض أو النفاس؟,رد المحتار على الدر المختار — ابن عابدين,https://waqfeya.net/books/%D8%B1%D8%AF-%D8%A7%D9%84%D9%85%D8%AD%D8%AA%D8%A7%D8%B1-%D8%B9%D9%84%D9%89-%D8%A7%D9%84%D8%AF%D8%B1-%D8%A7%D9%84%D9%85%D8%AE%D8%AA%D8%A7%D8%B1-%D8%AD%D8%A7%D8%B4%D9%8A%D8%A9-%D8%A7%D8%A8%D9%86-%D8%B9%D8%A7%D8%A8%D8%AF%D9%8A%D9%86-%D9%88%D9%8A%D9%84%D9%8A%D9%87-%D9%82%D8%B1%D8%A9-%D8%B9%D9%8A%D9%88%D9%86-%D8%A7%D9%84%D8%A3%D8%AE%D9%8A%D8%A7%D8%B1-%D9%88%D8%AA%D9%82%D8%B1%D9%8A%D8%B1%D8%A7%D8%AA-%D8%A7%D9%84%D8%B1%D8%A7%D9%81%D8%B9%D9%8A/d624c5cdd9fa42268747e4cafde1a3a5,كتاب الطهارة → باب/فصل الحيض والاستحاضة والنفاس؛ exact edition/page passage still to extract,,بدائع الصنائع في ترتيب الشرائع — الكاساني,https://waqfeya.net/books/%D8%A8%D8%AF%D8%A7%D8%A6%D8%B9-%D8%A7%D9%84%D8%B5%D9%86%D8%A7%D8%A6%D8%B9-%D9%81%D9%8A-%D8%AA%D8%B1%D8%AA%D9%8A%D8%A8-%D8%A7%D9%84%D8%B4%D8%B1%D8%A7%D8%A6%D8%B9-3eb4313d457e494aac202d54d907fa34,كتاب الطهارة → باب/فصل الحيض والاستحاضة والنفاس؛ exact edition/page passage still to extract,,الموسوعة الفقهية الكويتية,https://www.fiqhpedia.org/,مدخل مناسب: Transition / related issue; exact entry to record during extraction,,,,PENDING,,,PASSAGE_EXTRACTION_REQUIRED,NOT_APPROVED_NOT_PUBLISHED
HNF-TRANS-44,hanafi,Transition,Fasting qada,Which obligatory fasts must be made up after Haid or Nifas?,ما الصيام الواجب قضاؤه بعد الحيض أو النفاس؟,رد المحتار على الدر المختار — ابن عابدين,https://waqfeya.net/books/%D8%B1%D8%AF-%D8%A7%D9%84%D9%85%D8%AD%D8%AA%D8%A7%D8%B1-%D8%B9%D9%84%D9%89-%D8%A7%D9%84%D8%AF%D8%B1-%D8%A7%D9%84%D9%85%D8%AE%D8%AA%D8%A7%D8%B1-%D8%AD%D8%A7%D8%B4%D9%8A%D8%A9-%D8%A7%D8%A8%D9%86-%D8%B9%D8%A7%D8%A8%D8%AF%D9%8A%D9%86-%D9%88%D9%8A%D9%84%D9%8A%D9%87-%D9%82%D8%B1%D8%A9-%D8%B9%D9%8A%D9%88%D9%86-%D8%A7%D9%84%D8%A3%D8%AE%D9%8A%D8%A7%D8%B1-%D9%88%D8%AA%D9%82%D8%B1%D9%8A%D8%B1%D8%A7%D8%AA-%D8%A7%D9%84%D8%B1%D8%A7%D9%81%D8%B9%D9%8A/d624c5cdd9fa42268747e4cafde1a3a5,كتاب الطهارة → باب/فصل الحيض والاستحاضة والنفاس؛ exact edition/page passage still to extract,,بدائع الصنائع في ترتيب الشرائع — الكاساني,https://waqfeya.net/books/%D8%A8%D8%AF%D8%A7%D8%A6%D8%B9-%D8%A7%D9%84%D8%B5%D9%86%D8%A7%D8%A6%D8%B9-%D9%81%D9%8A-%D8%AA%D8%B1%D8%AA%D9%8A%D8%A8-%D8%A7%D9%84%D8%B4%D8%B1%D8%A7%D8%A6%D8%B9-3eb4313d457e494aac202d54d907fa34,كتاب الطهارة → باب/فصل الحيض والاستحاضة والنفاس؛ exact edition/page passage still to extract,,الموسوعة الفقهية الكويتية,https://www.fiqhpedia.org/,مدخل مناسب: Transition / related issue; exact entry to record during extraction,,,,PENDING,,,PASSAGE_EXTRACTION_REQUIRED,NOT_APPROVED_NOT_PUBLISHED
HNF-TRANS-45,hanafi,Transition,Uncertain purity/classification,"When purity or classification is uncertain, what may Niswah safely state without inventing a ruling?",عند الشك في الطهر أو التصنيف، ما الذي يجوز لنسوة قوله بأمان دون اختلاق حكم؟,رد المحتار على الدر المختار — ابن عابدين,https://waqfeya.net/books/%D8%B1%D8%AF-%D8%A7%D9%84%D9%85%D8%AD%D8%AA%D8%A7%D8%B1-%D8%B9%D9%84%D9%89-%D8%A7%D9%84%D8%AF%D8%B1-%D8%A7%D9%84%D9%85%D8%AE%D8%AA%D8%A7%D8%B1-%D8%AD%D8%A7%D8%B4%D9%8A%D8%A9-%D8%A7%D8%A8%D9%86-%D8%B9%D8%A7%D8%A8%D8%AF%D9%8A%D9%86-%D9%88%D9%8A%D9%84%D9%8A%D9%87-%D9%82%D8%B1%D8%A9-%D8%B9%D9%8A%D9%88%D9%86-%D8%A7%D9%84%D8%A3%D8%AE%D9%8A%D8%A7%D8%B1-%D9%88%D8%AA%D9%82%D8%B1%D9%8A%D8%B1%D8%A7%D8%AA-%D8%A7%D9%84%D8%B1%D8%A7%D9%81%D8%B9%D9%8A/d624c5cdd9fa42268747e4cafde1a3a5,كتاب الطهارة → باب/فصل الحيض والاستحاضة والنفاس؛ exact edition/page passage still to extract,,بدائع الصنائع في ترتيب الشرائع — الكاساني,https://waqfeya.net/books/%D8%A8%D8%AF%D8%A7%D8%A6%D8%B9-%D8%A7%D9%84%D8%B5%D9%86%D8%A7%D8%A6%D8%B9-%D9%81%D9%8A-%D8%AA%D8%B1%D8%AA%D9%8A%D8%A8-%D8%A7%D9%84%D8%B4%D8%B1%D8%A7%D8%A6%D8%B9-3eb4313d457e494aac202d54d907fa34,كتاب الطهارة → باب/فصل الحيض والاستحاضة والنفاس؛ exact edition/page passage still to extract,,الموسوعة الفقهية الكويتية,https://www.fiqhpedia.org/,مدخل مناسب: Transition / related issue; exact entry to record during extraction,,,,PENDING,,,PASSAGE_EXTRACTION_REQUIRED,NOT_APPROVED_NOT_PUBLISHED
MLK-HAID-01,maliki,Haid,Qualifying bleeding,What conditions make bleeding eligible to be classified as Haid?,ما الشروط التي تجعل الدم صالحًا للحكم عليه بأنه حيض؟,حاشية الدسوقي على الشرح الكبير — الدسوقي,https://www.waqfeya.net/books/%D8%AD%D8%A7%D8%B4%D9%8A%D8%A9-%D8%A7%D9%84%D8%AF%D8%B3%D9%88%D9%82%D9%8A-%D8%B9%D9%84%D9%89-%D8%A7%D9%84%D8%B4%D8%B1%D8%AD-%D8%A7%D9%84%D9%83%D8%A8%D9%8A%D8%B1-%D9%85%D8%B9-%D8%AA%D9%82%D8%B1%D9%8A%D8%B1%D8%A7%D8%AA-%D8%A7%D9%84%D8%B4%D9%8A%D8%AE-%D8%B9%D9%84%D9%8A%D8%B4-f6227fccb4524b5499db0a7d489c7b78,كتاب الطهارة → باب/فصل الحيض والاستحاضة والنفاس؛ exact edition/page passage still to extract,,مواهب الجليل لشرح مختصر خليل — الحطاب,https://www.waqfeya.net/books/%D9%85%D9%88%D8%A7%D9%87%D8%A8-%D8%A7%D9%84%D8%AC%D9%84%D9%8A%D9%84-%D9%84%D8%B4%D8%B1%D8%AD-%D9%85%D8%AE%D8%AA%D8%B5%D8%B1-%D8%AE%D9%84%D9%8A%D9%84-%D9%88%D8%A8%D9%87%D8%A7%D9%85%D8%B4%D9%87-%D8%A7%D9%84%D8%AA%D8%A7%D8%AC-%D9%88%D8%A7%D9%84%D8%A5%D9%83%D9%84%D9%8A%D9%84-%D9%84%D9%85%D8%AE%D8%AA%D8%B5%D8%B1-%D8%AE%D9%84%D9%8A%D9%84-1bf1b5dbf5fc4dc6bf9fa8a9734d9703,كتاب الطهارة → باب/فصل الحيض والاستحاضة والنفاس؛ exact edition/page passage still to extract,,الموسوعة الفقهية الكويتية,https://www.fiqhpedia.org/,مدخل مناسب: Haid / related issue; exact entry to record during extraction,,,,PENDING,,,PASSAGE_EXTRACTION_REQUIRED,NOT_APPROVED_NOT_PUBLISHED
MLK-HAID-02,maliki,Haid,Age / eligibility,What age or maturity constraints affect whether bleeding may be Haid?,ما القيود المتعلقة بالعمر أو البلوغ التي تؤثر في إمكان اعتبار الدم حيضًا؟,حاشية الدسوقي على الشرح الكبير — الدسوقي,https://www.waqfeya.net/books/%D8%AD%D8%A7%D8%B4%D9%8A%D8%A9-%D8%A7%D9%84%D8%AF%D8%B3%D9%88%D9%82%D9%8A-%D8%B9%D9%84%D9%89-%D8%A7%D9%84%D8%B4%D8%B1%D8%AD-%D8%A7%D9%84%D9%83%D8%A8%D9%8A%D8%B1-%D9%85%D8%B9-%D8%AA%D9%82%D8%B1%D9%8A%D8%B1%D8%A7%D8%AA-%D8%A7%D9%84%D8%B4%D9%8A%D8%AE-%D8%B9%D9%84%D9%8A%D8%B4-f6227fccb4524b5499db0a7d489c7b78,كتاب الطهارة → باب/فصل الحيض والاستحاضة والنفاس؛ exact edition/page passage still to extract,,مواهب الجليل لشرح مختصر خليل — الحطاب,https://www.waqfeya.net/books/%D9%85%D9%88%D8%A7%D9%87%D8%A8-%D8%A7%D9%84%D8%AC%D9%84%D9%8A%D9%84-%D9%84%D8%B4%D8%B1%D8%AD-%D9%85%D8%AE%D8%AA%D8%B5%D8%B1-%D8%AE%D9%84%D9%8A%D9%84-%D9%88%D8%A8%D9%87%D8%A7%D9%85%D8%B4%D9%87-%D8%A7%D9%84%D8%AA%D8%A7%D8%AC-%D9%88%D8%A7%D9%84%D8%A5%D9%83%D9%84%D9%8A%D9%84-%D9%84%D9%85%D8%AE%D8%AA%D8%B5%D8%B1-%D8%AE%D9%84%D9%8A%D9%84-1bf1b5dbf5fc4dc6bf9fa8a9734d9703,كتاب الطهارة → باب/فصل الحيض والاستحاضة والنفاس؛ exact edition/page passage still to extract,,الموسوعة الفقهية الكويتية,https://www.fiqhpedia.org/,مدخل مناسب: Haid / related issue; exact entry to record during extraction,,,,PENDING,,,PASSAGE_EXTRACTION_REQUIRED,NOT_APPROVED_NOT_PUBLISHED
MLK-HAID-03,maliki,Haid,Pregnancy bleeding,"Can bleeding during pregnancy be classified as Haid, and under what conditions?",هل يمكن اعتبار الدم أثناء الحمل حيضًا، وتحت أي شروط؟,حاشية الدسوقي على الشرح الكبير — الدسوقي,https://www.waqfeya.net/books/%D8%AD%D8%A7%D8%B4%D9%8A%D8%A9-%D8%A7%D9%84%D8%AF%D8%B3%D9%88%D9%82%D9%8A-%D8%B9%D9%84%D9%89-%D8%A7%D9%84%D8%B4%D8%B1%D8%AD-%D8%A7%D9%84%D9%83%D8%A8%D9%8A%D8%B1-%D9%85%D8%B9-%D8%AA%D9%82%D8%B1%D9%8A%D8%B1%D8%A7%D8%AA-%D8%A7%D9%84%D8%B4%D9%8A%D8%AE-%D8%B9%D9%84%D9%8A%D8%B4-f6227fccb4524b5499db0a7d489c7b78,كتاب الطهارة → باب/فصل الحيض والاستحاضة والنفاس؛ exact edition/page passage still to extract,,مواهب الجليل لشرح مختصر خليل — الحطاب,https://www.waqfeya.net/books/%D9%85%D9%88%D8%A7%D9%87%D8%A8-%D8%A7%D9%84%D8%AC%D9%84%D9%8A%D9%84-%D9%84%D8%B4%D8%B1%D8%AD-%D9%85%D8%AE%D8%AA%D8%B5%D8%B1-%D8%AE%D9%84%D9%8A%D9%84-%D9%88%D8%A8%D9%87%D8%A7%D9%85%D8%B4%D9%87-%D8%A7%D9%84%D8%AA%D8%A7%D8%AC-%D9%88%D8%A7%D9%84%D8%A5%D9%83%D9%84%D9%8A%D9%84-%D9%84%D9%85%D8%AE%D8%AA%D8%B5%D8%B1-%D8%AE%D9%84%D9%8A%D9%84-1bf1b5dbf5fc4dc6bf9fa8a9734d9703,كتاب الطهارة → باب/فصل الحيض والاستحاضة والنفاس؛ exact edition/page passage still to extract,,الموسوعة الفقهية الكويتية,https://www.fiqhpedia.org/,مدخل مناسب: Haid / related issue; exact entry to record during extraction,,,,PENDING,,,PASSAGE_EXTRACTION_REQUIRED,NOT_APPROVED_NOT_PUBLISHED
MLK-HAID-04,maliki,Haid,Minimum duration,What is the minimum duration/amount required for a valid Haid classification?,ما أقل مدة أو قدر معتبر لصحة الحكم بالحيض؟,حاشية الدسوقي على الشرح الكبير — الدسوقي,https://www.waqfeya.net/books/%D8%AD%D8%A7%D8%B4%D9%8A%D8%A9-%D8%A7%D9%84%D8%AF%D8%B3%D9%88%D9%82%D9%8A-%D8%B9%D9%84%D9%89-%D8%A7%D9%84%D8%B4%D8%B1%D8%AD-%D8%A7%D9%84%D9%83%D8%A8%D9%8A%D8%B1-%D9%85%D8%B9-%D8%AA%D9%82%D8%B1%D9%8A%D8%B1%D8%A7%D8%AA-%D8%A7%D9%84%D8%B4%D9%8A%D8%AE-%D8%B9%D9%84%D9%8A%D8%B4-f6227fccb4524b5499db0a7d489c7b78,كتاب الطهارة → باب/فصل الحيض والاستحاضة والنفاس؛ exact edition/page passage still to extract,,مواهب الجليل لشرح مختصر خليل — الحطاب,https://www.waqfeya.net/books/%D9%85%D9%88%D8%A7%D9%87%D8%A8-%D8%A7%D9%84%D8%AC%D9%84%D9%8A%D9%84-%D9%84%D8%B4%D8%B1%D8%AD-%D9%85%D8%AE%D8%AA%D8%B5%D8%B1-%D8%AE%D9%84%D9%8A%D9%84-%D9%88%D8%A8%D9%87%D8%A7%D9%85%D8%B4%D9%87-%D8%A7%D9%84%D8%AA%D8%A7%D8%AC-%D9%88%D8%A7%D9%84%D8%A5%D9%83%D9%84%D9%8A%D9%84-%D9%84%D9%85%D8%AE%D8%AA%D8%B5%D8%B1-%D8%AE%D9%84%D9%8A%D9%84-1bf1b5dbf5fc4dc6bf9fa8a9734d9703,كتاب الطهارة → باب/فصل الحيض والاستحاضة والنفاس؛ exact edition/page passage still to extract,,الموسوعة الفقهية الكويتية,https://www.fiqhpedia.org/,مدخل مناسب: Haid / related issue; exact entry to record during extraction,,,,PENDING,,,PASSAGE_EXTRACTION_REQUIRED,NOT_APPROVED_NOT_PUBLISHED
MLK-HAID-05,maliki,Haid,Maximum duration,What is the maximum duration of Haid before excess bleeding is treated differently?,ما أكثر مدة الحيض قبل أن يعامل الدم الزائد بحكم آخر؟,حاشية الدسوقي على الشرح الكبير — الدسوقي,https://www.waqfeya.net/books/%D8%AD%D8%A7%D8%B4%D9%8A%D8%A9-%D8%A7%D9%84%D8%AF%D8%B3%D9%88%D9%82%D9%8A-%D8%B9%D9%84%D9%89-%D8%A7%D9%84%D8%B4%D8%B1%D8%AD-%D8%A7%D9%84%D9%83%D8%A8%D9%8A%D8%B1-%D9%85%D8%B9-%D8%AA%D9%82%D8%B1%D9%8A%D8%B1%D8%A7%D8%AA-%D8%A7%D9%84%D8%B4%D9%8A%D8%AE-%D8%B9%D9%84%D9%8A%D8%B4-f6227fccb4524b5499db0a7d489c7b78,كتاب الطهارة → باب/فصل الحيض والاستحاضة والنفاس؛ exact edition/page passage still to extract,,مواهب الجليل لشرح مختصر خليل — الحطاب,https://www.waqfeya.net/books/%D9%85%D9%88%D8%A7%D9%87%D8%A8-%D8%A7%D9%84%D8%AC%D9%84%D9%8A%D9%84-%D9%84%D8%B4%D8%B1%D8%AD-%D9%85%D8%AE%D8%AA%D8%B5%D8%B1-%D8%AE%D9%84%D9%8A%D9%84-%D9%88%D8%A8%D9%87%D8%A7%D9%85%D8%B4%D9%87-%D8%A7%D9%84%D8%AA%D8%A7%D8%AC-%D9%88%D8%A7%D9%84%D8%A5%D9%83%D9%84%D9%8A%D9%84-%D9%84%D9%85%D8%AE%D8%AA%D8%B5%D8%B1-%D8%AE%D9%84%D9%8A%D9%84-1bf1b5dbf5fc4dc6bf9fa8a9734d9703,كتاب الطهارة → باب/فصل الحيض والاستحاضة والنفاس؛ exact edition/page passage still to extract,,الموسوعة الفقهية الكويتية,https://www.fiqhpedia.org/,مدخل مناسب: Haid / related issue; exact entry to record during extraction,,,,PENDING,,,PASSAGE_EXTRACTION_REQUIRED,NOT_APPROVED_NOT_PUBLISHED
MLK-HAID-06,maliki,Haid,Minimum Tuhr,What minimum interval of purity is required between two separate menstrual episodes?,ما أقل مدة للطهر بين حيضتين مستقلتين؟,حاشية الدسوقي على الشرح الكبير — الدسوقي,https://www.waqfeya.net/books/%D8%AD%D8%A7%D8%B4%D9%8A%D8%A9-%D8%A7%D9%84%D8%AF%D8%B3%D9%88%D9%82%D9%8A-%D8%B9%D9%84%D9%89-%D8%A7%D9%84%D8%B4%D8%B1%D8%AD-%D8%A7%D9%84%D9%83%D8%A8%D9%8A%D8%B1-%D9%85%D8%B9-%D8%AA%D9%82%D8%B1%D9%8A%D8%B1%D8%A7%D8%AA-%D8%A7%D9%84%D8%B4%D9%8A%D8%AE-%D8%B9%D9%84%D9%8A%D8%B4-f6227fccb4524b5499db0a7d489c7b78,كتاب الطهارة → باب/فصل الحيض والاستحاضة والنفاس؛ exact edition/page passage still to extract,,مواهب الجليل لشرح مختصر خليل — الحطاب,https://www.waqfeya.net/books/%D9%85%D9%88%D8%A7%D9%87%D8%A8-%D8%A7%D9%84%D8%AC%D9%84%D9%8A%D9%84-%D9%84%D8%B4%D8%B1%D8%AD-%D9%85%D8%AE%D8%AA%D8%B5%D8%B1-%D8%AE%D9%84%D9%8A%D9%84-%D9%88%D8%A8%D9%87%D8%A7%D9%85%D8%B4%D9%87-%D8%A7%D9%84%D8%AA%D8%A7%D8%AC-%D9%88%D8%A7%D9%84%D8%A5%D9%83%D9%84%D9%8A%D9%84-%D9%84%D9%85%D8%AE%D8%AA%D8%B5%D8%B1-%D8%AE%D9%84%D9%8A%D9%84-1bf1b5dbf5fc4dc6bf9fa8a9734d9703,كتاب الطهارة → باب/فصل الحيض والاستحاضة والنفاس؛ exact edition/page passage still to extract,,الموسوعة الفقهية الكويتية,https://www.fiqhpedia.org/,مدخل مناسب: Haid / related issue; exact entry to record during extraction,,,,PENDING,,,PASSAGE_EXTRACTION_REQUIRED,NOT_APPROVED_NOT_PUBLISHED
MLK-HAID-07,maliki,Haid,Maximum Tuhr,"Is there a maximum duration of purity, and does it affect classification?",هل للطهر حد أقصى، وهل يؤثر ذلك في التصنيف؟,حاشية الدسوقي على الشرح الكبير — الدسوقي,https://www.waqfeya.net/books/%D8%AD%D8%A7%D8%B4%D9%8A%D8%A9-%D8%A7%D9%84%D8%AF%D8%B3%D9%88%D9%82%D9%8A-%D8%B9%D9%84%D9%89-%D8%A7%D9%84%D8%B4%D8%B1%D8%AD-%D8%A7%D9%84%D9%83%D8%A8%D9%8A%D8%B1-%D9%85%D8%B9-%D8%AA%D9%82%D8%B1%D9%8A%D8%B1%D8%A7%D8%AA-%D8%A7%D9%84%D8%B4%D9%8A%D8%AE-%D8%B9%D9%84%D9%8A%D8%B4-f6227fccb4524b5499db0a7d489c7b78,كتاب الطهارة → باب/فصل الحيض والاستحاضة والنفاس؛ exact edition/page passage still to extract,,مواهب الجليل لشرح مختصر خليل — الحطاب,https://www.waqfeya.net/books/%D9%85%D9%88%D8%A7%D9%87%D8%A8-%D8%A7%D9%84%D8%AC%D9%84%D9%8A%D9%84-%D9%84%D8%B4%D8%B1%D8%AD-%D9%85%D8%AE%D8%AA%D8%B5%D8%B1-%D8%AE%D9%84%D9%8A%D9%84-%D9%88%D8%A8%D9%87%D8%A7%D9%85%D8%B4%D9%87-%D8%A7%D9%84%D8%AA%D8%A7%D8%AC-%D9%88%D8%A7%D9%84%D8%A5%D9%83%D9%84%D9%8A%D9%84-%D9%84%D9%85%D8%AE%D8%AA%D8%B5%D8%B1-%D8%AE%D9%84%D9%8A%D9%84-1bf1b5dbf5fc4dc6bf9fa8a9734d9703,كتاب الطهارة → باب/فصل الحيض والاستحاضة والنفاس؛ exact edition/page passage still to extract,,الموسوعة الفقهية الكويتية,https://www.fiqhpedia.org/,مدخل مناسب: Haid / related issue; exact entry to record during extraction,,,,PENDING,,,PASSAGE_EXTRACTION_REQUIRED,NOT_APPROVED_NOT_PUBLISHED
MLK-HAID-08,maliki,Haid,Yellow/brown before purity,How is yellow/brown discharge treated before confirmed purity?,ما حكم الصفرة والكدرة قبل تحقق الطهر؟,حاشية الدسوقي على الشرح الكبير — الدسوقي,https://www.waqfeya.net/books/%D8%AD%D8%A7%D8%B4%D9%8A%D8%A9-%D8%A7%D9%84%D8%AF%D8%B3%D9%88%D9%82%D9%8A-%D8%B9%D9%84%D9%89-%D8%A7%D9%84%D8%B4%D8%B1%D8%AD-%D8%A7%D9%84%D9%83%D8%A8%D9%8A%D8%B1-%D9%85%D8%B9-%D8%AA%D9%82%D8%B1%D9%8A%D8%B1%D8%A7%D8%AA-%D8%A7%D9%84%D8%B4%D9%8A%D8%AE-%D8%B9%D9%84%D9%8A%D8%B4-f6227fccb4524b5499db0a7d489c7b78,كتاب الطهارة → باب/فصل الحيض والاستحاضة والنفاس؛ exact edition/page passage still to extract,,مواهب الجليل لشرح مختصر خليل — الحطاب,https://www.waqfeya.net/books/%D9%85%D9%88%D8%A7%D9%87%D8%A8-%D8%A7%D9%84%D8%AC%D9%84%D9%8A%D9%84-%D9%84%D8%B4%D8%B1%D8%AD-%D9%85%D8%AE%D8%AA%D8%B5%D8%B1-%D8%AE%D9%84%D9%8A%D9%84-%D9%88%D8%A8%D9%87%D8%A7%D9%85%D8%B4%D9%87-%D8%A7%D9%84%D8%AA%D8%A7%D8%AC-%D9%88%D8%A7%D9%84%D8%A5%D9%83%D9%84%D9%8A%D9%84-%D9%84%D9%85%D8%AE%D8%AA%D8%B5%D8%B1-%D8%AE%D9%84%D9%8A%D9%84-1bf1b5dbf5fc4dc6bf9fa8a9734d9703,كتاب الطهارة → باب/فصل الحيض والاستحاضة والنفاس؛ exact edition/page passage still to extract,,الموسوعة الفقهية الكويتية,https://www.fiqhpedia.org/,مدخل مناسب: Haid / related issue; exact entry to record during extraction,,,,PENDING,,,PASSAGE_EXTRACTION_REQUIRED,NOT_APPROVED_NOT_PUBLISHED
MLK-HAID-09,maliki,Haid,Yellow/brown after purity,How is yellow/brown discharge treated after confirmed purity?,ما حكم الصفرة والكدرة بعد تحقق الطهر؟,حاشية الدسوقي على الشرح الكبير — الدسوقي,https://www.waqfeya.net/books/%D8%AD%D8%A7%D8%B4%D9%8A%D8%A9-%D8%A7%D9%84%D8%AF%D8%B3%D9%88%D9%82%D9%8A-%D8%B9%D9%84%D9%89-%D8%A7%D9%84%D8%B4%D8%B1%D8%AD-%D8%A7%D9%84%D9%83%D8%A8%D9%8A%D8%B1-%D9%85%D8%B9-%D8%AA%D9%82%D8%B1%D9%8A%D8%B1%D8%A7%D8%AA-%D8%A7%D9%84%D8%B4%D9%8A%D8%AE-%D8%B9%D9%84%D9%8A%D8%B4-f6227fccb4524b5499db0a7d489c7b78,كتاب الطهارة → باب/فصل الحيض والاستحاضة والنفاس؛ exact edition/page passage still to extract,,مواهب الجليل لشرح مختصر خليل — الحطاب,https://www.waqfeya.net/books/%D9%85%D9%88%D8%A7%D9%87%D8%A8-%D8%A7%D9%84%D8%AC%D9%84%D9%8A%D9%84-%D9%84%D8%B4%D8%B1%D8%AD-%D9%85%D8%AE%D8%AA%D8%B5%D8%B1-%D8%AE%D9%84%D9%8A%D9%84-%D9%88%D8%A8%D9%87%D8%A7%D9%85%D8%B4%D9%87-%D8%A7%D9%84%D8%AA%D8%A7%D8%AC-%D9%88%D8%A7%D9%84%D8%A5%D9%83%D9%84%D9%8A%D9%84-%D9%84%D9%85%D8%AE%D8%AA%D8%B5%D8%B1-%D8%AE%D9%84%D9%8A%D9%84-1bf1b5dbf5fc4dc6bf9fa8a9734d9703,كتاب الطهارة → باب/فصل الحيض والاستحاضة والنفاس؛ exact edition/page passage still to extract,,الموسوعة الفقهية الكويتية,https://www.fiqhpedia.org/,مدخل مناسب: Haid / related issue; exact entry to record during extraction,,,,PENDING,,,PASSAGE_EXTRACTION_REQUIRED,NOT_APPROVED_NOT_PUBLISHED
MLK-TAHARA-10,maliki,Tahara,Dryness,When does complete dryness establish Tahara?,متى يُعد الجفاف التام علامة معتبرة على الطهر؟,حاشية الدسوقي على الشرح الكبير — الدسوقي,https://www.waqfeya.net/books/%D8%AD%D8%A7%D8%B4%D9%8A%D8%A9-%D8%A7%D9%84%D8%AF%D8%B3%D9%88%D9%82%D9%8A-%D8%B9%D9%84%D9%89-%D8%A7%D9%84%D8%B4%D8%B1%D8%AD-%D8%A7%D9%84%D9%83%D8%A8%D9%8A%D8%B1-%D9%85%D8%B9-%D8%AA%D9%82%D8%B1%D9%8A%D8%B1%D8%A7%D8%AA-%D8%A7%D9%84%D8%B4%D9%8A%D8%AE-%D8%B9%D9%84%D9%8A%D8%B4-f6227fccb4524b5499db0a7d489c7b78,كتاب الطهارة → باب/فصل الحيض والاستحاضة والنفاس؛ exact edition/page passage still to extract,,مواهب الجليل لشرح مختصر خليل — الحطاب,https://www.waqfeya.net/books/%D9%85%D9%88%D8%A7%D9%87%D8%A8-%D8%A7%D9%84%D8%AC%D9%84%D9%8A%D9%84-%D9%84%D8%B4%D8%B1%D8%AD-%D9%85%D8%AE%D8%AA%D8%B5%D8%B1-%D8%AE%D9%84%D9%8A%D9%84-%D9%88%D8%A8%D9%87%D8%A7%D9%85%D8%B4%D9%87-%D8%A7%D9%84%D8%AA%D8%A7%D8%AC-%D9%88%D8%A7%D9%84%D8%A5%D9%83%D9%84%D9%8A%D9%84-%D9%84%D9%85%D8%AE%D8%AA%D8%B5%D8%B1-%D8%AE%D9%84%D9%8A%D9%84-1bf1b5dbf5fc4dc6bf9fa8a9734d9703,كتاب الطهارة → باب/فصل الحيض والاستحاضة والنفاس؛ exact edition/page passage still to extract,,الموسوعة الفقهية الكويتية,https://www.fiqhpedia.org/,مدخل مناسب: Tahara / related issue; exact entry to record during extraction,,,,PENDING,,,PASSAGE_EXTRACTION_REQUIRED,NOT_APPROVED_NOT_PUBLISHED
MLK-TAHARA-11,maliki,Tahara,White discharge,What role does the white discharge play in establishing Tahara?,ما دور القصة البيضاء في إثبات الطهر؟,حاشية الدسوقي على الشرح الكبير — الدسوقي,https://www.waqfeya.net/books/%D8%AD%D8%A7%D8%B4%D9%8A%D8%A9-%D8%A7%D9%84%D8%AF%D8%B3%D9%88%D9%82%D9%8A-%D8%B9%D9%84%D9%89-%D8%A7%D9%84%D8%B4%D8%B1%D8%AD-%D8%A7%D9%84%D9%83%D8%A8%D9%8A%D8%B1-%D9%85%D8%B9-%D8%AA%D9%82%D8%B1%D9%8A%D8%B1%D8%A7%D8%AA-%D8%A7%D9%84%D8%B4%D9%8A%D8%AE-%D8%B9%D9%84%D9%8A%D8%B4-f6227fccb4524b5499db0a7d489c7b78,كتاب الطهارة → باب/فصل الحيض والاستحاضة والنفاس؛ exact edition/page passage still to extract,,مواهب الجليل لشرح مختصر خليل — الحطاب,https://www.waqfeya.net/books/%D9%85%D9%88%D8%A7%D9%87%D8%A8-%D8%A7%D9%84%D8%AC%D9%84%D9%8A%D9%84-%D9%84%D8%B4%D8%B1%D8%AD-%D9%85%D8%AE%D8%AA%D8%B5%D8%B1-%D8%AE%D9%84%D9%8A%D9%84-%D9%88%D8%A8%D9%87%D8%A7%D9%85%D8%B4%D9%87-%D8%A7%D9%84%D8%AA%D8%A7%D8%AC-%D9%88%D8%A7%D9%84%D8%A5%D9%83%D9%84%D9%8A%D9%84-%D9%84%D9%85%D8%AE%D8%AA%D8%B5%D8%B1-%D8%AE%D9%84%D9%8A%D9%84-1bf1b5dbf5fc4dc6bf9fa8a9734d9703,كتاب الطهارة → باب/فصل الحيض والاستحاضة والنفاس؛ exact edition/page passage still to extract,,الموسوعة الفقهية الكويتية,https://www.fiqhpedia.org/,مدخل مناسب: Tahara / related issue; exact entry to record during extraction,,,,PENDING,,,PASSAGE_EXTRACTION_REQUIRED,NOT_APPROVED_NOT_PUBLISHED
MLK-HAID-12,maliki,Haid,Intermittent dryness,How are dry intervals within a possible Haid episode classified?,كيف تُعامل فترات الجفاف المتخللة داخل مدة محتملة للحيض؟,حاشية الدسوقي على الشرح الكبير — الدسوقي,https://www.waqfeya.net/books/%D8%AD%D8%A7%D8%B4%D9%8A%D8%A9-%D8%A7%D9%84%D8%AF%D8%B3%D9%88%D9%82%D9%8A-%D8%B9%D9%84%D9%89-%D8%A7%D9%84%D8%B4%D8%B1%D8%AD-%D8%A7%D9%84%D9%83%D8%A8%D9%8A%D8%B1-%D9%85%D8%B9-%D8%AA%D9%82%D8%B1%D9%8A%D8%B1%D8%A7%D8%AA-%D8%A7%D9%84%D8%B4%D9%8A%D8%AE-%D8%B9%D9%84%D9%8A%D8%B4-f6227fccb4524b5499db0a7d489c7b78,كتاب الطهارة → باب/فصل الحيض والاستحاضة والنفاس؛ exact edition/page passage still to extract,,مواهب الجليل لشرح مختصر خليل — الحطاب,https://www.waqfeya.net/books/%D9%85%D9%88%D8%A7%D9%87%D8%A8-%D8%A7%D9%84%D8%AC%D9%84%D9%8A%D9%84-%D9%84%D8%B4%D8%B1%D8%AD-%D9%85%D8%AE%D8%AA%D8%B5%D8%B1-%D8%AE%D9%84%D9%8A%D9%84-%D9%88%D8%A8%D9%87%D8%A7%D9%85%D8%B4%D9%87-%D8%A7%D9%84%D8%AA%D8%A7%D8%AC-%D9%88%D8%A7%D9%84%D8%A5%D9%83%D9%84%D9%8A%D9%84-%D9%84%D9%85%D8%AE%D8%AA%D8%B5%D8%B1-%D8%AE%D9%84%D9%8A%D9%84-1bf1b5dbf5fc4dc6bf9fa8a9734d9703,كتاب الطهارة → باب/فصل الحيض والاستحاضة والنفاس؛ exact edition/page passage still to extract,,الموسوعة الفقهية الكويتية,https://www.fiqhpedia.org/,مدخل مناسب: Haid / related issue; exact entry to record during extraction,,,,PENDING,,,PASSAGE_EXTRACTION_REQUIRED,NOT_APPROVED_NOT_PUBLISHED
MLK-HAID-13,maliki,Haid,Resumed bleeding,How is bleeding classified when it returns after apparent purity?,كيف يُصنف الدم إذا عاد بعد طهر ظاهري؟,حاشية الدسوقي على الشرح الكبير — الدسوقي,https://www.waqfeya.net/books/%D8%AD%D8%A7%D8%B4%D9%8A%D8%A9-%D8%A7%D9%84%D8%AF%D8%B3%D9%88%D9%82%D9%8A-%D8%B9%D9%84%D9%89-%D8%A7%D9%84%D8%B4%D8%B1%D8%AD-%D8%A7%D9%84%D9%83%D8%A8%D9%8A%D8%B1-%D9%85%D8%B9-%D8%AA%D9%82%D8%B1%D9%8A%D8%B1%D8%A7%D8%AA-%D8%A7%D9%84%D8%B4%D9%8A%D8%AE-%D8%B9%D9%84%D9%8A%D8%B4-f6227fccb4524b5499db0a7d489c7b78,كتاب الطهارة → باب/فصل الحيض والاستحاضة والنفاس؛ exact edition/page passage still to extract,,مواهب الجليل لشرح مختصر خليل — الحطاب,https://www.waqfeya.net/books/%D9%85%D9%88%D8%A7%D9%87%D8%A8-%D8%A7%D9%84%D8%AC%D9%84%D9%8A%D9%84-%D9%84%D8%B4%D8%B1%D8%AD-%D9%85%D8%AE%D8%AA%D8%B5%D8%B1-%D8%AE%D9%84%D9%8A%D9%84-%D9%88%D8%A8%D9%87%D8%A7%D9%85%D8%B4%D9%87-%D8%A7%D9%84%D8%AA%D8%A7%D8%AC-%D9%88%D8%A7%D9%84%D8%A5%D9%83%D9%84%D9%8A%D9%84-%D9%84%D9%85%D8%AE%D8%AA%D8%B5%D8%B1-%D8%AE%D9%84%D9%8A%D9%84-1bf1b5dbf5fc4dc6bf9fa8a9734d9703,كتاب الطهارة → باب/فصل الحيض والاستحاضة والنفاس؛ exact edition/page passage still to extract,,الموسوعة الفقهية الكويتية,https://www.fiqhpedia.org/,مدخل مناسب: Haid / related issue; exact entry to record during extraction,,,,PENDING,,,PASSAGE_EXTRACTION_REQUIRED,NOT_APPROVED_NOT_PUBLISHED
MLK-HAID-14,maliki,Haid,First-time bleeder,How is a first-ever bleeding episode handled when no prior habit exists?,كيف تُعامل المبتدئة عند أول نزف بلا عادة سابقة؟,حاشية الدسوقي على الشرح الكبير — الدسوقي,https://www.waqfeya.net/books/%D8%AD%D8%A7%D8%B4%D9%8A%D8%A9-%D8%A7%D9%84%D8%AF%D8%B3%D9%88%D9%82%D9%8A-%D8%B9%D9%84%D9%89-%D8%A7%D9%84%D8%B4%D8%B1%D8%AD-%D8%A7%D9%84%D9%83%D8%A8%D9%8A%D8%B1-%D9%85%D8%B9-%D8%AA%D9%82%D8%B1%D9%8A%D8%B1%D8%A7%D8%AA-%D8%A7%D9%84%D8%B4%D9%8A%D8%AE-%D8%B9%D9%84%D9%8A%D8%B4-f6227fccb4524b5499db0a7d489c7b78,كتاب الطهارة → باب/فصل الحيض والاستحاضة والنفاس؛ exact edition/page passage still to extract,,مواهب الجليل لشرح مختصر خليل — الحطاب,https://www.waqfeya.net/books/%D9%85%D9%88%D8%A7%D9%87%D8%A8-%D8%A7%D9%84%D8%AC%D9%84%D9%8A%D9%84-%D9%84%D8%B4%D8%B1%D8%AD-%D9%85%D8%AE%D8%AA%D8%B5%D8%B1-%D8%AE%D9%84%D9%8A%D9%84-%D9%88%D8%A8%D9%87%D8%A7%D9%85%D8%B4%D9%87-%D8%A7%D9%84%D8%AA%D8%A7%D8%AC-%D9%88%D8%A7%D9%84%D8%A5%D9%83%D9%84%D9%8A%D9%84-%D9%84%D9%85%D8%AE%D8%AA%D8%B5%D8%B1-%D8%AE%D9%84%D9%8A%D9%84-1bf1b5dbf5fc4dc6bf9fa8a9734d9703,كتاب الطهارة → باب/فصل الحيض والاستحاضة والنفاس؛ exact edition/page passage still to extract,,الموسوعة الفقهية الكويتية,https://www.fiqhpedia.org/,مدخل مناسب: Haid / related issue; exact entry to record during extraction,,,,PENDING,,,PASSAGE_EXTRACTION_REQUIRED,NOT_APPROVED_NOT_PUBLISHED
MLK-HAID-15,maliki,Haid,Habit establishment,How and after how many repetitions does a menstrual habit become legally relevant?,كيف ومتى تثبت العادة الحيضية المعتبرة شرعًا؟,حاشية الدسوقي على الشرح الكبير — الدسوقي,https://www.waqfeya.net/books/%D8%AD%D8%A7%D8%B4%D9%8A%D8%A9-%D8%A7%D9%84%D8%AF%D8%B3%D9%88%D9%82%D9%8A-%D8%B9%D9%84%D9%89-%D8%A7%D9%84%D8%B4%D8%B1%D8%AD-%D8%A7%D9%84%D9%83%D8%A8%D9%8A%D8%B1-%D9%85%D8%B9-%D8%AA%D9%82%D8%B1%D9%8A%D8%B1%D8%A7%D8%AA-%D8%A7%D9%84%D8%B4%D9%8A%D8%AE-%D8%B9%D9%84%D9%8A%D8%B4-f6227fccb4524b5499db0a7d489c7b78,كتاب الطهارة → باب/فصل الحيض والاستحاضة والنفاس؛ exact edition/page passage still to extract,,مواهب الجليل لشرح مختصر خليل — الحطاب,https://www.waqfeya.net/books/%D9%85%D9%88%D8%A7%D9%87%D8%A8-%D8%A7%D9%84%D8%AC%D9%84%D9%8A%D9%84-%D9%84%D8%B4%D8%B1%D8%AD-%D9%85%D8%AE%D8%AA%D8%B5%D8%B1-%D8%AE%D9%84%D9%8A%D9%84-%D9%88%D8%A8%D9%87%D8%A7%D9%85%D8%B4%D9%87-%D8%A7%D9%84%D8%AA%D8%A7%D8%AC-%D9%88%D8%A7%D9%84%D8%A5%D9%83%D9%84%D9%8A%D9%84-%D9%84%D9%85%D8%AE%D8%AA%D8%B5%D8%B1-%D8%AE%D9%84%D9%8A%D9%84-1bf1b5dbf5fc4dc6bf9fa8a9734d9703,كتاب الطهارة → باب/فصل الحيض والاستحاضة والنفاس؛ exact edition/page passage still to extract,,الموسوعة الفقهية الكويتية,https://www.fiqhpedia.org/,مدخل مناسب: Haid / related issue; exact entry to record during extraction,,,,PENDING,,,PASSAGE_EXTRACTION_REQUIRED,NOT_APPROVED_NOT_PUBLISHED
MLK-HAID-16,maliki,Haid,Habit timing change,How is a shift in the start timing of an established habit handled?,كيف يُتعامل مع تغير وقت بدء العادة المستقرة؟,حاشية الدسوقي على الشرح الكبير — الدسوقي,https://www.waqfeya.net/books/%D8%AD%D8%A7%D8%B4%D9%8A%D8%A9-%D8%A7%D9%84%D8%AF%D8%B3%D9%88%D9%82%D9%8A-%D8%B9%D9%84%D9%89-%D8%A7%D9%84%D8%B4%D8%B1%D8%AD-%D8%A7%D9%84%D9%83%D8%A8%D9%8A%D8%B1-%D9%85%D8%B9-%D8%AA%D9%82%D8%B1%D9%8A%D8%B1%D8%A7%D8%AA-%D8%A7%D9%84%D8%B4%D9%8A%D8%AE-%D8%B9%D9%84%D9%8A%D8%B4-f6227fccb4524b5499db0a7d489c7b78,كتاب الطهارة → باب/فصل الحيض والاستحاضة والنفاس؛ exact edition/page passage still to extract,,مواهب الجليل لشرح مختصر خليل — الحطاب,https://www.waqfeya.net/books/%D9%85%D9%88%D8%A7%D9%87%D8%A8-%D8%A7%D9%84%D8%AC%D9%84%D9%8A%D9%84-%D9%84%D8%B4%D8%B1%D8%AD-%D9%85%D8%AE%D8%AA%D8%B5%D8%B1-%D8%AE%D9%84%D9%8A%D9%84-%D9%88%D8%A8%D9%87%D8%A7%D9%85%D8%B4%D9%87-%D8%A7%D9%84%D8%AA%D8%A7%D8%AC-%D9%88%D8%A7%D9%84%D8%A5%D9%83%D9%84%D9%8A%D9%84-%D9%84%D9%85%D8%AE%D8%AA%D8%B5%D8%B1-%D8%AE%D9%84%D9%8A%D9%84-1bf1b5dbf5fc4dc6bf9fa8a9734d9703,كتاب الطهارة → باب/فصل الحيض والاستحاضة والنفاس؛ exact edition/page passage still to extract,,الموسوعة الفقهية الكويتية,https://www.fiqhpedia.org/,مدخل مناسب: Haid / related issue; exact entry to record during extraction,,,,PENDING,,,PASSAGE_EXTRACTION_REQUIRED,NOT_APPROVED_NOT_PUBLISHED
MLK-HAID-17,maliki,Haid,Habit duration change,How is a change in the duration of an established habit handled?,كيف يُتعامل مع تغير مدة العادة المستقرة؟,حاشية الدسوقي على الشرح الكبير — الدسوقي,https://www.waqfeya.net/books/%D8%AD%D8%A7%D8%B4%D9%8A%D8%A9-%D8%A7%D9%84%D8%AF%D8%B3%D9%88%D9%82%D9%8A-%D8%B9%D9%84%D9%89-%D8%A7%D9%84%D8%B4%D8%B1%D8%AD-%D8%A7%D9%84%D9%83%D8%A8%D9%8A%D8%B1-%D9%85%D8%B9-%D8%AA%D9%82%D8%B1%D9%8A%D8%B1%D8%A7%D8%AA-%D8%A7%D9%84%D8%B4%D9%8A%D8%AE-%D8%B9%D9%84%D9%8A%D8%B4-f6227fccb4524b5499db0a7d489c7b78,كتاب الطهارة → باب/فصل الحيض والاستحاضة والنفاس؛ exact edition/page passage still to extract,,مواهب الجليل لشرح مختصر خليل — الحطاب,https://www.waqfeya.net/books/%D9%85%D9%88%D8%A7%D9%87%D8%A8-%D8%A7%D9%84%D8%AC%D9%84%D9%8A%D9%84-%D9%84%D8%B4%D8%B1%D8%AD-%D9%85%D8%AE%D8%AA%D8%B5%D8%B1-%D8%AE%D9%84%D9%8A%D9%84-%D9%88%D8%A8%D9%87%D8%A7%D9%85%D8%B4%D9%87-%D8%A7%D9%84%D8%AA%D8%A7%D8%AC-%D9%88%D8%A7%D9%84%D8%A5%D9%83%D9%84%D9%8A%D9%84-%D9%84%D9%85%D8%AE%D8%AA%D8%B5%D8%B1-%D8%AE%D9%84%D9%8A%D9%84-1bf1b5dbf5fc4dc6bf9fa8a9734d9703,كتاب الطهارة → باب/فصل الحيض والاستحاضة والنفاس؛ exact edition/page passage still to extract,,الموسوعة الفقهية الكويتية,https://www.fiqhpedia.org/,مدخل مناسب: Haid / related issue; exact entry to record during extraction,,,,PENDING,,,PASSAGE_EXTRACTION_REQUIRED,NOT_APPROVED_NOT_PUBLISHED
MLK-HAID-18,maliki,Haid,Beyond maximum,How should bleeding beyond the madhhab's Haid limit be classified?,كيف يُصنف الدم الذي يتجاوز أكثر الحيض عند المذهب؟,حاشية الدسوقي على الشرح الكبير — الدسوقي,https://www.waqfeya.net/books/%D8%AD%D8%A7%D8%B4%D9%8A%D8%A9-%D8%A7%D9%84%D8%AF%D8%B3%D9%88%D9%82%D9%8A-%D8%B9%D9%84%D9%89-%D8%A7%D9%84%D8%B4%D8%B1%D8%AD-%D8%A7%D9%84%D9%83%D8%A8%D9%8A%D8%B1-%D9%85%D8%B9-%D8%AA%D9%82%D8%B1%D9%8A%D8%B1%D8%A7%D8%AA-%D8%A7%D9%84%D8%B4%D9%8A%D8%AE-%D8%B9%D9%84%D9%8A%D8%B4-f6227fccb4524b5499db0a7d489c7b78,كتاب الطهارة → باب/فصل الحيض والاستحاضة والنفاس؛ exact edition/page passage still to extract,,مواهب الجليل لشرح مختصر خليل — الحطاب,https://www.waqfeya.net/books/%D9%85%D9%88%D8%A7%D9%87%D8%A8-%D8%A7%D9%84%D8%AC%D9%84%D9%8A%D9%84-%D9%84%D8%B4%D8%B1%D8%AD-%D9%85%D8%AE%D8%AA%D8%B5%D8%B1-%D8%AE%D9%84%D9%8A%D9%84-%D9%88%D8%A8%D9%87%D8%A7%D9%85%D8%B4%D9%87-%D8%A7%D9%84%D8%AA%D8%A7%D8%AC-%D9%88%D8%A7%D9%84%D8%A5%D9%83%D9%84%D9%8A%D9%84-%D9%84%D9%85%D8%AE%D8%AA%D8%B5%D8%B1-%D8%AE%D9%84%D9%8A%D9%84-1bf1b5dbf5fc4dc6bf9fa8a9734d9703,كتاب الطهارة → باب/فصل الحيض والاستحاضة والنفاس؛ exact edition/page passage still to extract,,الموسوعة الفقهية الكويتية,https://www.fiqhpedia.org/,مدخل مناسب: Haid / related issue; exact entry to record during extraction,,,,PENDING,,,PASSAGE_EXTRACTION_REQUIRED,NOT_APPROVED_NOT_PUBLISHED
MLK-HAID-19,maliki,Haid,Conflicting evidence,"When habit, timing and blood characteristics conflict, which evidence controls classification?",إذا تعارضت العادة والتوقيت وصفات الدم، فما المرجح في التصنيف؟,حاشية الدسوقي على الشرح الكبير — الدسوقي,https://www.waqfeya.net/books/%D8%AD%D8%A7%D8%B4%D9%8A%D8%A9-%D8%A7%D9%84%D8%AF%D8%B3%D9%88%D9%82%D9%8A-%D8%B9%D9%84%D9%89-%D8%A7%D9%84%D8%B4%D8%B1%D8%AD-%D8%A7%D9%84%D9%83%D8%A8%D9%8A%D8%B1-%D9%85%D8%B9-%D8%AA%D9%82%D8%B1%D9%8A%D8%B1%D8%A7%D8%AA-%D8%A7%D9%84%D8%B4%D9%8A%D8%AE-%D8%B9%D9%84%D9%8A%D8%B4-f6227fccb4524b5499db0a7d489c7b78,كتاب الطهارة → باب/فصل الحيض والاستحاضة والنفاس؛ exact edition/page passage still to extract,,مواهب الجليل لشرح مختصر خليل — الحطاب,https://www.waqfeya.net/books/%D9%85%D9%88%D8%A7%D9%87%D8%A8-%D8%A7%D9%84%D8%AC%D9%84%D9%8A%D9%84-%D9%84%D8%B4%D8%B1%D8%AD-%D9%85%D8%AE%D8%AA%D8%B5%D8%B1-%D8%AE%D9%84%D9%8A%D9%84-%D9%88%D8%A8%D9%87%D8%A7%D9%85%D8%B4%D9%87-%D8%A7%D9%84%D8%AA%D8%A7%D8%AC-%D9%88%D8%A7%D9%84%D8%A5%D9%83%D9%84%D9%8A%D9%84-%D9%84%D9%85%D8%AE%D8%AA%D8%B5%D8%B1-%D8%AE%D9%84%D9%8A%D9%84-1bf1b5dbf5fc4dc6bf9fa8a9734d9703,كتاب الطهارة → باب/فصل الحيض والاستحاضة والنفاس؛ exact edition/page passage still to extract,,الموسوعة الفقهية الكويتية,https://www.fiqhpedia.org/,مدخل مناسب: Haid / related issue; exact entry to record during extraction,,,,PENDING,,,PASSAGE_EXTRACTION_REQUIRED,NOT_APPROVED_NOT_PUBLISHED
MLK-ISTI-20,maliki,Istihada,Definition,What makes bleeding Istihada rather than Haid or Nifas?,ما الذي يجعل الدم استحاضة لا حيضًا ولا نفاسًا؟,حاشية الدسوقي على الشرح الكبير — الدسوقي,https://www.waqfeya.net/books/%D8%AD%D8%A7%D8%B4%D9%8A%D8%A9-%D8%A7%D9%84%D8%AF%D8%B3%D9%88%D9%82%D9%8A-%D8%B9%D9%84%D9%89-%D8%A7%D9%84%D8%B4%D8%B1%D8%AD-%D8%A7%D9%84%D9%83%D8%A8%D9%8A%D8%B1-%D9%85%D8%B9-%D8%AA%D9%82%D8%B1%D9%8A%D8%B1%D8%A7%D8%AA-%D8%A7%D9%84%D8%B4%D9%8A%D8%AE-%D8%B9%D9%84%D9%8A%D8%B4-f6227fccb4524b5499db0a7d489c7b78,كتاب الطهارة → باب/فصل الحيض والاستحاضة والنفاس؛ exact edition/page passage still to extract,,مواهب الجليل لشرح مختصر خليل — الحطاب,https://www.waqfeya.net/books/%D9%85%D9%88%D8%A7%D9%87%D8%A8-%D8%A7%D9%84%D8%AC%D9%84%D9%8A%D9%84-%D9%84%D8%B4%D8%B1%D8%AD-%D9%85%D8%AE%D8%AA%D8%B5%D8%B1-%D8%AE%D9%84%D9%8A%D9%84-%D9%88%D8%A8%D9%87%D8%A7%D9%85%D8%B4%D9%87-%D8%A7%D9%84%D8%AA%D8%A7%D8%AC-%D9%88%D8%A7%D9%84%D8%A5%D9%83%D9%84%D9%8A%D9%84-%D9%84%D9%85%D8%AE%D8%AA%D8%B5%D8%B1-%D8%AE%D9%84%D9%8A%D9%84-1bf1b5dbf5fc4dc6bf9fa8a9734d9703,كتاب الطهارة → باب/فصل الحيض والاستحاضة والنفاس؛ exact edition/page passage still to extract,,الموسوعة الفقهية الكويتية,https://www.fiqhpedia.org/,مدخل مناسب: Istihada / related issue; exact entry to record during extraction,,,,PENDING,,,PASSAGE_EXTRACTION_REQUIRED,NOT_APPROVED_NOT_PUBLISHED
MLK-ISTI-21,maliki,Istihada,Known habit + prolonged bleeding,How is prolonged bleeding handled when an established habit exists?,كيف تتعامل المستحاضة مع الدم المستمر إذا كانت لها عادة معلومة؟,حاشية الدسوقي على الشرح الكبير — الدسوقي,https://www.waqfeya.net/books/%D8%AD%D8%A7%D8%B4%D9%8A%D8%A9-%D8%A7%D9%84%D8%AF%D8%B3%D9%88%D9%82%D9%8A-%D8%B9%D9%84%D9%89-%D8%A7%D9%84%D8%B4%D8%B1%D8%AD-%D8%A7%D9%84%D9%83%D8%A8%D9%8A%D8%B1-%D9%85%D8%B9-%D8%AA%D9%82%D8%B1%D9%8A%D8%B1%D8%A7%D8%AA-%D8%A7%D9%84%D8%B4%D9%8A%D8%AE-%D8%B9%D9%84%D9%8A%D8%B4-f6227fccb4524b5499db0a7d489c7b78,كتاب الطهارة → باب/فصل الحيض والاستحاضة والنفاس؛ exact edition/page passage still to extract,,مواهب الجليل لشرح مختصر خليل — الحطاب,https://www.waqfeya.net/books/%D9%85%D9%88%D8%A7%D9%87%D8%A8-%D8%A7%D9%84%D8%AC%D9%84%D9%8A%D9%84-%D9%84%D8%B4%D8%B1%D8%AD-%D9%85%D8%AE%D8%AA%D8%B5%D8%B1-%D8%AE%D9%84%D9%8A%D9%84-%D9%88%D8%A8%D9%87%D8%A7%D9%85%D8%B4%D9%87-%D8%A7%D9%84%D8%AA%D8%A7%D8%AC-%D9%88%D8%A7%D9%84%D8%A5%D9%83%D9%84%D9%8A%D9%84-%D9%84%D9%85%D8%AE%D8%AA%D8%B5%D8%B1-%D8%AE%D9%84%D9%8A%D9%84-1bf1b5dbf5fc4dc6bf9fa8a9734d9703,كتاب الطهارة → باب/فصل الحيض والاستحاضة والنفاس؛ exact edition/page passage still to extract,,الموسوعة الفقهية الكويتية,https://www.fiqhpedia.org/,مدخل مناسب: Istihada / related issue; exact entry to record during extraction,,,,PENDING,,,PASSAGE_EXTRACTION_REQUIRED,NOT_APPROVED_NOT_PUBLISHED
MLK-ISTI-22,maliki,Istihada,Tamyiz,How do distinguishable blood characteristics affect classification?,ما أثر التمييز بصفات الدم في الحكم؟,حاشية الدسوقي على الشرح الكبير — الدسوقي,https://www.waqfeya.net/books/%D8%AD%D8%A7%D8%B4%D9%8A%D8%A9-%D8%A7%D9%84%D8%AF%D8%B3%D9%88%D9%82%D9%8A-%D8%B9%D9%84%D9%89-%D8%A7%D9%84%D8%B4%D8%B1%D8%AD-%D8%A7%D9%84%D9%83%D8%A8%D9%8A%D8%B1-%D9%85%D8%B9-%D8%AA%D9%82%D8%B1%D9%8A%D8%B1%D8%A7%D8%AA-%D8%A7%D9%84%D8%B4%D9%8A%D8%AE-%D8%B9%D9%84%D9%8A%D8%B4-f6227fccb4524b5499db0a7d489c7b78,كتاب الطهارة → باب/فصل الحيض والاستحاضة والنفاس؛ exact edition/page passage still to extract,,مواهب الجليل لشرح مختصر خليل — الحطاب,https://www.waqfeya.net/books/%D9%85%D9%88%D8%A7%D9%87%D8%A8-%D8%A7%D9%84%D8%AC%D9%84%D9%8A%D9%84-%D9%84%D8%B4%D8%B1%D8%AD-%D9%85%D8%AE%D8%AA%D8%B5%D8%B1-%D8%AE%D9%84%D9%8A%D9%84-%D9%88%D8%A8%D9%87%D8%A7%D9%85%D8%B4%D9%87-%D8%A7%D9%84%D8%AA%D8%A7%D8%AC-%D9%88%D8%A7%D9%84%D8%A5%D9%83%D9%84%D9%8A%D9%84-%D9%84%D9%85%D8%AE%D8%AA%D8%B5%D8%B1-%D8%AE%D9%84%D9%8A%D9%84-1bf1b5dbf5fc4dc6bf9fa8a9734d9703,كتاب الطهارة → باب/فصل الحيض والاستحاضة والنفاس؛ exact edition/page passage still to extract,,الموسوعة الفقهية الكويتية,https://www.fiqhpedia.org/,مدخل مناسب: Istihada / related issue; exact entry to record during extraction,,,,PENDING,,,PASSAGE_EXTRACTION_REQUIRED,NOT_APPROVED_NOT_PUBLISHED
MLK-ISTI-23,maliki,Istihada,No habit / no tamyiz,How is the case handled when there is neither a reliable habit nor usable distinction?,كيف تُعامل من لا عادة لها ولا تمييز معتبر؟,حاشية الدسوقي على الشرح الكبير — الدسوقي,https://www.waqfeya.net/books/%D8%AD%D8%A7%D8%B4%D9%8A%D8%A9-%D8%A7%D9%84%D8%AF%D8%B3%D9%88%D9%82%D9%8A-%D8%B9%D9%84%D9%89-%D8%A7%D9%84%D8%B4%D8%B1%D8%AD-%D8%A7%D9%84%D9%83%D8%A8%D9%8A%D8%B1-%D9%85%D8%B9-%D8%AA%D9%82%D8%B1%D9%8A%D8%B1%D8%A7%D8%AA-%D8%A7%D9%84%D8%B4%D9%8A%D8%AE-%D8%B9%D9%84%D9%8A%D8%B4-f6227fccb4524b5499db0a7d489c7b78,كتاب الطهارة → باب/فصل الحيض والاستحاضة والنفاس؛ exact edition/page passage still to extract,,مواهب الجليل لشرح مختصر خليل — الحطاب,https://www.waqfeya.net/books/%D9%85%D9%88%D8%A7%D9%87%D8%A8-%D8%A7%D9%84%D8%AC%D9%84%D9%8A%D9%84-%D9%84%D8%B4%D8%B1%D8%AD-%D9%85%D8%AE%D8%AA%D8%B5%D8%B1-%D8%AE%D9%84%D9%8A%D9%84-%D9%88%D8%A8%D9%87%D8%A7%D9%85%D8%B4%D9%87-%D8%A7%D9%84%D8%AA%D8%A7%D8%AC-%D9%88%D8%A7%D9%84%D8%A5%D9%83%D9%84%D9%8A%D9%84-%D9%84%D9%85%D8%AE%D8%AA%D8%B5%D8%B1-%D8%AE%D9%84%D9%8A%D9%84-1bf1b5dbf5fc4dc6bf9fa8a9734d9703,كتاب الطهارة → باب/فصل الحيض والاستحاضة والنفاس؛ exact edition/page passage still to extract,,الموسوعة الفقهية الكويتية,https://www.fiqhpedia.org/,مدخل مناسب: Istihada / related issue; exact entry to record during extraction,,,,PENDING,,,PASSAGE_EXTRACTION_REQUIRED,NOT_APPROVED_NOT_PUBLISHED
MLK-ISTI-24,maliki,Istihada,Prayer,What is the prayer status during Istihada?,ما حكم الصلاة حال الاستحاضة؟,حاشية الدسوقي على الشرح الكبير — الدسوقي,https://www.waqfeya.net/books/%D8%AD%D8%A7%D8%B4%D9%8A%D8%A9-%D8%A7%D9%84%D8%AF%D8%B3%D9%88%D9%82%D9%8A-%D8%B9%D9%84%D9%89-%D8%A7%D9%84%D8%B4%D8%B1%D8%AD-%D8%A7%D9%84%D9%83%D8%A8%D9%8A%D8%B1-%D9%85%D8%B9-%D8%AA%D9%82%D8%B1%D9%8A%D8%B1%D8%A7%D8%AA-%D8%A7%D9%84%D8%B4%D9%8A%D8%AE-%D8%B9%D9%84%D9%8A%D8%B4-f6227fccb4524b5499db0a7d489c7b78,كتاب الطهارة → باب/فصل الحيض والاستحاضة والنفاس؛ exact edition/page passage still to extract,,مواهب الجليل لشرح مختصر خليل — الحطاب,https://www.waqfeya.net/books/%D9%85%D9%88%D8%A7%D9%87%D8%A8-%D8%A7%D9%84%D8%AC%D9%84%D9%8A%D9%84-%D9%84%D8%B4%D8%B1%D8%AD-%D9%85%D8%AE%D8%AA%D8%B5%D8%B1-%D8%AE%D9%84%D9%8A%D9%84-%D9%88%D8%A8%D9%87%D8%A7%D9%85%D8%B4%D9%87-%D8%A7%D9%84%D8%AA%D8%A7%D8%AC-%D9%88%D8%A7%D9%84%D8%A5%D9%83%D9%84%D9%8A%D9%84-%D9%84%D9%85%D8%AE%D8%AA%D8%B5%D8%B1-%D8%AE%D9%84%D9%8A%D9%84-1bf1b5dbf5fc4dc6bf9fa8a9734d9703,كتاب الطهارة → باب/فصل الحيض والاستحاضة والنفاس؛ exact edition/page passage still to extract,,الموسوعة الفقهية الكويتية,https://www.fiqhpedia.org/,مدخل مناسب: Istihada / related issue; exact entry to record during extraction,,,,PENDING,,,PASSAGE_EXTRACTION_REQUIRED,NOT_APPROVED_NOT_PUBLISHED
MLK-ISTI-25,maliki,Istihada,Purification for prayer,What cleaning/wudu requirements apply to ongoing Istihada?,ما متطلبات التطهر والوضوء مع استمرار الاستحاضة؟,حاشية الدسوقي على الشرح الكبير — الدسوقي,https://www.waqfeya.net/books/%D8%AD%D8%A7%D8%B4%D9%8A%D8%A9-%D8%A7%D9%84%D8%AF%D8%B3%D9%88%D9%82%D9%8A-%D8%B9%D9%84%D9%89-%D8%A7%D9%84%D8%B4%D8%B1%D8%AD-%D8%A7%D9%84%D9%83%D8%A8%D9%8A%D8%B1-%D9%85%D8%B9-%D8%AA%D9%82%D8%B1%D9%8A%D8%B1%D8%A7%D8%AA-%D8%A7%D9%84%D8%B4%D9%8A%D8%AE-%D8%B9%D9%84%D9%8A%D8%B4-f6227fccb4524b5499db0a7d489c7b78,كتاب الطهارة → باب/فصل الحيض والاستحاضة والنفاس؛ exact edition/page passage still to extract,,مواهب الجليل لشرح مختصر خليل — الحطاب,https://www.waqfeya.net/books/%D9%85%D9%88%D8%A7%D9%87%D8%A8-%D8%A7%D9%84%D8%AC%D9%84%D9%8A%D9%84-%D9%84%D8%B4%D8%B1%D8%AD-%D9%85%D8%AE%D8%AA%D8%B5%D8%B1-%D8%AE%D9%84%D9%8A%D9%84-%D9%88%D8%A8%D9%87%D8%A7%D9%85%D8%B4%D9%87-%D8%A7%D9%84%D8%AA%D8%A7%D8%AC-%D9%88%D8%A7%D9%84%D8%A5%D9%83%D9%84%D9%8A%D9%84-%D9%84%D9%85%D8%AE%D8%AA%D8%B5%D8%B1-%D8%AE%D9%84%D9%8A%D9%84-1bf1b5dbf5fc4dc6bf9fa8a9734d9703,كتاب الطهارة → باب/فصل الحيض والاستحاضة والنفاس؛ exact edition/page passage still to extract,,الموسوعة الفقهية الكويتية,https://www.fiqhpedia.org/,مدخل مناسب: Istihada / related issue; exact entry to record during extraction,,,,PENDING,,,PASSAGE_EXTRACTION_REQUIRED,NOT_APPROVED_NOT_PUBLISHED
MLK-ISTI-26,maliki,Istihada,Fasting,What is the fasting status during Istihada?,ما حكم الصيام حال الاستحاضة؟,حاشية الدسوقي على الشرح الكبير — الدسوقي,https://www.waqfeya.net/books/%D8%AD%D8%A7%D8%B4%D9%8A%D8%A9-%D8%A7%D9%84%D8%AF%D8%B3%D9%88%D9%82%D9%8A-%D8%B9%D9%84%D9%89-%D8%A7%D9%84%D8%B4%D8%B1%D8%AD-%D8%A7%D9%84%D9%83%D8%A8%D9%8A%D8%B1-%D9%85%D8%B9-%D8%AA%D9%82%D8%B1%D9%8A%D8%B1%D8%A7%D8%AA-%D8%A7%D9%84%D8%B4%D9%8A%D8%AE-%D8%B9%D9%84%D9%8A%D8%B4-f6227fccb4524b5499db0a7d489c7b78,كتاب الطهارة → باب/فصل الحيض والاستحاضة والنفاس؛ exact edition/page passage still to extract,,مواهب الجليل لشرح مختصر خليل — الحطاب,https://www.waqfeya.net/books/%D9%85%D9%88%D8%A7%D9%87%D8%A8-%D8%A7%D9%84%D8%AC%D9%84%D9%8A%D9%84-%D9%84%D8%B4%D8%B1%D8%AD-%D9%85%D8%AE%D8%AA%D8%B5%D8%B1-%D8%AE%D9%84%D9%8A%D9%84-%D9%88%D8%A8%D9%87%D8%A7%D9%85%D8%B4%D9%87-%D8%A7%D9%84%D8%AA%D8%A7%D8%AC-%D9%88%D8%A7%D9%84%D8%A5%D9%83%D9%84%D9%8A%D9%84-%D9%84%D9%85%D8%AE%D8%AA%D8%B5%D8%B1-%D8%AE%D9%84%D9%8A%D9%84-1bf1b5dbf5fc4dc6bf9fa8a9734d9703,كتاب الطهارة → باب/فصل الحيض والاستحاضة والنفاس؛ exact edition/page passage still to extract,,الموسوعة الفقهية الكويتية,https://www.fiqhpedia.org/,مدخل مناسب: Istihada / related issue; exact entry to record during extraction,,,,PENDING,,,PASSAGE_EXTRACTION_REQUIRED,NOT_APPROVED_NOT_PUBLISHED
MLK-ISTI-27,maliki,Istihada,Ghusl,When is Ghusl required with ongoing Istihada?,متى يجب الغسل مع استمرار الاستحاضة؟,حاشية الدسوقي على الشرح الكبير — الدسوقي,https://www.waqfeya.net/books/%D8%AD%D8%A7%D8%B4%D9%8A%D8%A9-%D8%A7%D9%84%D8%AF%D8%B3%D9%88%D9%82%D9%8A-%D8%B9%D9%84%D9%89-%D8%A7%D9%84%D8%B4%D8%B1%D8%AD-%D8%A7%D9%84%D9%83%D8%A8%D9%8A%D8%B1-%D9%85%D8%B9-%D8%AA%D9%82%D8%B1%D9%8A%D8%B1%D8%A7%D8%AA-%D8%A7%D9%84%D8%B4%D9%8A%D8%AE-%D8%B9%D9%84%D9%8A%D8%B4-f6227fccb4524b5499db0a7d489c7b78,كتاب الطهارة → باب/فصل الحيض والاستحاضة والنفاس؛ exact edition/page passage still to extract,,مواهب الجليل لشرح مختصر خليل — الحطاب,https://www.waqfeya.net/books/%D9%85%D9%88%D8%A7%D9%87%D8%A8-%D8%A7%D9%84%D8%AC%D9%84%D9%8A%D9%84-%D9%84%D8%B4%D8%B1%D8%AD-%D9%85%D8%AE%D8%AA%D8%B5%D8%B1-%D8%AE%D9%84%D9%8A%D9%84-%D9%88%D8%A8%D9%87%D8%A7%D9%85%D8%B4%D9%87-%D8%A7%D9%84%D8%AA%D8%A7%D8%AC-%D9%88%D8%A7%D9%84%D8%A5%D9%83%D9%84%D9%8A%D9%84-%D9%84%D9%85%D8%AE%D8%AA%D8%B5%D8%B1-%D8%AE%D9%84%D9%8A%D9%84-1bf1b5dbf5fc4dc6bf9fa8a9734d9703,كتاب الطهارة → باب/فصل الحيض والاستحاضة والنفاس؛ exact edition/page passage still to extract,,الموسوعة الفقهية الكويتية,https://www.fiqhpedia.org/,مدخل مناسب: Istihada / related issue; exact entry to record during extraction,,,,PENDING,,,PASSAGE_EXTRACTION_REQUIRED,NOT_APPROVED_NOT_PUBLISHED
MLK-NIFAS-28,maliki,Nifas,Definition/start,What event starts Nifas and how is its start determined?,ما الذي يبدأ به النفاس وكيف يحدد ابتداء مدته؟,حاشية الدسوقي على الشرح الكبير — الدسوقي,https://www.waqfeya.net/books/%D8%AD%D8%A7%D8%B4%D9%8A%D8%A9-%D8%A7%D9%84%D8%AF%D8%B3%D9%88%D9%82%D9%8A-%D8%B9%D9%84%D9%89-%D8%A7%D9%84%D8%B4%D8%B1%D8%AD-%D8%A7%D9%84%D9%83%D8%A8%D9%8A%D8%B1-%D9%85%D8%B9-%D8%AA%D9%82%D8%B1%D9%8A%D8%B1%D8%A7%D8%AA-%D8%A7%D9%84%D8%B4%D9%8A%D8%AE-%D8%B9%D9%84%D9%8A%D8%B4-f6227fccb4524b5499db0a7d489c7b78,كتاب الطهارة → باب/فصل الحيض والاستحاضة والنفاس؛ exact edition/page passage still to extract,,مواهب الجليل لشرح مختصر خليل — الحطاب,https://www.waqfeya.net/books/%D9%85%D9%88%D8%A7%D9%87%D8%A8-%D8%A7%D9%84%D8%AC%D9%84%D9%8A%D9%84-%D9%84%D8%B4%D8%B1%D8%AD-%D9%85%D8%AE%D8%AA%D8%B5%D8%B1-%D8%AE%D9%84%D9%8A%D9%84-%D9%88%D8%A8%D9%87%D8%A7%D9%85%D8%B4%D9%87-%D8%A7%D9%84%D8%AA%D8%A7%D8%AC-%D9%88%D8%A7%D9%84%D8%A5%D9%83%D9%84%D9%8A%D9%84-%D9%84%D9%85%D8%AE%D8%AA%D8%B5%D8%B1-%D8%AE%D9%84%D9%8A%D9%84-1bf1b5dbf5fc4dc6bf9fa8a9734d9703,كتاب الطهارة → باب/فصل الحيض والاستحاضة والنفاس؛ exact edition/page passage still to extract,,الموسوعة الفقهية الكويتية,https://www.fiqhpedia.org/,مدخل مناسب: Nifas / related issue; exact entry to record during extraction,,,,PENDING,,,PASSAGE_EXTRACTION_REQUIRED,NOT_APPROVED_NOT_PUBLISHED
MLK-NIFAS-29,maliki,Nifas,Pregnancy loss,Under what pregnancy-loss conditions does bleeding count as Nifas?,تحت أي شروط يكون الدم بعد السقط أو فقد الحمل نفاسًا؟,حاشية الدسوقي على الشرح الكبير — الدسوقي,https://www.waqfeya.net/books/%D8%AD%D8%A7%D8%B4%D9%8A%D8%A9-%D8%A7%D9%84%D8%AF%D8%B3%D9%88%D9%82%D9%8A-%D8%B9%D9%84%D9%89-%D8%A7%D9%84%D8%B4%D8%B1%D8%AD-%D8%A7%D9%84%D9%83%D8%A8%D9%8A%D8%B1-%D9%85%D8%B9-%D8%AA%D9%82%D8%B1%D9%8A%D8%B1%D8%A7%D8%AA-%D8%A7%D9%84%D8%B4%D9%8A%D8%AE-%D8%B9%D9%84%D9%8A%D8%B4-f6227fccb4524b5499db0a7d489c7b78,كتاب الطهارة → باب/فصل الحيض والاستحاضة والنفاس؛ exact edition/page passage still to extract,,مواهب الجليل لشرح مختصر خليل — الحطاب,https://www.waqfeya.net/books/%D9%85%D9%88%D8%A7%D9%87%D8%A8-%D8%A7%D9%84%D8%AC%D9%84%D9%8A%D9%84-%D9%84%D8%B4%D8%B1%D8%AD-%D9%85%D8%AE%D8%AA%D8%B5%D8%B1-%D8%AE%D9%84%D9%8A%D9%84-%D9%88%D8%A8%D9%87%D8%A7%D9%85%D8%B4%D9%87-%D8%A7%D9%84%D8%AA%D8%A7%D8%AC-%D9%88%D8%A7%D9%84%D8%A5%D9%83%D9%84%D9%8A%D9%84-%D9%84%D9%85%D8%AE%D8%AA%D8%B5%D8%B1-%D8%AE%D9%84%D9%8A%D9%84-1bf1b5dbf5fc4dc6bf9fa8a9734d9703,كتاب الطهارة → باب/فصل الحيض والاستحاضة والنفاس؛ exact edition/page passage still to extract,,الموسوعة الفقهية الكويتية,https://www.fiqhpedia.org/,مدخل مناسب: Nifas / related issue; exact entry to record during extraction,,,,PENDING,,,PASSAGE_EXTRACTION_REQUIRED,NOT_APPROVED_NOT_PUBLISHED
MLK-NIFAS-30,maliki,Nifas,Minimum duration,Does the madhhab recognize a minimum duration of Nifas?,هل للمذهب حد أدنى للنفاس؟,حاشية الدسوقي على الشرح الكبير — الدسوقي,https://www.waqfeya.net/books/%D8%AD%D8%A7%D8%B4%D9%8A%D8%A9-%D8%A7%D9%84%D8%AF%D8%B3%D9%88%D9%82%D9%8A-%D8%B9%D9%84%D9%89-%D8%A7%D9%84%D8%B4%D8%B1%D8%AD-%D8%A7%D9%84%D9%83%D8%A8%D9%8A%D8%B1-%D9%85%D8%B9-%D8%AA%D9%82%D8%B1%D9%8A%D8%B1%D8%A7%D8%AA-%D8%A7%D9%84%D8%B4%D9%8A%D8%AE-%D8%B9%D9%84%D9%8A%D8%B4-f6227fccb4524b5499db0a7d489c7b78,كتاب الطهارة → باب/فصل الحيض والاستحاضة والنفاس؛ exact edition/page passage still to extract,,مواهب الجليل لشرح مختصر خليل — الحطاب,https://www.waqfeya.net/books/%D9%85%D9%88%D8%A7%D9%87%D8%A8-%D8%A7%D9%84%D8%AC%D9%84%D9%8A%D9%84-%D9%84%D8%B4%D8%B1%D8%AD-%D9%85%D8%AE%D8%AA%D8%B5%D8%B1-%D8%AE%D9%84%D9%8A%D9%84-%D9%88%D8%A8%D9%87%D8%A7%D9%85%D8%B4%D9%87-%D8%A7%D9%84%D8%AA%D8%A7%D8%AC-%D9%88%D8%A7%D9%84%D8%A5%D9%83%D9%84%D9%8A%D9%84-%D9%84%D9%85%D8%AE%D8%AA%D8%B5%D8%B1-%D8%AE%D9%84%D9%8A%D9%84-1bf1b5dbf5fc4dc6bf9fa8a9734d9703,كتاب الطهارة → باب/فصل الحيض والاستحاضة والنفاس؛ exact edition/page passage still to extract,,الموسوعة الفقهية الكويتية,https://www.fiqhpedia.org/,مدخل مناسب: Nifas / related issue; exact entry to record during extraction,,,,PENDING,,,PASSAGE_EXTRACTION_REQUIRED,NOT_APPROVED_NOT_PUBLISHED
MLK-NIFAS-31,maliki,Nifas,Maximum duration,What is the maximum duration of Nifas?,ما أكثر مدة النفاس؟,حاشية الدسوقي على الشرح الكبير — الدسوقي,https://www.waqfeya.net/books/%D8%AD%D8%A7%D8%B4%D9%8A%D8%A9-%D8%A7%D9%84%D8%AF%D8%B3%D9%88%D9%82%D9%8A-%D8%B9%D9%84%D9%89-%D8%A7%D9%84%D8%B4%D8%B1%D8%AD-%D8%A7%D9%84%D9%83%D8%A8%D9%8A%D8%B1-%D9%85%D8%B9-%D8%AA%D9%82%D8%B1%D9%8A%D8%B1%D8%A7%D8%AA-%D8%A7%D9%84%D8%B4%D9%8A%D8%AE-%D8%B9%D9%84%D9%8A%D8%B4-f6227fccb4524b5499db0a7d489c7b78,كتاب الطهارة → باب/فصل الحيض والاستحاضة والنفاس؛ exact edition/page passage still to extract,,مواهب الجليل لشرح مختصر خليل — الحطاب,https://www.waqfeya.net/books/%D9%85%D9%88%D8%A7%D9%87%D8%A8-%D8%A7%D9%84%D8%AC%D9%84%D9%8A%D9%84-%D9%84%D8%B4%D8%B1%D8%AD-%D9%85%D8%AE%D8%AA%D8%B5%D8%B1-%D8%AE%D9%84%D9%8A%D9%84-%D9%88%D8%A8%D9%87%D8%A7%D9%85%D8%B4%D9%87-%D8%A7%D9%84%D8%AA%D8%A7%D8%AC-%D9%88%D8%A7%D9%84%D8%A5%D9%83%D9%84%D9%8A%D9%84-%D9%84%D9%85%D8%AE%D8%AA%D8%B5%D8%B1-%D8%AE%D9%84%D9%8A%D9%84-1bf1b5dbf5fc4dc6bf9fa8a9734d9703,كتاب الطهارة → باب/فصل الحيض والاستحاضة والنفاس؛ exact edition/page passage still to extract,,الموسوعة الفقهية الكويتية,https://www.fiqhpedia.org/,مدخل مناسب: Nifas / related issue; exact entry to record during extraction,,,,PENDING,,,PASSAGE_EXTRACTION_REQUIRED,NOT_APPROVED_NOT_PUBLISHED
MLK-NIFAS-32,maliki,Nifas,Early cessation,What happens when postpartum bleeding stops before the maximum duration?,ما الحكم إذا انقطع دم النفاس قبل أكثر مدته؟,حاشية الدسوقي على الشرح الكبير — الدسوقي,https://www.waqfeya.net/books/%D8%AD%D8%A7%D8%B4%D9%8A%D8%A9-%D8%A7%D9%84%D8%AF%D8%B3%D9%88%D9%82%D9%8A-%D8%B9%D9%84%D9%89-%D8%A7%D9%84%D8%B4%D8%B1%D8%AD-%D8%A7%D9%84%D9%83%D8%A8%D9%8A%D8%B1-%D9%85%D8%B9-%D8%AA%D9%82%D8%B1%D9%8A%D8%B1%D8%A7%D8%AA-%D8%A7%D9%84%D8%B4%D9%8A%D8%AE-%D8%B9%D9%84%D9%8A%D8%B4-f6227fccb4524b5499db0a7d489c7b78,كتاب الطهارة → باب/فصل الحيض والاستحاضة والنفاس؛ exact edition/page passage still to extract,,مواهب الجليل لشرح مختصر خليل — الحطاب,https://www.waqfeya.net/books/%D9%85%D9%88%D8%A7%D9%87%D8%A8-%D8%A7%D9%84%D8%AC%D9%84%D9%8A%D9%84-%D9%84%D8%B4%D8%B1%D8%AD-%D9%85%D8%AE%D8%AA%D8%B5%D8%B1-%D8%AE%D9%84%D9%8A%D9%84-%D9%88%D8%A8%D9%87%D8%A7%D9%85%D8%B4%D9%87-%D8%A7%D9%84%D8%AA%D8%A7%D8%AC-%D9%88%D8%A7%D9%84%D8%A5%D9%83%D9%84%D9%8A%D9%84-%D9%84%D9%85%D8%AE%D8%AA%D8%B5%D8%B1-%D8%AE%D9%84%D9%8A%D9%84-1bf1b5dbf5fc4dc6bf9fa8a9734d9703,كتاب الطهارة → باب/فصل الحيض والاستحاضة والنفاس؛ exact edition/page passage still to extract,,الموسوعة الفقهية الكويتية,https://www.fiqhpedia.org/,مدخل مناسب: Nifas / related issue; exact entry to record during extraction,,,,PENDING,,,PASSAGE_EXTRACTION_REQUIRED,NOT_APPROVED_NOT_PUBLISHED
MLK-NIFAS-33,maliki,Nifas,Resumed bleeding,How is resumed bleeding handled after temporary purity within the possible Nifas window?,كيف يُعامل عود الدم بعد طهر متخلل داخل مدة محتملة للنفاس؟,حاشية الدسوقي على الشرح الكبير — الدسوقي,https://www.waqfeya.net/books/%D8%AD%D8%A7%D8%B4%D9%8A%D8%A9-%D8%A7%D9%84%D8%AF%D8%B3%D9%88%D9%82%D9%8A-%D8%B9%D9%84%D9%89-%D8%A7%D9%84%D8%B4%D8%B1%D8%AD-%D8%A7%D9%84%D9%83%D8%A8%D9%8A%D8%B1-%D9%85%D8%B9-%D8%AA%D9%82%D8%B1%D9%8A%D8%B1%D8%A7%D8%AA-%D8%A7%D9%84%D8%B4%D9%8A%D8%AE-%D8%B9%D9%84%D9%8A%D8%B4-f6227fccb4524b5499db0a7d489c7b78,كتاب الطهارة → باب/فصل الحيض والاستحاضة والنفاس؛ exact edition/page passage still to extract,,مواهب الجليل لشرح مختصر خليل — الحطاب,https://www.waqfeya.net/books/%D9%85%D9%88%D8%A7%D9%87%D8%A8-%D8%A7%D9%84%D8%AC%D9%84%D9%8A%D9%84-%D9%84%D8%B4%D8%B1%D8%AD-%D9%85%D8%AE%D8%AA%D8%B5%D8%B1-%D8%AE%D9%84%D9%8A%D9%84-%D9%88%D8%A8%D9%87%D8%A7%D9%85%D8%B4%D9%87-%D8%A7%D9%84%D8%AA%D8%A7%D8%AC-%D9%88%D8%A7%D9%84%D8%A5%D9%83%D9%84%D9%8A%D9%84-%D9%84%D9%85%D8%AE%D8%AA%D8%B5%D8%B1-%D8%AE%D9%84%D9%8A%D9%84-1bf1b5dbf5fc4dc6bf9fa8a9734d9703,كتاب الطهارة → باب/فصل الحيض والاستحاضة والنفاس؛ exact edition/page passage still to extract,,الموسوعة الفقهية الكويتية,https://www.fiqhpedia.org/,مدخل مناسب: Nifas / related issue; exact entry to record during extraction,,,,PENDING,,,PASSAGE_EXTRACTION_REQUIRED,NOT_APPROVED_NOT_PUBLISHED
MLK-NIFAS-34,maliki,Nifas,Beyond maximum,How is bleeding beyond the Nifas maximum classified?,كيف يُصنف الدم الذي يتجاوز أكثر النفاس؟,حاشية الدسوقي على الشرح الكبير — الدسوقي,https://www.waqfeya.net/books/%D8%AD%D8%A7%D8%B4%D9%8A%D8%A9-%D8%A7%D9%84%D8%AF%D8%B3%D9%88%D9%82%D9%8A-%D8%B9%D9%84%D9%89-%D8%A7%D9%84%D8%B4%D8%B1%D8%AD-%D8%A7%D9%84%D9%83%D8%A8%D9%8A%D8%B1-%D9%85%D8%B9-%D8%AA%D9%82%D8%B1%D9%8A%D8%B1%D8%A7%D8%AA-%D8%A7%D9%84%D8%B4%D9%8A%D8%AE-%D8%B9%D9%84%D9%8A%D8%B4-f6227fccb4524b5499db0a7d489c7b78,كتاب الطهارة → باب/فصل الحيض والاستحاضة والنفاس؛ exact edition/page passage still to extract,,مواهب الجليل لشرح مختصر خليل — الحطاب,https://www.waqfeya.net/books/%D9%85%D9%88%D8%A7%D9%87%D8%A8-%D8%A7%D9%84%D8%AC%D9%84%D9%8A%D9%84-%D9%84%D8%B4%D8%B1%D8%AD-%D9%85%D8%AE%D8%AA%D8%B5%D8%B1-%D8%AE%D9%84%D9%8A%D9%84-%D9%88%D8%A8%D9%87%D8%A7%D9%85%D8%B4%D9%87-%D8%A7%D9%84%D8%AA%D8%A7%D8%AC-%D9%88%D8%A7%D9%84%D8%A5%D9%83%D9%84%D9%8A%D9%84-%D9%84%D9%85%D8%AE%D8%AA%D8%B5%D8%B1-%D8%AE%D9%84%D9%8A%D9%84-1bf1b5dbf5fc4dc6bf9fa8a9734d9703,كتاب الطهارة → باب/فصل الحيض والاستحاضة والنفاس؛ exact edition/page passage still to extract,,الموسوعة الفقهية الكويتية,https://www.fiqhpedia.org/,مدخل مناسب: Nifas / related issue; exact entry to record during extraction,,,,PENDING,,,PASSAGE_EXTRACTION_REQUIRED,NOT_APPROVED_NOT_PUBLISHED
MLK-NIFAS-35,maliki,Nifas,Multiple births,How is Nifas timing handled in twin or multiple births?,كيف تُحسب مدة النفاس في ولادة التوائم أو تعدد المواليد؟,حاشية الدسوقي على الشرح الكبير — الدسوقي,https://www.waqfeya.net/books/%D8%AD%D8%A7%D8%B4%D9%8A%D8%A9-%D8%A7%D9%84%D8%AF%D8%B3%D9%88%D9%82%D9%8A-%D8%B9%D9%84%D9%89-%D8%A7%D9%84%D8%B4%D8%B1%D8%AD-%D8%A7%D9%84%D9%83%D8%A8%D9%8A%D8%B1-%D9%85%D8%B9-%D8%AA%D9%82%D8%B1%D9%8A%D8%B1%D8%A7%D8%AA-%D8%A7%D9%84%D8%B4%D9%8A%D8%AE-%D8%B9%D9%84%D9%8A%D8%B4-f6227fccb4524b5499db0a7d489c7b78,كتاب الطهارة → باب/فصل الحيض والاستحاضة والنفاس؛ exact edition/page passage still to extract,,مواهب الجليل لشرح مختصر خليل — الحطاب,https://www.waqfeya.net/books/%D9%85%D9%88%D8%A7%D9%87%D8%A8-%D8%A7%D9%84%D8%AC%D9%84%D9%8A%D9%84-%D9%84%D8%B4%D8%B1%D8%AD-%D9%85%D8%AE%D8%AA%D8%B5%D8%B1-%D8%AE%D9%84%D9%8A%D9%84-%D9%88%D8%A8%D9%87%D8%A7%D9%85%D8%B4%D9%87-%D8%A7%D9%84%D8%AA%D8%A7%D8%AC-%D9%88%D8%A7%D9%84%D8%A5%D9%83%D9%84%D9%8A%D9%84-%D9%84%D9%85%D8%AE%D8%AA%D8%B5%D8%B1-%D8%AE%D9%84%D9%8A%D9%84-1bf1b5dbf5fc4dc6bf9fa8a9734d9703,كتاب الطهارة → باب/فصل الحيض والاستحاضة والنفاس؛ exact edition/page passage still to extract,,الموسوعة الفقهية الكويتية,https://www.fiqhpedia.org/,مدخل مناسب: Nifas / related issue; exact entry to record during extraction,,,,PENDING,,,PASSAGE_EXTRACTION_REQUIRED,NOT_APPROVED_NOT_PUBLISHED
MLK-NIFAS-36,maliki,Nifas,Prayer and fasting,What are the effects of Nifas on Salah and fasting?,ما أثر النفاس على الصلاة والصيام؟,حاشية الدسوقي على الشرح الكبير — الدسوقي,https://www.waqfeya.net/books/%D8%AD%D8%A7%D8%B4%D9%8A%D8%A9-%D8%A7%D9%84%D8%AF%D8%B3%D9%88%D9%82%D9%8A-%D8%B9%D9%84%D9%89-%D8%A7%D9%84%D8%B4%D8%B1%D8%AD-%D8%A7%D9%84%D9%83%D8%A8%D9%8A%D8%B1-%D9%85%D8%B9-%D8%AA%D9%82%D8%B1%D9%8A%D8%B1%D8%A7%D8%AA-%D8%A7%D9%84%D8%B4%D9%8A%D8%AE-%D8%B9%D9%84%D9%8A%D8%B4-f6227fccb4524b5499db0a7d489c7b78,كتاب الطهارة → باب/فصل الحيض والاستحاضة والنفاس؛ exact edition/page passage still to extract,,مواهب الجليل لشرح مختصر خليل — الحطاب,https://www.waqfeya.net/books/%D9%85%D9%88%D8%A7%D9%87%D8%A8-%D8%A7%D9%84%D8%AC%D9%84%D9%8A%D9%84-%D9%84%D8%B4%D8%B1%D8%AD-%D9%85%D8%AE%D8%AA%D8%B5%D8%B1-%D8%AE%D9%84%D9%8A%D9%84-%D9%88%D8%A8%D9%87%D8%A7%D9%85%D8%B4%D9%87-%D8%A7%D9%84%D8%AA%D8%A7%D8%AC-%D9%88%D8%A7%D9%84%D8%A5%D9%83%D9%84%D9%8A%D9%84-%D9%84%D9%85%D8%AE%D8%AA%D8%B5%D8%B1-%D8%AE%D9%84%D9%8A%D9%84-1bf1b5dbf5fc4dc6bf9fa8a9734d9703,كتاب الطهارة → باب/فصل الحيض والاستحاضة والنفاس؛ exact edition/page passage still to extract,,الموسوعة الفقهية الكويتية,https://www.fiqhpedia.org/,مدخل مناسب: Nifas / related issue; exact entry to record during extraction,,,,PENDING,,,PASSAGE_EXTRACTION_REQUIRED,NOT_APPROVED_NOT_PUBLISHED
MLK-NIFAS-37,maliki,Nifas,Ghusl,When is Ghusl required after Nifas?,متى يجب الغسل بعد النفاس؟,حاشية الدسوقي على الشرح الكبير — الدسوقي,https://www.waqfeya.net/books/%D8%AD%D8%A7%D8%B4%D9%8A%D8%A9-%D8%A7%D9%84%D8%AF%D8%B3%D9%88%D9%82%D9%8A-%D8%B9%D9%84%D9%89-%D8%A7%D9%84%D8%B4%D8%B1%D8%AD-%D8%A7%D9%84%D9%83%D8%A8%D9%8A%D8%B1-%D9%85%D8%B9-%D8%AA%D9%82%D8%B1%D9%8A%D8%B1%D8%A7%D8%AA-%D8%A7%D9%84%D8%B4%D9%8A%D8%AE-%D8%B9%D9%84%D9%8A%D8%B4-f6227fccb4524b5499db0a7d489c7b78,كتاب الطهارة → باب/فصل الحيض والاستحاضة والنفاس؛ exact edition/page passage still to extract,,مواهب الجليل لشرح مختصر خليل — الحطاب,https://www.waqfeya.net/books/%D9%85%D9%88%D8%A7%D9%87%D8%A8-%D8%A7%D9%84%D8%AC%D9%84%D9%8A%D9%84-%D9%84%D8%B4%D8%B1%D8%AD-%D9%85%D8%AE%D8%AA%D8%B5%D8%B1-%D8%AE%D9%84%D9%8A%D9%84-%D9%88%D8%A8%D9%87%D8%A7%D9%85%D8%B4%D9%87-%D8%A7%D9%84%D8%AA%D8%A7%D8%AC-%D9%88%D8%A7%D9%84%D8%A5%D9%83%D9%84%D9%8A%D9%84-%D9%84%D9%85%D8%AE%D8%AA%D8%B5%D8%B1-%D8%AE%D9%84%D9%8A%D9%84-1bf1b5dbf5fc4dc6bf9fa8a9734d9703,كتاب الطهارة → باب/فصل الحيض والاستحاضة والنفاس؛ exact edition/page passage still to extract,,الموسوعة الفقهية الكويتية,https://www.fiqhpedia.org/,مدخل مناسب: Nifas / related issue; exact entry to record during extraction,,,,PENDING,,,PASSAGE_EXTRACTION_REQUIRED,NOT_APPROVED_NOT_PUBLISHED
MLK-TRANS-38,maliki,Transition,Purity before prayer time ends,"If Tahara occurs before a prayer time ends, what prayer obligation follows?",إذا حصل الطهر قبل خروج وقت الصلاة، فما الصلاة الواجبة؟,حاشية الدسوقي على الشرح الكبير — الدسوقي,https://www.waqfeya.net/books/%D8%AD%D8%A7%D8%B4%D9%8A%D8%A9-%D8%A7%D9%84%D8%AF%D8%B3%D9%88%D9%82%D9%8A-%D8%B9%D9%84%D9%89-%D8%A7%D9%84%D8%B4%D8%B1%D8%AD-%D8%A7%D9%84%D9%83%D8%A8%D9%8A%D8%B1-%D9%85%D8%B9-%D8%AA%D9%82%D8%B1%D9%8A%D8%B1%D8%A7%D8%AA-%D8%A7%D9%84%D8%B4%D9%8A%D8%AE-%D8%B9%D9%84%D9%8A%D8%B4-f6227fccb4524b5499db0a7d489c7b78,كتاب الطهارة → باب/فصل الحيض والاستحاضة والنفاس؛ exact edition/page passage still to extract,,مواهب الجليل لشرح مختصر خليل — الحطاب,https://www.waqfeya.net/books/%D9%85%D9%88%D8%A7%D9%87%D8%A8-%D8%A7%D9%84%D8%AC%D9%84%D9%8A%D9%84-%D9%84%D8%B4%D8%B1%D8%AD-%D9%85%D8%AE%D8%AA%D8%B5%D8%B1-%D8%AE%D9%84%D9%8A%D9%84-%D9%88%D8%A8%D9%87%D8%A7%D9%85%D8%B4%D9%87-%D8%A7%D9%84%D8%AA%D8%A7%D8%AC-%D9%88%D8%A7%D9%84%D8%A5%D9%83%D9%84%D9%8A%D9%84-%D9%84%D9%85%D8%AE%D8%AA%D8%B5%D8%B1-%D8%AE%D9%84%D9%8A%D9%84-1bf1b5dbf5fc4dc6bf9fa8a9734d9703,كتاب الطهارة → باب/فصل الحيض والاستحاضة والنفاس؛ exact edition/page passage still to extract,,الموسوعة الفقهية الكويتية,https://www.fiqhpedia.org/,مدخل مناسب: Transition / related issue; exact entry to record during extraction,,,,PENDING,,,PASSAGE_EXTRACTION_REQUIRED,NOT_APPROVED_NOT_PUBLISHED
MLK-TRANS-39,maliki,Transition,Bleeding after prayer time enters,"If Haid begins after prayer time has entered, is that prayer later owed?",إذا بدأ الحيض بعد دخول وقت الصلاة، فهل يجب قضاء تلك الصلاة؟,حاشية الدسوقي على الشرح الكبير — الدسوقي,https://www.waqfeya.net/books/%D8%AD%D8%A7%D8%B4%D9%8A%D8%A9-%D8%A7%D9%84%D8%AF%D8%B3%D9%88%D9%82%D9%8A-%D8%B9%D9%84%D9%89-%D8%A7%D9%84%D8%B4%D8%B1%D8%AD-%D8%A7%D9%84%D9%83%D8%A8%D9%8A%D8%B1-%D9%85%D8%B9-%D8%AA%D9%82%D8%B1%D9%8A%D8%B1%D8%A7%D8%AA-%D8%A7%D9%84%D8%B4%D9%8A%D8%AE-%D8%B9%D9%84%D9%8A%D8%B4-f6227fccb4524b5499db0a7d489c7b78,كتاب الطهارة → باب/فصل الحيض والاستحاضة والنفاس؛ exact edition/page passage still to extract,,مواهب الجليل لشرح مختصر خليل — الحطاب,https://www.waqfeya.net/books/%D9%85%D9%88%D8%A7%D9%87%D8%A8-%D8%A7%D9%84%D8%AC%D9%84%D9%8A%D9%84-%D9%84%D8%B4%D8%B1%D8%AD-%D9%85%D8%AE%D8%AA%D8%B5%D8%B1-%D8%AE%D9%84%D9%8A%D9%84-%D9%88%D8%A8%D9%87%D8%A7%D9%85%D8%B4%D9%87-%D8%A7%D9%84%D8%AA%D8%A7%D8%AC-%D9%88%D8%A7%D9%84%D8%A5%D9%83%D9%84%D9%8A%D9%84-%D9%84%D9%85%D8%AE%D8%AA%D8%B5%D8%B1-%D8%AE%D9%84%D9%8A%D9%84-1bf1b5dbf5fc4dc6bf9fa8a9734d9703,كتاب الطهارة → باب/فصل الحيض والاستحاضة والنفاس؛ exact edition/page passage still to extract,,الموسوعة الفقهية الكويتية,https://www.fiqhpedia.org/,مدخل مناسب: Transition / related issue; exact entry to record during extraction,,,,PENDING,,,PASSAGE_EXTRACTION_REQUIRED,NOT_APPROVED_NOT_PUBLISHED
MLK-TRANS-40,maliki,Transition,Purity before Fajr,"If Tahara is established before Fajr, what is the fasting obligation for that day?",إذا تحقق الطهر قبل الفجر، فما حكم صيام ذلك اليوم؟,حاشية الدسوقي على الشرح الكبير — الدسوقي,https://www.waqfeya.net/books/%D8%AD%D8%A7%D8%B4%D9%8A%D8%A9-%D8%A7%D9%84%D8%AF%D8%B3%D9%88%D9%82%D9%8A-%D8%B9%D9%84%D9%89-%D8%A7%D9%84%D8%B4%D8%B1%D8%AD-%D8%A7%D9%84%D9%83%D8%A8%D9%8A%D8%B1-%D9%85%D8%B9-%D8%AA%D9%82%D8%B1%D9%8A%D8%B1%D8%A7%D8%AA-%D8%A7%D9%84%D8%B4%D9%8A%D8%AE-%D8%B9%D9%84%D9%8A%D8%B4-f6227fccb4524b5499db0a7d489c7b78,كتاب الطهارة → باب/فصل الحيض والاستحاضة والنفاس؛ exact edition/page passage still to extract,,مواهب الجليل لشرح مختصر خليل — الحطاب,https://www.waqfeya.net/books/%D9%85%D9%88%D8%A7%D9%87%D8%A8-%D8%A7%D9%84%D8%AC%D9%84%D9%8A%D9%84-%D9%84%D8%B4%D8%B1%D8%AD-%D9%85%D8%AE%D8%AA%D8%B5%D8%B1-%D8%AE%D9%84%D9%8A%D9%84-%D9%88%D8%A8%D9%87%D8%A7%D9%85%D8%B4%D9%87-%D8%A7%D9%84%D8%AA%D8%A7%D8%AC-%D9%88%D8%A7%D9%84%D8%A5%D9%83%D9%84%D9%8A%D9%84-%D9%84%D9%85%D8%AE%D8%AA%D8%B5%D8%B1-%D8%AE%D9%84%D9%8A%D9%84-1bf1b5dbf5fc4dc6bf9fa8a9734d9703,كتاب الطهارة → باب/فصل الحيض والاستحاضة والنفاس؛ exact edition/page passage still to extract,,الموسوعة الفقهية الكويتية,https://www.fiqhpedia.org/,مدخل مناسب: Transition / related issue; exact entry to record during extraction,,,,PENDING,,,PASSAGE_EXTRACTION_REQUIRED,NOT_APPROVED_NOT_PUBLISHED
MLK-TRANS-41,maliki,Transition,Purity after Fajr,"If Tahara occurs after Fajr, how is that day's fast treated?",إذا حصل الطهر بعد الفجر، فما حكم صيام ذلك اليوم؟,حاشية الدسوقي على الشرح الكبير — الدسوقي,https://www.waqfeya.net/books/%D8%AD%D8%A7%D8%B4%D9%8A%D8%A9-%D8%A7%D9%84%D8%AF%D8%B3%D9%88%D9%82%D9%8A-%D8%B9%D9%84%D9%89-%D8%A7%D9%84%D8%B4%D8%B1%D8%AD-%D8%A7%D9%84%D9%83%D8%A8%D9%8A%D8%B1-%D9%85%D8%B9-%D8%AA%D9%82%D8%B1%D9%8A%D8%B1%D8%A7%D8%AA-%D8%A7%D9%84%D8%B4%D9%8A%D8%AE-%D8%B9%D9%84%D9%8A%D8%B4-f6227fccb4524b5499db0a7d489c7b78,كتاب الطهارة → باب/فصل الحيض والاستحاضة والنفاس؛ exact edition/page passage still to extract,,مواهب الجليل لشرح مختصر خليل — الحطاب,https://www.waqfeya.net/books/%D9%85%D9%88%D8%A7%D9%87%D8%A8-%D8%A7%D9%84%D8%AC%D9%84%D9%8A%D9%84-%D9%84%D8%B4%D8%B1%D8%AD-%D9%85%D8%AE%D8%AA%D8%B5%D8%B1-%D8%AE%D9%84%D9%8A%D9%84-%D9%88%D8%A8%D9%87%D8%A7%D9%85%D8%B4%D9%87-%D8%A7%D9%84%D8%AA%D8%A7%D8%AC-%D9%88%D8%A7%D9%84%D8%A5%D9%83%D9%84%D9%8A%D9%84-%D9%84%D9%85%D8%AE%D8%AA%D8%B5%D8%B1-%D8%AE%D9%84%D9%8A%D9%84-1bf1b5dbf5fc4dc6bf9fa8a9734d9703,كتاب الطهارة → باب/فصل الحيض والاستحاضة والنفاس؛ exact edition/page passage still to extract,,الموسوعة الفقهية الكويتية,https://www.fiqhpedia.org/,مدخل مناسب: Transition / related issue; exact entry to record during extraction,,,,PENDING,,,PASSAGE_EXTRACTION_REQUIRED,NOT_APPROVED_NOT_PUBLISHED
MLK-TRANS-42,maliki,Transition,Bleeding begins during fast,"If menstrual bleeding begins before sunset during a fast, what is the status of that fast?",إذا بدأ الحيض قبل غروب الشمس أثناء الصيام، فما حكم ذلك الصوم؟,حاشية الدسوقي على الشرح الكبير — الدسوقي,https://www.waqfeya.net/books/%D8%AD%D8%A7%D8%B4%D9%8A%D8%A9-%D8%A7%D9%84%D8%AF%D8%B3%D9%88%D9%82%D9%8A-%D8%B9%D9%84%D9%89-%D8%A7%D9%84%D8%B4%D8%B1%D8%AD-%D8%A7%D9%84%D9%83%D8%A8%D9%8A%D8%B1-%D9%85%D8%B9-%D8%AA%D9%82%D8%B1%D9%8A%D8%B1%D8%A7%D8%AA-%D8%A7%D9%84%D8%B4%D9%8A%D8%AE-%D8%B9%D9%84%D9%8A%D8%B4-f6227fccb4524b5499db0a7d489c7b78,كتاب الطهارة → باب/فصل الحيض والاستحاضة والنفاس؛ exact edition/page passage still to extract,,مواهب الجليل لشرح مختصر خليل — الحطاب,https://www.waqfeya.net/books/%D9%85%D9%88%D8%A7%D9%87%D8%A8-%D8%A7%D9%84%D8%AC%D9%84%D9%8A%D9%84-%D9%84%D8%B4%D8%B1%D8%AD-%D9%85%D8%AE%D8%AA%D8%B5%D8%B1-%D8%AE%D9%84%D9%8A%D9%84-%D9%88%D8%A8%D9%87%D8%A7%D9%85%D8%B4%D9%87-%D8%A7%D9%84%D8%AA%D8%A7%D8%AC-%D9%88%D8%A7%D9%84%D8%A5%D9%83%D9%84%D9%8A%D9%84-%D9%84%D9%85%D8%AE%D8%AA%D8%B5%D8%B1-%D8%AE%D9%84%D9%8A%D9%84-1bf1b5dbf5fc4dc6bf9fa8a9734d9703,كتاب الطهارة → باب/فصل الحيض والاستحاضة والنفاس؛ exact edition/page passage still to extract,,الموسوعة الفقهية الكويتية,https://www.fiqhpedia.org/,مدخل مناسب: Transition / related issue; exact entry to record during extraction,,,,PENDING,,,PASSAGE_EXTRACTION_REQUIRED,NOT_APPROVED_NOT_PUBLISHED
MLK-TRANS-43,maliki,Transition,Prayer qada,"Which prayers, if any, are made up after Haid or Nifas?",ما الصلوات التي تُقضى - إن وجدت - بعد الحيض أو النفاس؟,حاشية الدسوقي على الشرح الكبير — الدسوقي,https://www.waqfeya.net/books/%D8%AD%D8%A7%D8%B4%D9%8A%D8%A9-%D8%A7%D9%84%D8%AF%D8%B3%D9%88%D9%82%D9%8A-%D8%B9%D9%84%D9%89-%D8%A7%D9%84%D8%B4%D8%B1%D8%AD-%D8%A7%D9%84%D9%83%D8%A8%D9%8A%D8%B1-%D9%85%D8%B9-%D8%AA%D9%82%D8%B1%D9%8A%D8%B1%D8%A7%D8%AA-%D8%A7%D9%84%D8%B4%D9%8A%D8%AE-%D8%B9%D9%84%D9%8A%D8%B4-f6227fccb4524b5499db0a7d489c7b78,كتاب الطهارة → باب/فصل الحيض والاستحاضة والنفاس؛ exact edition/page passage still to extract,,مواهب الجليل لشرح مختصر خليل — الحطاب,https://www.waqfeya.net/books/%D9%85%D9%88%D8%A7%D9%87%D8%A8-%D8%A7%D9%84%D8%AC%D9%84%D9%8A%D9%84-%D9%84%D8%B4%D8%B1%D8%AD-%D9%85%D8%AE%D8%AA%D8%B5%D8%B1-%D8%AE%D9%84%D9%8A%D9%84-%D9%88%D8%A8%D9%87%D8%A7%D9%85%D8%B4%D9%87-%D8%A7%D9%84%D8%AA%D8%A7%D8%AC-%D9%88%D8%A7%D9%84%D8%A5%D9%83%D9%84%D9%8A%D9%84-%D9%84%D9%85%D8%AE%D8%AA%D8%B5%D8%B1-%D8%AE%D9%84%D9%8A%D9%84-1bf1b5dbf5fc4dc6bf9fa8a9734d9703,كتاب الطهارة → باب/فصل الحيض والاستحاضة والنفاس؛ exact edition/page passage still to extract,,الموسوعة الفقهية الكويتية,https://www.fiqhpedia.org/,مدخل مناسب: Transition / related issue; exact entry to record during extraction,,,,PENDING,,,PASSAGE_EXTRACTION_REQUIRED,NOT_APPROVED_NOT_PUBLISHED
MLK-TRANS-44,maliki,Transition,Fasting qada,Which obligatory fasts must be made up after Haid or Nifas?,ما الصيام الواجب قضاؤه بعد الحيض أو النفاس؟,حاشية الدسوقي على الشرح الكبير — الدسوقي,https://www.waqfeya.net/books/%D8%AD%D8%A7%D8%B4%D9%8A%D8%A9-%D8%A7%D9%84%D8%AF%D8%B3%D9%88%D9%82%D9%8A-%D8%B9%D9%84%D9%89-%D8%A7%D9%84%D8%B4%D8%B1%D8%AD-%D8%A7%D9%84%D9%83%D8%A8%D9%8A%D8%B1-%D9%85%D8%B9-%D8%AA%D9%82%D8%B1%D9%8A%D8%B1%D8%A7%D8%AA-%D8%A7%D9%84%D8%B4%D9%8A%D8%AE-%D8%B9%D9%84%D9%8A%D8%B4-f6227fccb4524b5499db0a7d489c7b78,كتاب الطهارة → باب/فصل الحيض والاستحاضة والنفاس؛ exact edition/page passage still to extract,,مواهب الجليل لشرح مختصر خليل — الحطاب,https://www.waqfeya.net/books/%D9%85%D9%88%D8%A7%D9%87%D8%A8-%D8%A7%D9%84%D8%AC%D9%84%D9%8A%D9%84-%D9%84%D8%B4%D8%B1%D8%AD-%D9%85%D8%AE%D8%AA%D8%B5%D8%B1-%D8%AE%D9%84%D9%8A%D9%84-%D9%88%D8%A8%D9%87%D8%A7%D9%85%D8%B4%D9%87-%D8%A7%D9%84%D8%AA%D8%A7%D8%AC-%D9%88%D8%A7%D9%84%D8%A5%D9%83%D9%84%D9%8A%D9%84-%D9%84%D9%85%D8%AE%D8%AA%D8%B5%D8%B1-%D8%AE%D9%84%D9%8A%D9%84-1bf1b5dbf5fc4dc6bf9fa8a9734d9703,كتاب الطهارة → باب/فصل الحيض والاستحاضة والنفاس؛ exact edition/page passage still to extract,,الموسوعة الفقهية الكويتية,https://www.fiqhpedia.org/,مدخل مناسب: Transition / related issue; exact entry to record during extraction,,,,PENDING,,,PASSAGE_EXTRACTION_REQUIRED,NOT_APPROVED_NOT_PUBLISHED
MLK-TRANS-45,maliki,Transition,Uncertain purity/classification,"When purity or classification is uncertain, what may Niswah safely state without inventing a ruling?",عند الشك في الطهر أو التصنيف، ما الذي يجوز لنسوة قوله بأمان دون اختلاق حكم؟,حاشية الدسوقي على الشرح الكبير — الدسوقي,https://www.waqfeya.net/books/%D8%AD%D8%A7%D8%B4%D9%8A%D8%A9-%D8%A7%D9%84%D8%AF%D8%B3%D9%88%D9%82%D9%8A-%D8%B9%D9%84%D9%89-%D8%A7%D9%84%D8%B4%D8%B1%D8%AD-%D8%A7%D9%84%D9%83%D8%A8%D9%8A%D8%B1-%D9%85%D8%B9-%D8%AA%D9%82%D8%B1%D9%8A%D8%B1%D8%A7%D8%AA-%D8%A7%D9%84%D8%B4%D9%8A%D8%AE-%D8%B9%D9%84%D9%8A%D8%B4-f6227fccb4524b5499db0a7d489c7b78,كتاب الطهارة → باب/فصل الحيض والاستحاضة والنفاس؛ exact edition/page passage still to extract,,مواهب الجليل لشرح مختصر خليل — الحطاب,https://www.waqfeya.net/books/%D9%85%D9%88%D8%A7%D9%87%D8%A8-%D8%A7%D9%84%D8%AC%D9%84%D9%8A%D9%84-%D9%84%D8%B4%D8%B1%D8%AD-%D9%85%D8%AE%D8%AA%D8%B5%D8%B1-%D8%AE%D9%84%D9%8A%D9%84-%D9%88%D8%A8%D9%87%D8%A7%D9%85%D8%B4%D9%87-%D8%A7%D9%84%D8%AA%D8%A7%D8%AC-%D9%88%D8%A7%D9%84%D8%A5%D9%83%D9%84%D9%8A%D9%84-%D9%84%D9%85%D8%AE%D8%AA%D8%B5%D8%B1-%D8%AE%D9%84%D9%8A%D9%84-1bf1b5dbf5fc4dc6bf9fa8a9734d9703,كتاب الطهارة → باب/فصل الحيض والاستحاضة والنفاس؛ exact edition/page passage still to extract,,الموسوعة الفقهية الكويتية,https://www.fiqhpedia.org/,مدخل مناسب: Transition / related issue; exact entry to record during extraction,,,,PENDING,,,PASSAGE_EXTRACTION_REQUIRED,NOT_APPROVED_NOT_PUBLISHED
SHF-HAID-01,shafii,Haid,Qualifying bleeding,What conditions make bleeding eligible to be classified as Haid?,ما الشروط التي تجعل الدم صالحًا للحكم عليه بأنه حيض؟,مغني المحتاج إلى معرفة معاني ألفاظ المنهاج — الخطيب الشربيني,https://waqfeya.net/books/%D9%85%D8%BA%D9%86%D9%8A-%D8%A7%D9%84%D9%85%D8%AD%D8%AA%D8%A7%D8%AC-%D8%A5%D9%84%D9%89-%D9%85%D8%B9%D8%B1%D9%81%D8%A9-%D9%85%D8%B9%D8%A7%D9%86%D9%8A-%D8%A3%D9%84%D9%81%D8%A7%D8%B8-%D8%A7%D9%84%D9%85%D9%86%D9%87%D8%A7%D8%AC-%D8%B7-%D8%A7%D9%84%D9%85%D8%B9%D8%B1%D9%81%D8%A9-369e473c0c3e449fbc7b05da4384d1e1,كتاب الطهارة → باب/فصل الحيض والاستحاضة والنفاس؛ exact edition/page passage still to extract,,المجموع شرح المهذب — النووي,https://www.waqfeya.net/books/%D8%A7%D9%84%D9%85%D8%AC%D9%85%D9%88%D8%B9-%D8%B4%D8%B1%D8%AD-%D8%A7%D9%84%D9%85%D9%87%D8%B0%D8%A8-%D8%B7-%D8%A7%D9%84%D8%A5%D8%B1%D8%B4%D8%A7%D8%AF-664939b4e15a420bb81af97604e8ca71,كتاب الطهارة → باب/فصل الحيض والاستحاضة والنفاس؛ exact edition/page passage still to extract,,الموسوعة الفقهية الكويتية,https://www.fiqhpedia.org/,مدخل مناسب: Haid / related issue; exact entry to record during extraction,,,,PENDING,,,PASSAGE_EXTRACTION_REQUIRED,NOT_APPROVED_NOT_PUBLISHED
SHF-HAID-02,shafii,Haid,Age / eligibility,What age or maturity constraints affect whether bleeding may be Haid?,ما القيود المتعلقة بالعمر أو البلوغ التي تؤثر في إمكان اعتبار الدم حيضًا؟,مغني المحتاج إلى معرفة معاني ألفاظ المنهاج — الخطيب الشربيني,https://waqfeya.net/books/%D9%85%D8%BA%D9%86%D9%8A-%D8%A7%D9%84%D9%85%D8%AD%D8%AA%D8%A7%D8%AC-%D8%A5%D9%84%D9%89-%D9%85%D8%B9%D8%B1%D9%81%D8%A9-%D9%85%D8%B9%D8%A7%D9%86%D9%8A-%D8%A3%D9%84%D9%81%D8%A7%D8%B8-%D8%A7%D9%84%D9%85%D9%86%D9%87%D8%A7%D8%AC-%D8%B7-%D8%A7%D9%84%D9%85%D8%B9%D8%B1%D9%81%D8%A9-369e473c0c3e449fbc7b05da4384d1e1,كتاب الطهارة → باب/فصل الحيض والاستحاضة والنفاس؛ exact edition/page passage still to extract,,المجموع شرح المهذب — النووي,https://www.waqfeya.net/books/%D8%A7%D9%84%D9%85%D8%AC%D9%85%D9%88%D8%B9-%D8%B4%D8%B1%D8%AD-%D8%A7%D9%84%D9%85%D9%87%D8%B0%D8%A8-%D8%B7-%D8%A7%D9%84%D8%A5%D8%B1%D8%B4%D8%A7%D8%AF-664939b4e15a420bb81af97604e8ca71,كتاب الطهارة → باب/فصل الحيض والاستحاضة والنفاس؛ exact edition/page passage still to extract,,الموسوعة الفقهية الكويتية,https://www.fiqhpedia.org/,مدخل مناسب: Haid / related issue; exact entry to record during extraction,,,,PENDING,,,PASSAGE_EXTRACTION_REQUIRED,NOT_APPROVED_NOT_PUBLISHED
SHF-HAID-03,shafii,Haid,Pregnancy bleeding,"Can bleeding during pregnancy be classified as Haid, and under what conditions?",هل يمكن اعتبار الدم أثناء الحمل حيضًا، وتحت أي شروط؟,مغني المحتاج إلى معرفة معاني ألفاظ المنهاج — الخطيب الشربيني,https://waqfeya.net/books/%D9%85%D8%BA%D9%86%D9%8A-%D8%A7%D9%84%D9%85%D8%AD%D8%AA%D8%A7%D8%AC-%D8%A5%D9%84%D9%89-%D9%85%D8%B9%D8%B1%D9%81%D8%A9-%D9%85%D8%B9%D8%A7%D9%86%D9%8A-%D8%A3%D9%84%D9%81%D8%A7%D8%B8-%D8%A7%D9%84%D9%85%D9%86%D9%87%D8%A7%D8%AC-%D8%B7-%D8%A7%D9%84%D9%85%D8%B9%D8%B1%D9%81%D8%A9-369e473c0c3e449fbc7b05da4384d1e1,كتاب الطهارة → باب/فصل الحيض والاستحاضة والنفاس؛ exact edition/page passage still to extract,,المجموع شرح المهذب — النووي,https://www.waqfeya.net/books/%D8%A7%D9%84%D9%85%D8%AC%D9%85%D9%88%D8%B9-%D8%B4%D8%B1%D8%AD-%D8%A7%D9%84%D9%85%D9%87%D8%B0%D8%A8-%D8%B7-%D8%A7%D9%84%D8%A5%D8%B1%D8%B4%D8%A7%D8%AF-664939b4e15a420bb81af97604e8ca71,كتاب الطهارة → باب/فصل الحيض والاستحاضة والنفاس؛ exact edition/page passage still to extract,,الموسوعة الفقهية الكويتية,https://www.fiqhpedia.org/,مدخل مناسب: Haid / related issue; exact entry to record during extraction,,,,PENDING,,,PASSAGE_EXTRACTION_REQUIRED,NOT_APPROVED_NOT_PUBLISHED
SHF-HAID-04,shafii,Haid,Minimum duration,What is the minimum duration/amount required for a valid Haid classification?,ما أقل مدة أو قدر معتبر لصحة الحكم بالحيض؟,مغني المحتاج إلى معرفة معاني ألفاظ المنهاج — الخطيب الشربيني,https://waqfeya.net/books/%D9%85%D8%BA%D9%86%D9%8A-%D8%A7%D9%84%D9%85%D8%AD%D8%AA%D8%A7%D8%AC-%D8%A5%D9%84%D9%89-%D9%85%D8%B9%D8%B1%D9%81%D8%A9-%D9%85%D8%B9%D8%A7%D9%86%D9%8A-%D8%A3%D9%84%D9%81%D8%A7%D8%B8-%D8%A7%D9%84%D9%85%D9%86%D9%87%D8%A7%D8%AC-%D8%B7-%D8%A7%D9%84%D9%85%D8%B9%D8%B1%D9%81%D8%A9-369e473c0c3e449fbc7b05da4384d1e1,كتاب الطهارة → باب/فصل الحيض والاستحاضة والنفاس؛ exact edition/page passage still to extract,,المجموع شرح المهذب — النووي,https://www.waqfeya.net/books/%D8%A7%D9%84%D9%85%D8%AC%D9%85%D9%88%D8%B9-%D8%B4%D8%B1%D8%AD-%D8%A7%D9%84%D9%85%D9%87%D8%B0%D8%A8-%D8%B7-%D8%A7%D9%84%D8%A5%D8%B1%D8%B4%D8%A7%D8%AF-664939b4e15a420bb81af97604e8ca71,كتاب الطهارة → باب/فصل الحيض والاستحاضة والنفاس؛ exact edition/page passage still to extract,,الموسوعة الفقهية الكويتية,https://www.fiqhpedia.org/,مدخل مناسب: Haid / related issue; exact entry to record during extraction,,,,PENDING,,,PASSAGE_EXTRACTION_REQUIRED,NOT_APPROVED_NOT_PUBLISHED
SHF-HAID-05,shafii,Haid,Maximum duration,What is the maximum duration of Haid before excess bleeding is treated differently?,ما أكثر مدة الحيض قبل أن يعامل الدم الزائد بحكم آخر؟,مغني المحتاج إلى معرفة معاني ألفاظ المنهاج — الخطيب الشربيني,https://waqfeya.net/books/%D9%85%D8%BA%D9%86%D9%8A-%D8%A7%D9%84%D9%85%D8%AD%D8%AA%D8%A7%D8%AC-%D8%A5%D9%84%D9%89-%D9%85%D8%B9%D8%B1%D9%81%D8%A9-%D9%85%D8%B9%D8%A7%D9%86%D9%8A-%D8%A3%D9%84%D9%81%D8%A7%D8%B8-%D8%A7%D9%84%D9%85%D9%86%D9%87%D8%A7%D8%AC-%D8%B7-%D8%A7%D9%84%D9%85%D8%B9%D8%B1%D9%81%D8%A9-369e473c0c3e449fbc7b05da4384d1e1,كتاب الطهارة → باب/فصل الحيض والاستحاضة والنفاس؛ exact edition/page passage still to extract,,المجموع شرح المهذب — النووي,https://www.waqfeya.net/books/%D8%A7%D9%84%D9%85%D8%AC%D9%85%D9%88%D8%B9-%D8%B4%D8%B1%D8%AD-%D8%A7%D9%84%D9%85%D9%87%D8%B0%D8%A8-%D8%B7-%D8%A7%D9%84%D8%A5%D8%B1%D8%B4%D8%A7%D8%AF-664939b4e15a420bb81af97604e8ca71,كتاب الطهارة → باب/فصل الحيض والاستحاضة والنفاس؛ exact edition/page passage still to extract,,الموسوعة الفقهية الكويتية,https://www.fiqhpedia.org/,مدخل مناسب: Haid / related issue; exact entry to record during extraction,,,,PENDING,,,PASSAGE_EXTRACTION_REQUIRED,NOT_APPROVED_NOT_PUBLISHED
SHF-HAID-06,shafii,Haid,Minimum Tuhr,What minimum interval of purity is required between two separate menstrual episodes?,ما أقل مدة للطهر بين حيضتين مستقلتين؟,مغني المحتاج إلى معرفة معاني ألفاظ المنهاج — الخطيب الشربيني,https://waqfeya.net/books/%D9%85%D8%BA%D9%86%D9%8A-%D8%A7%D9%84%D9%85%D8%AD%D8%AA%D8%A7%D8%AC-%D8%A5%D9%84%D9%89-%D9%85%D8%B9%D8%B1%D9%81%D8%A9-%D9%85%D8%B9%D8%A7%D9%86%D9%8A-%D8%A3%D9%84%D9%81%D8%A7%D8%B8-%D8%A7%D9%84%D9%85%D9%86%D9%87%D8%A7%D8%AC-%D8%B7-%D8%A7%D9%84%D9%85%D8%B9%D8%B1%D9%81%D8%A9-369e473c0c3e449fbc7b05da4384d1e1,كتاب الطهارة → باب/فصل الحيض والاستحاضة والنفاس؛ exact edition/page passage still to extract,,المجموع شرح المهذب — النووي,https://www.waqfeya.net/books/%D8%A7%D9%84%D9%85%D8%AC%D9%85%D9%88%D8%B9-%D8%B4%D8%B1%D8%AD-%D8%A7%D9%84%D9%85%D9%87%D8%B0%D8%A8-%D8%B7-%D8%A7%D9%84%D8%A5%D8%B1%D8%B4%D8%A7%D8%AF-664939b4e15a420bb81af97604e8ca71,كتاب الطهارة → باب/فصل الحيض والاستحاضة والنفاس؛ exact edition/page passage still to extract,,الموسوعة الفقهية الكويتية,https://www.fiqhpedia.org/,مدخل مناسب: Haid / related issue; exact entry to record during extraction,,,,PENDING,,,PASSAGE_EXTRACTION_REQUIRED,NOT_APPROVED_NOT_PUBLISHED
SHF-HAID-07,shafii,Haid,Maximum Tuhr,"Is there a maximum duration of purity, and does it affect classification?",هل للطهر حد أقصى، وهل يؤثر ذلك في التصنيف؟,مغني المحتاج إلى معرفة معاني ألفاظ المنهاج — الخطيب الشربيني,https://waqfeya.net/books/%D9%85%D8%BA%D9%86%D9%8A-%D8%A7%D9%84%D9%85%D8%AD%D8%AA%D8%A7%D8%AC-%D8%A5%D9%84%D9%89-%D9%85%D8%B9%D8%B1%D9%81%D8%A9-%D9%85%D8%B9%D8%A7%D9%86%D9%8A-%D8%A3%D9%84%D9%81%D8%A7%D8%B8-%D8%A7%D9%84%D9%85%D9%86%D9%87%D8%A7%D8%AC-%D8%B7-%D8%A7%D9%84%D9%85%D8%B9%D8%B1%D9%81%D8%A9-369e473c0c3e449fbc7b05da4384d1e1,كتاب الطهارة → باب/فصل الحيض والاستحاضة والنفاس؛ exact edition/page passage still to extract,,المجموع شرح المهذب — النووي,https://www.waqfeya.net/books/%D8%A7%D9%84%D9%85%D8%AC%D9%85%D9%88%D8%B9-%D8%B4%D8%B1%D8%AD-%D8%A7%D9%84%D9%85%D9%87%D8%B0%D8%A8-%D8%B7-%D8%A7%D9%84%D8%A5%D8%B1%D8%B4%D8%A7%D8%AF-664939b4e15a420bb81af97604e8ca71,كتاب الطهارة → باب/فصل الحيض والاستحاضة والنفاس؛ exact edition/page passage still to extract,,الموسوعة الفقهية الكويتية,https://www.fiqhpedia.org/,مدخل مناسب: Haid / related issue; exact entry to record during extraction,,,,PENDING,,,PASSAGE_EXTRACTION_REQUIRED,NOT_APPROVED_NOT_PUBLISHED
SHF-HAID-08,shafii,Haid,Yellow/brown before purity,How is yellow/brown discharge treated before confirmed purity?,ما حكم الصفرة والكدرة قبل تحقق الطهر؟,مغني المحتاج إلى معرفة معاني ألفاظ المنهاج — الخطيب الشربيني,https://waqfeya.net/books/%D9%85%D8%BA%D9%86%D9%8A-%D8%A7%D9%84%D9%85%D8%AD%D8%AA%D8%A7%D8%AC-%D8%A5%D9%84%D9%89-%D9%85%D8%B9%D8%B1%D9%81%D8%A9-%D9%85%D8%B9%D8%A7%D9%86%D9%8A-%D8%A3%D9%84%D9%81%D8%A7%D8%B8-%D8%A7%D9%84%D9%85%D9%86%D9%87%D8%A7%D8%AC-%D8%B7-%D8%A7%D9%84%D9%85%D8%B9%D8%B1%D9%81%D8%A9-369e473c0c3e449fbc7b05da4384d1e1,كتاب الطهارة → باب/فصل الحيض والاستحاضة والنفاس؛ exact edition/page passage still to extract,,المجموع شرح المهذب — النووي,https://www.waqfeya.net/books/%D8%A7%D9%84%D9%85%D8%AC%D9%85%D9%88%D8%B9-%D8%B4%D8%B1%D8%AD-%D8%A7%D9%84%D9%85%D9%87%D8%B0%D8%A8-%D8%B7-%D8%A7%D9%84%D8%A5%D8%B1%D8%B4%D8%A7%D8%AF-664939b4e15a420bb81af97604e8ca71,كتاب الطهارة → باب/فصل الحيض والاستحاضة والنفاس؛ exact edition/page passage still to extract,,الموسوعة الفقهية الكويتية,https://www.fiqhpedia.org/,مدخل مناسب: Haid / related issue; exact entry to record during extraction,,,,PENDING,,,PASSAGE_EXTRACTION_REQUIRED,NOT_APPROVED_NOT_PUBLISHED
SHF-HAID-09,shafii,Haid,Yellow/brown after purity,How is yellow/brown discharge treated after confirmed purity?,ما حكم الصفرة والكدرة بعد تحقق الطهر؟,مغني المحتاج إلى معرفة معاني ألفاظ المنهاج — الخطيب الشربيني,https://waqfeya.net/books/%D9%85%D8%BA%D9%86%D9%8A-%D8%A7%D9%84%D9%85%D8%AD%D8%AA%D8%A7%D8%AC-%D8%A5%D9%84%D9%89-%D9%85%D8%B9%D8%B1%D9%81%D8%A9-%D9%85%D8%B9%D8%A7%D9%86%D9%8A-%D8%A3%D9%84%D9%81%D8%A7%D8%B8-%D8%A7%D9%84%D9%85%D9%86%D9%87%D8%A7%D8%AC-%D8%B7-%D8%A7%D9%84%D9%85%D8%B9%D8%B1%D9%81%D8%A9-369e473c0c3e449fbc7b05da4384d1e1,كتاب الطهارة → باب/فصل الحيض والاستحاضة والنفاس؛ exact edition/page passage still to extract,,المجموع شرح المهذب — النووي,https://www.waqfeya.net/books/%D8%A7%D9%84%D9%85%D8%AC%D9%85%D9%88%D8%B9-%D8%B4%D8%B1%D8%AD-%D8%A7%D9%84%D9%85%D9%87%D8%B0%D8%A8-%D8%B7-%D8%A7%D9%84%D8%A5%D8%B1%D8%B4%D8%A7%D8%AF-664939b4e15a420bb81af97604e8ca71,كتاب الطهارة → باب/فصل الحيض والاستحاضة والنفاس؛ exact edition/page passage still to extract,,الموسوعة الفقهية الكويتية,https://www.fiqhpedia.org/,مدخل مناسب: Haid / related issue; exact entry to record during extraction,,,,PENDING,,,PASSAGE_EXTRACTION_REQUIRED,NOT_APPROVED_NOT_PUBLISHED
SHF-TAHARA-10,shafii,Tahara,Dryness,When does complete dryness establish Tahara?,متى يُعد الجفاف التام علامة معتبرة على الطهر؟,مغني المحتاج إلى معرفة معاني ألفاظ المنهاج — الخطيب الشربيني,https://waqfeya.net/books/%D9%85%D8%BA%D9%86%D9%8A-%D8%A7%D9%84%D9%85%D8%AD%D8%AA%D8%A7%D8%AC-%D8%A5%D9%84%D9%89-%D9%85%D8%B9%D8%B1%D9%81%D8%A9-%D9%85%D8%B9%D8%A7%D9%86%D9%8A-%D8%A3%D9%84%D9%81%D8%A7%D8%B8-%D8%A7%D9%84%D9%85%D9%86%D9%87%D8%A7%D8%AC-%D8%B7-%D8%A7%D9%84%D9%85%D8%B9%D8%B1%D9%81%D8%A9-369e473c0c3e449fbc7b05da4384d1e1,كتاب الطهارة → باب/فصل الحيض والاستحاضة والنفاس؛ exact edition/page passage still to extract,,المجموع شرح المهذب — النووي,https://www.waqfeya.net/books/%D8%A7%D9%84%D9%85%D8%AC%D9%85%D9%88%D8%B9-%D8%B4%D8%B1%D8%AD-%D8%A7%D9%84%D9%85%D9%87%D8%B0%D8%A8-%D8%B7-%D8%A7%D9%84%D8%A5%D8%B1%D8%B4%D8%A7%D8%AF-664939b4e15a420bb81af97604e8ca71,كتاب الطهارة → باب/فصل الحيض والاستحاضة والنفاس؛ exact edition/page passage still to extract,,الموسوعة الفقهية الكويتية,https://www.fiqhpedia.org/,مدخل مناسب: Tahara / related issue; exact entry to record during extraction,,,,PENDING,,,PASSAGE_EXTRACTION_REQUIRED,NOT_APPROVED_NOT_PUBLISHED
SHF-TAHARA-11,shafii,Tahara,White discharge,What role does the white discharge play in establishing Tahara?,ما دور القصة البيضاء في إثبات الطهر؟,مغني المحتاج إلى معرفة معاني ألفاظ المنهاج — الخطيب الشربيني,https://waqfeya.net/books/%D9%85%D8%BA%D9%86%D9%8A-%D8%A7%D9%84%D9%85%D8%AD%D8%AA%D8%A7%D8%AC-%D8%A5%D9%84%D9%89-%D9%85%D8%B9%D8%B1%D9%81%D8%A9-%D9%85%D8%B9%D8%A7%D9%86%D9%8A-%D8%A3%D9%84%D9%81%D8%A7%D8%B8-%D8%A7%D9%84%D9%85%D9%86%D9%87%D8%A7%D8%AC-%D8%B7-%D8%A7%D9%84%D9%85%D8%B9%D8%B1%D9%81%D8%A9-369e473c0c3e449fbc7b05da4384d1e1,كتاب الطهارة → باب/فصل الحيض والاستحاضة والنفاس؛ exact edition/page passage still to extract,,المجموع شرح المهذب — النووي,https://www.waqfeya.net/books/%D8%A7%D9%84%D9%85%D8%AC%D9%85%D9%88%D8%B9-%D8%B4%D8%B1%D8%AD-%D8%A7%D9%84%D9%85%D9%87%D8%B0%D8%A8-%D8%B7-%D8%A7%D9%84%D8%A5%D8%B1%D8%B4%D8%A7%D8%AF-664939b4e15a420bb81af97604e8ca71,كتاب الطهارة → باب/فصل الحيض والاستحاضة والنفاس؛ exact edition/page passage still to extract,,الموسوعة الفقهية الكويتية,https://www.fiqhpedia.org/,مدخل مناسب: Tahara / related issue; exact entry to record during extraction,,,,PENDING,,,PASSAGE_EXTRACTION_REQUIRED,NOT_APPROVED_NOT_PUBLISHED
SHF-HAID-12,shafii,Haid,Intermittent dryness,How are dry intervals within a possible Haid episode classified?,كيف تُعامل فترات الجفاف المتخللة داخل مدة محتملة للحيض؟,مغني المحتاج إلى معرفة معاني ألفاظ المنهاج — الخطيب الشربيني,https://waqfeya.net/books/%D9%85%D8%BA%D9%86%D9%8A-%D8%A7%D9%84%D9%85%D8%AD%D8%AA%D8%A7%D8%AC-%D8%A5%D9%84%D9%89-%D9%85%D8%B9%D8%B1%D9%81%D8%A9-%D9%85%D8%B9%D8%A7%D9%86%D9%8A-%D8%A3%D9%84%D9%81%D8%A7%D8%B8-%D8%A7%D9%84%D9%85%D9%86%D9%87%D8%A7%D8%AC-%D8%B7-%D8%A7%D9%84%D9%85%D8%B9%D8%B1%D9%81%D8%A9-369e473c0c3e449fbc7b05da4384d1e1,كتاب الطهارة → باب/فصل الحيض والاستحاضة والنفاس؛ exact edition/page passage still to extract,,المجموع شرح المهذب — النووي,https://www.waqfeya.net/books/%D8%A7%D9%84%D9%85%D8%AC%D9%85%D9%88%D8%B9-%D8%B4%D8%B1%D8%AD-%D8%A7%D9%84%D9%85%D9%87%D8%B0%D8%A8-%D8%B7-%D8%A7%D9%84%D8%A5%D8%B1%D8%B4%D8%A7%D8%AF-664939b4e15a420bb81af97604e8ca71,كتاب الطهارة → باب/فصل الحيض والاستحاضة والنفاس؛ exact edition/page passage still to extract,,الموسوعة الفقهية الكويتية,https://www.fiqhpedia.org/,مدخل مناسب: Haid / related issue; exact entry to record during extraction,,,,PENDING,,,PASSAGE_EXTRACTION_REQUIRED,NOT_APPROVED_NOT_PUBLISHED
SHF-HAID-13,shafii,Haid,Resumed bleeding,How is bleeding classified when it returns after apparent purity?,كيف يُصنف الدم إذا عاد بعد طهر ظاهري؟,مغني المحتاج إلى معرفة معاني ألفاظ المنهاج — الخطيب الشربيني,https://waqfeya.net/books/%D9%85%D8%BA%D9%86%D9%8A-%D8%A7%D9%84%D9%85%D8%AD%D8%AA%D8%A7%D8%AC-%D8%A5%D9%84%D9%89-%D9%85%D8%B9%D8%B1%D9%81%D8%A9-%D9%85%D8%B9%D8%A7%D9%86%D9%8A-%D8%A3%D9%84%D9%81%D8%A7%D8%B8-%D8%A7%D9%84%D9%85%D9%86%D9%87%D8%A7%D8%AC-%D8%B7-%D8%A7%D9%84%D9%85%D8%B9%D8%B1%D9%81%D8%A9-369e473c0c3e449fbc7b05da4384d1e1,كتاب الطهارة → باب/فصل الحيض والاستحاضة والنفاس؛ exact edition/page passage still to extract,,المجموع شرح المهذب — النووي,https://www.waqfeya.net/books/%D8%A7%D9%84%D9%85%D8%AC%D9%85%D9%88%D8%B9-%D8%B4%D8%B1%D8%AD-%D8%A7%D9%84%D9%85%D9%87%D8%B0%D8%A8-%D8%B7-%D8%A7%D9%84%D8%A5%D8%B1%D8%B4%D8%A7%D8%AF-664939b4e15a420bb81af97604e8ca71,كتاب الطهارة → باب/فصل الحيض والاستحاضة والنفاس؛ exact edition/page passage still to extract,,الموسوعة الفقهية الكويتية,https://www.fiqhpedia.org/,مدخل مناسب: Haid / related issue; exact entry to record during extraction,,,,PENDING,,,PASSAGE_EXTRACTION_REQUIRED,NOT_APPROVED_NOT_PUBLISHED
SHF-HAID-14,shafii,Haid,First-time bleeder,How is a first-ever bleeding episode handled when no prior habit exists?,كيف تُعامل المبتدئة عند أول نزف بلا عادة سابقة؟,مغني المحتاج إلى معرفة معاني ألفاظ المنهاج — الخطيب الشربيني,https://waqfeya.net/books/%D9%85%D8%BA%D9%86%D9%8A-%D8%A7%D9%84%D9%85%D8%AD%D8%AA%D8%A7%D8%AC-%D8%A5%D9%84%D9%89-%D9%85%D8%B9%D8%B1%D9%81%D8%A9-%D9%85%D8%B9%D8%A7%D9%86%D9%8A-%D8%A3%D9%84%D9%81%D8%A7%D8%B8-%D8%A7%D9%84%D9%85%D9%86%D9%87%D8%A7%D8%AC-%D8%B7-%D8%A7%D9%84%D9%85%D8%B9%D8%B1%D9%81%D8%A9-369e473c0c3e449fbc7b05da4384d1e1,كتاب الطهارة → باب/فصل الحيض والاستحاضة والنفاس؛ exact edition/page passage still to extract,,المجموع شرح المهذب — النووي,https://www.waqfeya.net/books/%D8%A7%D9%84%D9%85%D8%AC%D9%85%D9%88%D8%B9-%D8%B4%D8%B1%D8%AD-%D8%A7%D9%84%D9%85%D9%87%D8%B0%D8%A8-%D8%B7-%D8%A7%D9%84%D8%A5%D8%B1%D8%B4%D8%A7%D8%AF-664939b4e15a420bb81af97604e8ca71,كتاب الطهارة → باب/فصل الحيض والاستحاضة والنفاس؛ exact edition/page passage still to extract,,الموسوعة الفقهية الكويتية,https://www.fiqhpedia.org/,مدخل مناسب: Haid / related issue; exact entry to record during extraction,,,,PENDING,,,PASSAGE_EXTRACTION_REQUIRED,NOT_APPROVED_NOT_PUBLISHED
SHF-HAID-15,shafii,Haid,Habit establishment,How and after how many repetitions does a menstrual habit become legally relevant?,كيف ومتى تثبت العادة الحيضية المعتبرة شرعًا؟,مغني المحتاج إلى معرفة معاني ألفاظ المنهاج — الخطيب الشربيني,https://waqfeya.net/books/%D9%85%D8%BA%D9%86%D9%8A-%D8%A7%D9%84%D9%85%D8%AD%D8%AA%D8%A7%D8%AC-%D8%A5%D9%84%D9%89-%D9%85%D8%B9%D8%B1%D9%81%D8%A9-%D9%85%D8%B9%D8%A7%D9%86%D9%8A-%D8%A3%D9%84%D9%81%D8%A7%D8%B8-%D8%A7%D9%84%D9%85%D9%86%D9%87%D8%A7%D8%AC-%D8%B7-%D8%A7%D9%84%D9%85%D8%B9%D8%B1%D9%81%D8%A9-369e473c0c3e449fbc7b05da4384d1e1,كتاب الطهارة → باب/فصل الحيض والاستحاضة والنفاس؛ exact edition/page passage still to extract,,المجموع شرح المهذب — النووي,https://www.waqfeya.net/books/%D8%A7%D9%84%D9%85%D8%AC%D9%85%D9%88%D8%B9-%D8%B4%D8%B1%D8%AD-%D8%A7%D9%84%D9%85%D9%87%D8%B0%D8%A8-%D8%B7-%D8%A7%D9%84%D8%A5%D8%B1%D8%B4%D8%A7%D8%AF-664939b4e15a420bb81af97604e8ca71,كتاب الطهارة → باب/فصل الحيض والاستحاضة والنفاس؛ exact edition/page passage still to extract,,الموسوعة الفقهية الكويتية,https://www.fiqhpedia.org/,مدخل مناسب: Haid / related issue; exact entry to record during extraction,,,,PENDING,,,PASSAGE_EXTRACTION_REQUIRED,NOT_APPROVED_NOT_PUBLISHED
SHF-HAID-16,shafii,Haid,Habit timing change,How is a shift in the start timing of an established habit handled?,كيف يُتعامل مع تغير وقت بدء العادة المستقرة؟,مغني المحتاج إلى معرفة معاني ألفاظ المنهاج — الخطيب الشربيني,https://waqfeya.net/books/%D9%85%D8%BA%D9%86%D9%8A-%D8%A7%D9%84%D9%85%D8%AD%D8%AA%D8%A7%D8%AC-%D8%A5%D9%84%D9%89-%D9%85%D8%B9%D8%B1%D9%81%D8%A9-%D9%85%D8%B9%D8%A7%D9%86%D9%8A-%D8%A3%D9%84%D9%81%D8%A7%D8%B8-%D8%A7%D9%84%D9%85%D9%86%D9%87%D8%A7%D8%AC-%D8%B7-%D8%A7%D9%84%D9%85%D8%B9%D8%B1%D9%81%D8%A9-369e473c0c3e449fbc7b05da4384d1e1,كتاب الطهارة → باب/فصل الحيض والاستحاضة والنفاس؛ exact edition/page passage still to extract,,المجموع شرح المهذب — النووي,https://www.waqfeya.net/books/%D8%A7%D9%84%D9%85%D8%AC%D9%85%D9%88%D8%B9-%D8%B4%D8%B1%D8%AD-%D8%A7%D9%84%D9%85%D9%87%D8%B0%D8%A8-%D8%B7-%D8%A7%D9%84%D8%A5%D8%B1%D8%B4%D8%A7%D8%AF-664939b4e15a420bb81af97604e8ca71,كتاب الطهارة → باب/فصل الحيض والاستحاضة والنفاس؛ exact edition/page passage still to extract,,الموسوعة الفقهية الكويتية,https://www.fiqhpedia.org/,مدخل مناسب: Haid / related issue; exact entry to record during extraction,,,,PENDING,,,PASSAGE_EXTRACTION_REQUIRED,NOT_APPROVED_NOT_PUBLISHED
SHF-HAID-17,shafii,Haid,Habit duration change,How is a change in the duration of an established habit handled?,كيف يُتعامل مع تغير مدة العادة المستقرة؟,مغني المحتاج إلى معرفة معاني ألفاظ المنهاج — الخطيب الشربيني,https://waqfeya.net/books/%D9%85%D8%BA%D9%86%D9%8A-%D8%A7%D9%84%D9%85%D8%AD%D8%AA%D8%A7%D8%AC-%D8%A5%D9%84%D9%89-%D9%85%D8%B9%D8%B1%D9%81%D8%A9-%D9%85%D8%B9%D8%A7%D9%86%D9%8A-%D8%A3%D9%84%D9%81%D8%A7%D8%B8-%D8%A7%D9%84%D9%85%D9%86%D9%87%D8%A7%D8%AC-%D8%B7-%D8%A7%D9%84%D9%85%D8%B9%D8%B1%D9%81%D8%A9-369e473c0c3e449fbc7b05da4384d1e1,كتاب الطهارة → باب/فصل الحيض والاستحاضة والنفاس؛ exact edition/page passage still to extract,,المجموع شرح المهذب — النووي,https://www.waqfeya.net/books/%D8%A7%D9%84%D9%85%D8%AC%D9%85%D9%88%D8%B9-%D8%B4%D8%B1%D8%AD-%D8%A7%D9%84%D9%85%D9%87%D8%B0%D8%A8-%D8%B7-%D8%A7%D9%84%D8%A5%D8%B1%D8%B4%D8%A7%D8%AF-664939b4e15a420bb81af97604e8ca71,كتاب الطهارة → باب/فصل الحيض والاستحاضة والنفاس؛ exact edition/page passage still to extract,,الموسوعة الفقهية الكويتية,https://www.fiqhpedia.org/,مدخل مناسب: Haid / related issue; exact entry to record during extraction,,,,PENDING,,,PASSAGE_EXTRACTION_REQUIRED,NOT_APPROVED_NOT_PUBLISHED
SHF-HAID-18,shafii,Haid,Beyond maximum,How should bleeding beyond the madhhab's Haid limit be classified?,كيف يُصنف الدم الذي يتجاوز أكثر الحيض عند المذهب؟,مغني المحتاج إلى معرفة معاني ألفاظ المنهاج — الخطيب الشربيني,https://waqfeya.net/books/%D9%85%D8%BA%D9%86%D9%8A-%D8%A7%D9%84%D9%85%D8%AD%D8%AA%D8%A7%D8%AC-%D8%A5%D9%84%D9%89-%D9%85%D8%B9%D8%B1%D9%81%D8%A9-%D9%85%D8%B9%D8%A7%D9%86%D9%8A-%D8%A3%D9%84%D9%81%D8%A7%D8%B8-%D8%A7%D9%84%D9%85%D9%86%D9%87%D8%A7%D8%AC-%D8%B7-%D8%A7%D9%84%D9%85%D8%B9%D8%B1%D9%81%D8%A9-369e473c0c3e449fbc7b05da4384d1e1,كتاب الطهارة → باب/فصل الحيض والاستحاضة والنفاس؛ exact edition/page passage still to extract,,المجموع شرح المهذب — النووي,https://www.waqfeya.net/books/%D8%A7%D9%84%D9%85%D8%AC%D9%85%D9%88%D8%B9-%D8%B4%D8%B1%D8%AD-%D8%A7%D9%84%D9%85%D9%87%D8%B0%D8%A8-%D8%B7-%D8%A7%D9%84%D8%A5%D8%B1%D8%B4%D8%A7%D8%AF-664939b4e15a420bb81af97604e8ca71,كتاب الطهارة → باب/فصل الحيض والاستحاضة والنفاس؛ exact edition/page passage still to extract,,الموسوعة الفقهية الكويتية,https://www.fiqhpedia.org/,مدخل مناسب: Haid / related issue; exact entry to record during extraction,,,,PENDING,,,PASSAGE_EXTRACTION_REQUIRED,NOT_APPROVED_NOT_PUBLISHED
SHF-HAID-19,shafii,Haid,Conflicting evidence,"When habit, timing and blood characteristics conflict, which evidence controls classification?",إذا تعارضت العادة والتوقيت وصفات الدم، فما المرجح في التصنيف؟,مغني المحتاج إلى معرفة معاني ألفاظ المنهاج — الخطيب الشربيني,https://waqfeya.net/books/%D9%85%D8%BA%D9%86%D9%8A-%D8%A7%D9%84%D9%85%D8%AD%D8%AA%D8%A7%D8%AC-%D8%A5%D9%84%D9%89-%D9%85%D8%B9%D8%B1%D9%81%D8%A9-%D9%85%D8%B9%D8%A7%D9%86%D9%8A-%D8%A3%D9%84%D9%81%D8%A7%D8%B8-%D8%A7%D9%84%D9%85%D9%86%D9%87%D8%A7%D8%AC-%D8%B7-%D8%A7%D9%84%D9%85%D8%B9%D8%B1%D9%81%D8%A9-369e473c0c3e449fbc7b05da4384d1e1,كتاب الطهارة → باب/فصل الحيض والاستحاضة والنفاس؛ exact edition/page passage still to extract,,المجموع شرح المهذب — النووي,https://www.waqfeya.net/books/%D8%A7%D9%84%D9%85%D8%AC%D9%85%D9%88%D8%B9-%D8%B4%D8%B1%D8%AD-%D8%A7%D9%84%D9%85%D9%87%D8%B0%D8%A8-%D8%B7-%D8%A7%D9%84%D8%A5%D8%B1%D8%B4%D8%A7%D8%AF-664939b4e15a420bb81af97604e8ca71,كتاب الطهارة → باب/فصل الحيض والاستحاضة والنفاس؛ exact edition/page passage still to extract,,الموسوعة الفقهية الكويتية,https://www.fiqhpedia.org/,مدخل مناسب: Haid / related issue; exact entry to record during extraction,,,,PENDING,,,PASSAGE_EXTRACTION_REQUIRED,NOT_APPROVED_NOT_PUBLISHED
SHF-ISTI-20,shafii,Istihada,Definition,What makes bleeding Istihada rather than Haid or Nifas?,ما الذي يجعل الدم استحاضة لا حيضًا ولا نفاسًا؟,مغني المحتاج إلى معرفة معاني ألفاظ المنهاج — الخطيب الشربيني,https://waqfeya.net/books/%D9%85%D8%BA%D9%86%D9%8A-%D8%A7%D9%84%D9%85%D8%AD%D8%AA%D8%A7%D8%AC-%D8%A5%D9%84%D9%89-%D9%85%D8%B9%D8%B1%D9%81%D8%A9-%D9%85%D8%B9%D8%A7%D9%86%D9%8A-%D8%A3%D9%84%D9%81%D8%A7%D8%B8-%D8%A7%D9%84%D9%85%D9%86%D9%87%D8%A7%D8%AC-%D8%B7-%D8%A7%D9%84%D9%85%D8%B9%D8%B1%D9%81%D8%A9-369e473c0c3e449fbc7b05da4384d1e1,كتاب الطهارة → باب/فصل الحيض والاستحاضة والنفاس؛ exact edition/page passage still to extract,,المجموع شرح المهذب — النووي,https://www.waqfeya.net/books/%D8%A7%D9%84%D9%85%D8%AC%D9%85%D9%88%D8%B9-%D8%B4%D8%B1%D8%AD-%D8%A7%D9%84%D9%85%D9%87%D8%B0%D8%A8-%D8%B7-%D8%A7%D9%84%D8%A5%D8%B1%D8%B4%D8%A7%D8%AF-664939b4e15a420bb81af97604e8ca71,كتاب الطهارة → باب/فصل الحيض والاستحاضة والنفاس؛ exact edition/page passage still to extract,,الموسوعة الفقهية الكويتية,https://www.fiqhpedia.org/,مدخل مناسب: Istihada / related issue; exact entry to record during extraction,,,,PENDING,,,PASSAGE_EXTRACTION_REQUIRED,NOT_APPROVED_NOT_PUBLISHED
SHF-ISTI-21,shafii,Istihada,Known habit + prolonged bleeding,How is prolonged bleeding handled when an established habit exists?,كيف تتعامل المستحاضة مع الدم المستمر إذا كانت لها عادة معلومة؟,مغني المحتاج إلى معرفة معاني ألفاظ المنهاج — الخطيب الشربيني,https://waqfeya.net/books/%D9%85%D8%BA%D9%86%D9%8A-%D8%A7%D9%84%D9%85%D8%AD%D8%AA%D8%A7%D8%AC-%D8%A5%D9%84%D9%89-%D9%85%D8%B9%D8%B1%D9%81%D8%A9-%D9%85%D8%B9%D8%A7%D9%86%D9%8A-%D8%A3%D9%84%D9%81%D8%A7%D8%B8-%D8%A7%D9%84%D9%85%D9%86%D9%87%D8%A7%D8%AC-%D8%B7-%D8%A7%D9%84%D9%85%D8%B9%D8%B1%D9%81%D8%A9-369e473c0c3e449fbc7b05da4384d1e1,كتاب الطهارة → باب/فصل الحيض والاستحاضة والنفاس؛ exact edition/page passage still to extract,,المجموع شرح المهذب — النووي,https://www.waqfeya.net/books/%D8%A7%D9%84%D9%85%D8%AC%D9%85%D9%88%D8%B9-%D8%B4%D8%B1%D8%AD-%D8%A7%D9%84%D9%85%D9%87%D8%B0%D8%A8-%D8%B7-%D8%A7%D9%84%D8%A5%D8%B1%D8%B4%D8%A7%D8%AF-664939b4e15a420bb81af97604e8ca71,كتاب الطهارة → باب/فصل الحيض والاستحاضة والنفاس؛ exact edition/page passage still to extract,,الموسوعة الفقهية الكويتية,https://www.fiqhpedia.org/,مدخل مناسب: Istihada / related issue; exact entry to record during extraction,,,,PENDING,,,PASSAGE_EXTRACTION_REQUIRED,NOT_APPROVED_NOT_PUBLISHED
SHF-ISTI-22,shafii,Istihada,Tamyiz,How do distinguishable blood characteristics affect classification?,ما أثر التمييز بصفات الدم في الحكم؟,مغني المحتاج إلى معرفة معاني ألفاظ المنهاج — الخطيب الشربيني,https://waqfeya.net/books/%D9%85%D8%BA%D9%86%D9%8A-%D8%A7%D9%84%D9%85%D8%AD%D8%AA%D8%A7%D8%AC-%D8%A5%D9%84%D9%89-%D9%85%D8%B9%D8%B1%D9%81%D8%A9-%D9%85%D8%B9%D8%A7%D9%86%D9%8A-%D8%A3%D9%84%D9%81%D8%A7%D8%B8-%D8%A7%D9%84%D9%85%D9%86%D9%87%D8%A7%D8%AC-%D8%B7-%D8%A7%D9%84%D9%85%D8%B9%D8%B1%D9%81%D8%A9-369e473c0c3e449fbc7b05da4384d1e1,كتاب الطهارة → باب/فصل الحيض والاستحاضة والنفاس؛ exact edition/page passage still to extract,,المجموع شرح المهذب — النووي,https://www.waqfeya.net/books/%D8%A7%D9%84%D9%85%D8%AC%D9%85%D9%88%D8%B9-%D8%B4%D8%B1%D8%AD-%D8%A7%D9%84%D9%85%D9%87%D8%B0%D8%A8-%D8%B7-%D8%A7%D9%84%D8%A5%D8%B1%D8%B4%D8%A7%D8%AF-664939b4e15a420bb81af97604e8ca71,كتاب الطهارة → باب/فصل الحيض والاستحاضة والنفاس؛ exact edition/page passage still to extract,,الموسوعة الفقهية الكويتية,https://www.fiqhpedia.org/,مدخل مناسب: Istihada / related issue; exact entry to record during extraction,,,,PENDING,,,PASSAGE_EXTRACTION_REQUIRED,NOT_APPROVED_NOT_PUBLISHED
SHF-ISTI-23,shafii,Istihada,No habit / no tamyiz,How is the case handled when there is neither a reliable habit nor usable distinction?,كيف تُعامل من لا عادة لها ولا تمييز معتبر؟,مغني المحتاج إلى معرفة معاني ألفاظ المنهاج — الخطيب الشربيني,https://waqfeya.net/books/%D9%85%D8%BA%D9%86%D9%8A-%D8%A7%D9%84%D9%85%D8%AD%D8%AA%D8%A7%D8%AC-%D8%A5%D9%84%D9%89-%D9%85%D8%B9%D8%B1%D9%81%D8%A9-%D9%85%D8%B9%D8%A7%D9%86%D9%8A-%D8%A3%D9%84%D9%81%D8%A7%D8%B8-%D8%A7%D9%84%D9%85%D9%86%D9%87%D8%A7%D8%AC-%D8%B7-%D8%A7%D9%84%D9%85%D8%B9%D8%B1%D9%81%D8%A9-369e473c0c3e449fbc7b05da4384d1e1,كتاب الطهارة → باب/فصل الحيض والاستحاضة والنفاس؛ exact edition/page passage still to extract,,المجموع شرح المهذب — النووي,https://www.waqfeya.net/books/%D8%A7%D9%84%D9%85%D8%AC%D9%85%D9%88%D8%B9-%D8%B4%D8%B1%D8%AD-%D8%A7%D9%84%D9%85%D9%87%D8%B0%D8%A8-%D8%B7-%D8%A7%D9%84%D8%A5%D8%B1%D8%B4%D8%A7%D8%AF-664939b4e15a420bb81af97604e8ca71,كتاب الطهارة → باب/فصل الحيض والاستحاضة والنفاس؛ exact edition/page passage still to extract,,الموسوعة الفقهية الكويتية,https://www.fiqhpedia.org/,مدخل مناسب: Istihada / related issue; exact entry to record during extraction,,,,PENDING,,,PASSAGE_EXTRACTION_REQUIRED,NOT_APPROVED_NOT_PUBLISHED
SHF-ISTI-24,shafii,Istihada,Prayer,What is the prayer status during Istihada?,ما حكم الصلاة حال الاستحاضة؟,مغني المحتاج إلى معرفة معاني ألفاظ المنهاج — الخطيب الشربيني,https://waqfeya.net/books/%D9%85%D8%BA%D9%86%D9%8A-%D8%A7%D9%84%D9%85%D8%AD%D8%AA%D8%A7%D8%AC-%D8%A5%D9%84%D9%89-%D9%85%D8%B9%D8%B1%D9%81%D8%A9-%D9%85%D8%B9%D8%A7%D9%86%D9%8A-%D8%A3%D9%84%D9%81%D8%A7%D8%B8-%D8%A7%D9%84%D9%85%D9%86%D9%87%D8%A7%D8%AC-%D8%B7-%D8%A7%D9%84%D9%85%D8%B9%D8%B1%D9%81%D8%A9-369e473c0c3e449fbc7b05da4384d1e1,كتاب الطهارة → باب/فصل الحيض والاستحاضة والنفاس؛ exact edition/page passage still to extract,,المجموع شرح المهذب — النووي,https://www.waqfeya.net/books/%D8%A7%D9%84%D9%85%D8%AC%D9%85%D9%88%D8%B9-%D8%B4%D8%B1%D8%AD-%D8%A7%D9%84%D9%85%D9%87%D8%B0%D8%A8-%D8%B7-%D8%A7%D9%84%D8%A5%D8%B1%D8%B4%D8%A7%D8%AF-664939b4e15a420bb81af97604e8ca71,كتاب الطهارة → باب/فصل الحيض والاستحاضة والنفاس؛ exact edition/page passage still to extract,,الموسوعة الفقهية الكويتية,https://www.fiqhpedia.org/,مدخل مناسب: Istihada / related issue; exact entry to record during extraction,,,,PENDING,,,PASSAGE_EXTRACTION_REQUIRED,NOT_APPROVED_NOT_PUBLISHED
SHF-ISTI-25,shafii,Istihada,Purification for prayer,What cleaning/wudu requirements apply to ongoing Istihada?,ما متطلبات التطهر والوضوء مع استمرار الاستحاضة؟,مغني المحتاج إلى معرفة معاني ألفاظ المنهاج — الخطيب الشربيني,https://waqfeya.net/books/%D9%85%D8%BA%D9%86%D9%8A-%D8%A7%D9%84%D9%85%D8%AD%D8%AA%D8%A7%D8%AC-%D8%A5%D9%84%D9%89-%D9%85%D8%B9%D8%B1%D9%81%D8%A9-%D9%85%D8%B9%D8%A7%D9%86%D9%8A-%D8%A3%D9%84%D9%81%D8%A7%D8%B8-%D8%A7%D9%84%D9%85%D9%86%D9%87%D8%A7%D8%AC-%D8%B7-%D8%A7%D9%84%D9%85%D8%B9%D8%B1%D9%81%D8%A9-369e473c0c3e449fbc7b05da4384d1e1,كتاب الطهارة → باب/فصل الحيض والاستحاضة والنفاس؛ exact edition/page passage still to extract,,المجموع شرح المهذب — النووي,https://www.waqfeya.net/books/%D8%A7%D9%84%D9%85%D8%AC%D9%85%D9%88%D8%B9-%D8%B4%D8%B1%D8%AD-%D8%A7%D9%84%D9%85%D9%87%D8%B0%D8%A8-%D8%B7-%D8%A7%D9%84%D8%A5%D8%B1%D8%B4%D8%A7%D8%AF-664939b4e15a420bb81af97604e8ca71,كتاب الطهارة → باب/فصل الحيض والاستحاضة والنفاس؛ exact edition/page passage still to extract,,الموسوعة الفقهية الكويتية,https://www.fiqhpedia.org/,مدخل مناسب: Istihada / related issue; exact entry to record during extraction,,,,PENDING,,,PASSAGE_EXTRACTION_REQUIRED,NOT_APPROVED_NOT_PUBLISHED
SHF-ISTI-26,shafii,Istihada,Fasting,What is the fasting status during Istihada?,ما حكم الصيام حال الاستحاضة؟,مغني المحتاج إلى معرفة معاني ألفاظ المنهاج — الخطيب الشربيني,https://waqfeya.net/books/%D9%85%D8%BA%D9%86%D9%8A-%D8%A7%D9%84%D9%85%D8%AD%D8%AA%D8%A7%D8%AC-%D8%A5%D9%84%D9%89-%D9%85%D8%B9%D8%B1%D9%81%D8%A9-%D9%85%D8%B9%D8%A7%D9%86%D9%8A-%D8%A3%D9%84%D9%81%D8%A7%D8%B8-%D8%A7%D9%84%D9%85%D9%86%D9%87%D8%A7%D8%AC-%D8%B7-%D8%A7%D9%84%D9%85%D8%B9%D8%B1%D9%81%D8%A9-369e473c0c3e449fbc7b05da4384d1e1,كتاب الطهارة → باب/فصل الحيض والاستحاضة والنفاس؛ exact edition/page passage still to extract,,المجموع شرح المهذب — النووي,https://www.waqfeya.net/books/%D8%A7%D9%84%D9%85%D8%AC%D9%85%D9%88%D8%B9-%D8%B4%D8%B1%D8%AD-%D8%A7%D9%84%D9%85%D9%87%D8%B0%D8%A8-%D8%B7-%D8%A7%D9%84%D8%A5%D8%B1%D8%B4%D8%A7%D8%AF-664939b4e15a420bb81af97604e8ca71,كتاب الطهارة → باب/فصل الحيض والاستحاضة والنفاس؛ exact edition/page passage still to extract,,الموسوعة الفقهية الكويتية,https://www.fiqhpedia.org/,مدخل مناسب: Istihada / related issue; exact entry to record during extraction,,,,PENDING,,,PASSAGE_EXTRACTION_REQUIRED,NOT_APPROVED_NOT_PUBLISHED
SHF-ISTI-27,shafii,Istihada,Ghusl,When is Ghusl required with ongoing Istihada?,متى يجب الغسل مع استمرار الاستحاضة؟,مغني المحتاج إلى معرفة معاني ألفاظ المنهاج — الخطيب الشربيني,https://waqfeya.net/books/%D9%85%D8%BA%D9%86%D9%8A-%D8%A7%D9%84%D9%85%D8%AD%D8%AA%D8%A7%D8%AC-%D8%A5%D9%84%D9%89-%D9%85%D8%B9%D8%B1%D9%81%D8%A9-%D9%85%D8%B9%D8%A7%D9%86%D9%8A-%D8%A3%D9%84%D9%81%D8%A7%D8%B8-%D8%A7%D9%84%D9%85%D9%86%D9%87%D8%A7%D8%AC-%D8%B7-%D8%A7%D9%84%D9%85%D8%B9%D8%B1%D9%81%D8%A9-369e473c0c3e449fbc7b05da4384d1e1,كتاب الطهارة → باب/فصل الحيض والاستحاضة والنفاس؛ exact edition/page passage still to extract,,المجموع شرح المهذب — النووي,https://www.waqfeya.net/books/%D8%A7%D9%84%D9%85%D8%AC%D9%85%D9%88%D8%B9-%D8%B4%D8%B1%D8%AD-%D8%A7%D9%84%D9%85%D9%87%D8%B0%D8%A8-%D8%B7-%D8%A7%D9%84%D8%A5%D8%B1%D8%B4%D8%A7%D8%AF-664939b4e15a420bb81af97604e8ca71,كتاب الطهارة → باب/فصل الحيض والاستحاضة والنفاس؛ exact edition/page passage still to extract,,الموسوعة الفقهية الكويتية,https://www.fiqhpedia.org/,مدخل مناسب: Istihada / related issue; exact entry to record during extraction,,,,PENDING,,,PASSAGE_EXTRACTION_REQUIRED,NOT_APPROVED_NOT_PUBLISHED
SHF-NIFAS-28,shafii,Nifas,Definition/start,What event starts Nifas and how is its start determined?,ما الذي يبدأ به النفاس وكيف يحدد ابتداء مدته؟,مغني المحتاج إلى معرفة معاني ألفاظ المنهاج — الخطيب الشربيني,https://waqfeya.net/books/%D9%85%D8%BA%D9%86%D9%8A-%D8%A7%D9%84%D9%85%D8%AD%D8%AA%D8%A7%D8%AC-%D8%A5%D9%84%D9%89-%D9%85%D8%B9%D8%B1%D9%81%D8%A9-%D9%85%D8%B9%D8%A7%D9%86%D9%8A-%D8%A3%D9%84%D9%81%D8%A7%D8%B8-%D8%A7%D9%84%D9%85%D9%86%D9%87%D8%A7%D8%AC-%D8%B7-%D8%A7%D9%84%D9%85%D8%B9%D8%B1%D9%81%D8%A9-369e473c0c3e449fbc7b05da4384d1e1,كتاب الطهارة → باب/فصل الحيض والاستحاضة والنفاس؛ exact edition/page passage still to extract,,المجموع شرح المهذب — النووي,https://www.waqfeya.net/books/%D8%A7%D9%84%D9%85%D8%AC%D9%85%D9%88%D8%B9-%D8%B4%D8%B1%D8%AD-%D8%A7%D9%84%D9%85%D9%87%D8%B0%D8%A8-%D8%B7-%D8%A7%D9%84%D8%A5%D8%B1%D8%B4%D8%A7%D8%AF-664939b4e15a420bb81af97604e8ca71,كتاب الطهارة → باب/فصل الحيض والاستحاضة والنفاس؛ exact edition/page passage still to extract,,الموسوعة الفقهية الكويتية,https://www.fiqhpedia.org/,مدخل مناسب: Nifas / related issue; exact entry to record during extraction,,,,PENDING,,,PASSAGE_EXTRACTION_REQUIRED,NOT_APPROVED_NOT_PUBLISHED
SHF-NIFAS-29,shafii,Nifas,Pregnancy loss,Under what pregnancy-loss conditions does bleeding count as Nifas?,تحت أي شروط يكون الدم بعد السقط أو فقد الحمل نفاسًا؟,مغني المحتاج إلى معرفة معاني ألفاظ المنهاج — الخطيب الشربيني,https://waqfeya.net/books/%D9%85%D8%BA%D9%86%D9%8A-%D8%A7%D9%84%D9%85%D8%AD%D8%AA%D8%A7%D8%AC-%D8%A5%D9%84%D9%89-%D9%85%D8%B9%D8%B1%D9%81%D8%A9-%D9%85%D8%B9%D8%A7%D9%86%D9%8A-%D8%A3%D9%84%D9%81%D8%A7%D8%B8-%D8%A7%D9%84%D9%85%D9%86%D9%87%D8%A7%D8%AC-%D8%B7-%D8%A7%D9%84%D9%85%D8%B9%D8%B1%D9%81%D8%A9-369e473c0c3e449fbc7b05da4384d1e1,كتاب الطهارة → باب/فصل الحيض والاستحاضة والنفاس؛ exact edition/page passage still to extract,,المجموع شرح المهذب — النووي,https://www.waqfeya.net/books/%D8%A7%D9%84%D9%85%D8%AC%D9%85%D9%88%D8%B9-%D8%B4%D8%B1%D8%AD-%D8%A7%D9%84%D9%85%D9%87%D8%B0%D8%A8-%D8%B7-%D8%A7%D9%84%D8%A5%D8%B1%D8%B4%D8%A7%D8%AF-664939b4e15a420bb81af97604e8ca71,كتاب الطهارة → باب/فصل الحيض والاستحاضة والنفاس؛ exact edition/page passage still to extract,,الموسوعة الفقهية الكويتية,https://www.fiqhpedia.org/,مدخل مناسب: Nifas / related issue; exact entry to record during extraction,,,,PENDING,,,PASSAGE_EXTRACTION_REQUIRED,NOT_APPROVED_NOT_PUBLISHED
SHF-NIFAS-30,shafii,Nifas,Minimum duration,Does the madhhab recognize a minimum duration of Nifas?,هل للمذهب حد أدنى للنفاس؟,مغني المحتاج إلى معرفة معاني ألفاظ المنهاج — الخطيب الشربيني,https://waqfeya.net/books/%D9%85%D8%BA%D9%86%D9%8A-%D8%A7%D9%84%D9%85%D8%AD%D8%AA%D8%A7%D8%AC-%D8%A5%D9%84%D9%89-%D9%85%D8%B9%D8%B1%D9%81%D8%A9-%D9%85%D8%B9%D8%A7%D9%86%D9%8A-%D8%A3%D9%84%D9%81%D8%A7%D8%B8-%D8%A7%D9%84%D9%85%D9%86%D9%87%D8%A7%D8%AC-%D8%B7-%D8%A7%D9%84%D9%85%D8%B9%D8%B1%D9%81%D8%A9-369e473c0c3e449fbc7b05da4384d1e1,كتاب الطهارة → باب/فصل الحيض والاستحاضة والنفاس؛ exact edition/page passage still to extract,,المجموع شرح المهذب — النووي,https://www.waqfeya.net/books/%D8%A7%D9%84%D9%85%D8%AC%D9%85%D9%88%D8%B9-%D8%B4%D8%B1%D8%AD-%D8%A7%D9%84%D9%85%D9%87%D8%B0%D8%A8-%D8%B7-%D8%A7%D9%84%D8%A5%D8%B1%D8%B4%D8%A7%D8%AF-664939b4e15a420bb81af97604e8ca71,كتاب الطهارة → باب/فصل الحيض والاستحاضة والنفاس؛ exact edition/page passage still to extract,,الموسوعة الفقهية الكويتية,https://www.fiqhpedia.org/,مدخل مناسب: Nifas / related issue; exact entry to record during extraction,,,,PENDING,,,PASSAGE_EXTRACTION_REQUIRED,NOT_APPROVED_NOT_PUBLISHED
SHF-NIFAS-31,shafii,Nifas,Maximum duration,What is the maximum duration of Nifas?,ما أكثر مدة النفاس؟,مغني المحتاج إلى معرفة معاني ألفاظ المنهاج — الخطيب الشربيني,https://waqfeya.net/books/%D9%85%D8%BA%D9%86%D9%8A-%D8%A7%D9%84%D9%85%D8%AD%D8%AA%D8%A7%D8%AC-%D8%A5%D9%84%D9%89-%D9%85%D8%B9%D8%B1%D9%81%D8%A9-%D9%85%D8%B9%D8%A7%D9%86%D9%8A-%D8%A3%D9%84%D9%81%D8%A7%D8%B8-%D8%A7%D9%84%D9%85%D9%86%D9%87%D8%A7%D8%AC-%D8%B7-%D8%A7%D9%84%D9%85%D8%B9%D8%B1%D9%81%D8%A9-369e473c0c3e449fbc7b05da4384d1e1,كتاب الطهارة → باب/فصل الحيض والاستحاضة والنفاس؛ exact edition/page passage still to extract,,المجموع شرح المهذب — النووي,https://www.waqfeya.net/books/%D8%A7%D9%84%D9%85%D8%AC%D9%85%D9%88%D8%B9-%D8%B4%D8%B1%D8%AD-%D8%A7%D9%84%D9%85%D9%87%D8%B0%D8%A8-%D8%B7-%D8%A7%D9%84%D8%A5%D8%B1%D8%B4%D8%A7%D8%AF-664939b4e15a420bb81af97604e8ca71,كتاب الطهارة → باب/فصل الحيض والاستحاضة والنفاس؛ exact edition/page passage still to extract,,الموسوعة الفقهية الكويتية,https://www.fiqhpedia.org/,مدخل مناسب: Nifas / related issue; exact entry to record during extraction,,,,PENDING,,,PASSAGE_EXTRACTION_REQUIRED,NOT_APPROVED_NOT_PUBLISHED
SHF-NIFAS-32,shafii,Nifas,Early cessation,What happens when postpartum bleeding stops before the maximum duration?,ما الحكم إذا انقطع دم النفاس قبل أكثر مدته؟,مغني المحتاج إلى معرفة معاني ألفاظ المنهاج — الخطيب الشربيني,https://waqfeya.net/books/%D9%85%D8%BA%D9%86%D9%8A-%D8%A7%D9%84%D9%85%D8%AD%D8%AA%D8%A7%D8%AC-%D8%A5%D9%84%D9%89-%D9%85%D8%B9%D8%B1%D9%81%D8%A9-%D9%85%D8%B9%D8%A7%D9%86%D9%8A-%D8%A3%D9%84%D9%81%D8%A7%D8%B8-%D8%A7%D9%84%D9%85%D9%86%D9%87%D8%A7%D8%AC-%D8%B7-%D8%A7%D9%84%D9%85%D8%B9%D8%B1%D9%81%D8%A9-369e473c0c3e449fbc7b05da4384d1e1,كتاب الطهارة → باب/فصل الحيض والاستحاضة والنفاس؛ exact edition/page passage still to extract,,المجموع شرح المهذب — النووي,https://www.waqfeya.net/books/%D8%A7%D9%84%D9%85%D8%AC%D9%85%D9%88%D8%B9-%D8%B4%D8%B1%D8%AD-%D8%A7%D9%84%D9%85%D9%87%D8%B0%D8%A8-%D8%B7-%D8%A7%D9%84%D8%A5%D8%B1%D8%B4%D8%A7%D8%AF-664939b4e15a420bb81af97604e8ca71,كتاب الطهارة → باب/فصل الحيض والاستحاضة والنفاس؛ exact edition/page passage still to extract,,الموسوعة الفقهية الكويتية,https://www.fiqhpedia.org/,مدخل مناسب: Nifas / related issue; exact entry to record during extraction,,,,PENDING,,,PASSAGE_EXTRACTION_REQUIRED,NOT_APPROVED_NOT_PUBLISHED
SHF-NIFAS-33,shafii,Nifas,Resumed bleeding,How is resumed bleeding handled after temporary purity within the possible Nifas window?,كيف يُعامل عود الدم بعد طهر متخلل داخل مدة محتملة للنفاس؟,مغني المحتاج إلى معرفة معاني ألفاظ المنهاج — الخطيب الشربيني,https://waqfeya.net/books/%D9%85%D8%BA%D9%86%D9%8A-%D8%A7%D9%84%D9%85%D8%AD%D8%AA%D8%A7%D8%AC-%D8%A5%D9%84%D9%89-%D9%85%D8%B9%D8%B1%D9%81%D8%A9-%D9%85%D8%B9%D8%A7%D9%86%D9%8A-%D8%A3%D9%84%D9%81%D8%A7%D8%B8-%D8%A7%D9%84%D9%85%D9%86%D9%87%D8%A7%D8%AC-%D8%B7-%D8%A7%D9%84%D9%85%D8%B9%D8%B1%D9%81%D8%A9-369e473c0c3e449fbc7b05da4384d1e1,كتاب الطهارة → باب/فصل الحيض والاستحاضة والنفاس؛ exact edition/page passage still to extract,,المجموع شرح المهذب — النووي,https://www.waqfeya.net/books/%D8%A7%D9%84%D9%85%D8%AC%D9%85%D9%88%D8%B9-%D8%B4%D8%B1%D8%AD-%D8%A7%D9%84%D9%85%D9%87%D8%B0%D8%A8-%D8%B7-%D8%A7%D9%84%D8%A5%D8%B1%D8%B4%D8%A7%D8%AF-664939b4e15a420bb81af97604e8ca71,كتاب الطهارة → باب/فصل الحيض والاستحاضة والنفاس؛ exact edition/page passage still to extract,,الموسوعة الفقهية الكويتية,https://www.fiqhpedia.org/,مدخل مناسب: Nifas / related issue; exact entry to record during extraction,,,,PENDING,,,PASSAGE_EXTRACTION_REQUIRED,NOT_APPROVED_NOT_PUBLISHED
SHF-NIFAS-34,shafii,Nifas,Beyond maximum,How is bleeding beyond the Nifas maximum classified?,كيف يُصنف الدم الذي يتجاوز أكثر النفاس؟,مغني المحتاج إلى معرفة معاني ألفاظ المنهاج — الخطيب الشربيني,https://waqfeya.net/books/%D9%85%D8%BA%D9%86%D9%8A-%D8%A7%D9%84%D9%85%D8%AD%D8%AA%D8%A7%D8%AC-%D8%A5%D9%84%D9%89-%D9%85%D8%B9%D8%B1%D9%81%D8%A9-%D9%85%D8%B9%D8%A7%D9%86%D9%8A-%D8%A3%D9%84%D9%81%D8%A7%D8%B8-%D8%A7%D9%84%D9%85%D9%86%D9%87%D8%A7%D8%AC-%D8%B7-%D8%A7%D9%84%D9%85%D8%B9%D8%B1%D9%81%D8%A9-369e473c0c3e449fbc7b05da4384d1e1,كتاب الطهارة → باب/فصل الحيض والاستحاضة والنفاس؛ exact edition/page passage still to extract,,المجموع شرح المهذب — النووي,https://www.waqfeya.net/books/%D8%A7%D9%84%D9%85%D8%AC%D9%85%D9%88%D8%B9-%D8%B4%D8%B1%D8%AD-%D8%A7%D9%84%D9%85%D9%87%D8%B0%D8%A8-%D8%B7-%D8%A7%D9%84%D8%A5%D8%B1%D8%B4%D8%A7%D8%AF-664939b4e15a420bb81af97604e8ca71,كتاب الطهارة → باب/فصل الحيض والاستحاضة والنفاس؛ exact edition/page passage still to extract,,الموسوعة الفقهية الكويتية,https://www.fiqhpedia.org/,مدخل مناسب: Nifas / related issue; exact entry to record during extraction,,,,PENDING,,,PASSAGE_EXTRACTION_REQUIRED,NOT_APPROVED_NOT_PUBLISHED
SHF-NIFAS-35,shafii,Nifas,Multiple births,How is Nifas timing handled in twin or multiple births?,كيف تُحسب مدة النفاس في ولادة التوائم أو تعدد المواليد؟,مغني المحتاج إلى معرفة معاني ألفاظ المنهاج — الخطيب الشربيني,https://waqfeya.net/books/%D9%85%D8%BA%D9%86%D9%8A-%D8%A7%D9%84%D9%85%D8%AD%D8%AA%D8%A7%D8%AC-%D8%A5%D9%84%D9%89-%D9%85%D8%B9%D8%B1%D9%81%D8%A9-%D9%85%D8%B9%D8%A7%D9%86%D9%8A-%D8%A3%D9%84%D9%81%D8%A7%D8%B8-%D8%A7%D9%84%D9%85%D9%86%D9%87%D8%A7%D8%AC-%D8%B7-%D8%A7%D9%84%D9%85%D8%B9%D8%B1%D9%81%D8%A9-369e473c0c3e449fbc7b05da4384d1e1,كتاب الطهارة → باب/فصل الحيض والاستحاضة والنفاس؛ exact edition/page passage still to extract,,المجموع شرح المهذب — النووي,https://www.waqfeya.net/books/%D8%A7%D9%84%D9%85%D8%AC%D9%85%D9%88%D8%B9-%D8%B4%D8%B1%D8%AD-%D8%A7%D9%84%D9%85%D9%87%D8%B0%D8%A8-%D8%B7-%D8%A7%D9%84%D8%A5%D8%B1%D8%B4%D8%A7%D8%AF-664939b4e15a420bb81af97604e8ca71,كتاب الطهارة → باب/فصل الحيض والاستحاضة والنفاس؛ exact edition/page passage still to extract,,الموسوعة الفقهية الكويتية,https://www.fiqhpedia.org/,مدخل مناسب: Nifas / related issue; exact entry to record during extraction,,,,PENDING,,,PASSAGE_EXTRACTION_REQUIRED,NOT_APPROVED_NOT_PUBLISHED
SHF-NIFAS-36,shafii,Nifas,Prayer and fasting,What are the effects of Nifas on Salah and fasting?,ما أثر النفاس على الصلاة والصيام؟,مغني المحتاج إلى معرفة معاني ألفاظ المنهاج — الخطيب الشربيني,https://waqfeya.net/books/%D9%85%D8%BA%D9%86%D9%8A-%D8%A7%D9%84%D9%85%D8%AD%D8%AA%D8%A7%D8%AC-%D8%A5%D9%84%D9%89-%D9%85%D8%B9%D8%B1%D9%81%D8%A9-%D9%85%D8%B9%D8%A7%D9%86%D9%8A-%D8%A3%D9%84%D9%81%D8%A7%D8%B8-%D8%A7%D9%84%D9%85%D9%86%D9%87%D8%A7%D8%AC-%D8%B7-%D8%A7%D9%84%D9%85%D8%B9%D8%B1%D9%81%D8%A9-369e473c0c3e449fbc7b05da4384d1e1,كتاب الطهارة → باب/فصل الحيض والاستحاضة والنفاس؛ exact edition/page passage still to extract,,المجموع شرح المهذب — النووي,https://www.waqfeya.net/books/%D8%A7%D9%84%D9%85%D8%AC%D9%85%D9%88%D8%B9-%D8%B4%D8%B1%D8%AD-%D8%A7%D9%84%D9%85%D9%87%D8%B0%D8%A8-%D8%B7-%D8%A7%D9%84%D8%A5%D8%B1%D8%B4%D8%A7%D8%AF-664939b4e15a420bb81af97604e8ca71,كتاب الطهارة → باب/فصل الحيض والاستحاضة والنفاس؛ exact edition/page passage still to extract,,الموسوعة الفقهية الكويتية,https://www.fiqhpedia.org/,مدخل مناسب: Nifas / related issue; exact entry to record during extraction,,,,PENDING,,,PASSAGE_EXTRACTION_REQUIRED,NOT_APPROVED_NOT_PUBLISHED
SHF-NIFAS-37,shafii,Nifas,Ghusl,When is Ghusl required after Nifas?,متى يجب الغسل بعد النفاس؟,مغني المحتاج إلى معرفة معاني ألفاظ المنهاج — الخطيب الشربيني,https://waqfeya.net/books/%D9%85%D8%BA%D9%86%D9%8A-%D8%A7%D9%84%D9%85%D8%AD%D8%AA%D8%A7%D8%AC-%D8%A5%D9%84%D9%89-%D9%85%D8%B9%D8%B1%D9%81%D8%A9-%D9%85%D8%B9%D8%A7%D9%86%D9%8A-%D8%A3%D9%84%D9%81%D8%A7%D8%B8-%D8%A7%D9%84%D9%85%D9%86%D9%87%D8%A7%D8%AC-%D8%B7-%D8%A7%D9%84%D9%85%D8%B9%D8%B1%D9%81%D8%A9-369e473c0c3e449fbc7b05da4384d1e1,كتاب الطهارة → باب/فصل الحيض والاستحاضة والنفاس؛ exact edition/page passage still to extract,,المجموع شرح المهذب — النووي,https://www.waqfeya.net/books/%D8%A7%D9%84%D9%85%D8%AC%D9%85%D9%88%D8%B9-%D8%B4%D8%B1%D8%AD-%D8%A7%D9%84%D9%85%D9%87%D8%B0%D8%A8-%D8%B7-%D8%A7%D9%84%D8%A5%D8%B1%D8%B4%D8%A7%D8%AF-664939b4e15a420bb81af97604e8ca71,كتاب الطهارة → باب/فصل الحيض والاستحاضة والنفاس؛ exact edition/page passage still to extract,,الموسوعة الفقهية الكويتية,https://www.fiqhpedia.org/,مدخل مناسب: Nifas / related issue; exact entry to record during extraction,,,,PENDING,,,PASSAGE_EXTRACTION_REQUIRED,NOT_APPROVED_NOT_PUBLISHED
SHF-TRANS-38,shafii,Transition,Purity before prayer time ends,"If Tahara occurs before a prayer time ends, what prayer obligation follows?",إذا حصل الطهر قبل خروج وقت الصلاة، فما الصلاة الواجبة؟,مغني المحتاج إلى معرفة معاني ألفاظ المنهاج — الخطيب الشربيني,https://waqfeya.net/books/%D9%85%D8%BA%D9%86%D9%8A-%D8%A7%D9%84%D9%85%D8%AD%D8%AA%D8%A7%D8%AC-%D8%A5%D9%84%D9%89-%D9%85%D8%B9%D8%B1%D9%81%D8%A9-%D9%85%D8%B9%D8%A7%D9%86%D9%8A-%D8%A3%D9%84%D9%81%D8%A7%D8%B8-%D8%A7%D9%84%D9%85%D9%86%D9%87%D8%A7%D8%AC-%D8%B7-%D8%A7%D9%84%D9%85%D8%B9%D8%B1%D9%81%D8%A9-369e473c0c3e449fbc7b05da4384d1e1,كتاب الطهارة → باب/فصل الحيض والاستحاضة والنفاس؛ exact edition/page passage still to extract,,المجموع شرح المهذب — النووي,https://www.waqfeya.net/books/%D8%A7%D9%84%D9%85%D8%AC%D9%85%D9%88%D8%B9-%D8%B4%D8%B1%D8%AD-%D8%A7%D9%84%D9%85%D9%87%D8%B0%D8%A8-%D8%B7-%D8%A7%D9%84%D8%A5%D8%B1%D8%B4%D8%A7%D8%AF-664939b4e15a420bb81af97604e8ca71,كتاب الطهارة → باب/فصل الحيض والاستحاضة والنفاس؛ exact edition/page passage still to extract,,الموسوعة الفقهية الكويتية,https://www.fiqhpedia.org/,مدخل مناسب: Transition / related issue; exact entry to record during extraction,,,,PENDING,,,PASSAGE_EXTRACTION_REQUIRED,NOT_APPROVED_NOT_PUBLISHED
SHF-TRANS-39,shafii,Transition,Bleeding after prayer time enters,"If Haid begins after prayer time has entered, is that prayer later owed?",إذا بدأ الحيض بعد دخول وقت الصلاة، فهل يجب قضاء تلك الصلاة؟,مغني المحتاج إلى معرفة معاني ألفاظ المنهاج — الخطيب الشربيني,https://waqfeya.net/books/%D9%85%D8%BA%D9%86%D9%8A-%D8%A7%D9%84%D9%85%D8%AD%D8%AA%D8%A7%D8%AC-%D8%A5%D9%84%D9%89-%D9%85%D8%B9%D8%B1%D9%81%D8%A9-%D9%85%D8%B9%D8%A7%D9%86%D9%8A-%D8%A3%D9%84%D9%81%D8%A7%D8%B8-%D8%A7%D9%84%D9%85%D9%86%D9%87%D8%A7%D8%AC-%D8%B7-%D8%A7%D9%84%D9%85%D8%B9%D8%B1%D9%81%D8%A9-369e473c0c3e449fbc7b05da4384d1e1,كتاب الطهارة → باب/فصل الحيض والاستحاضة والنفاس؛ exact edition/page passage still to extract,,المجموع شرح المهذب — النووي,https://www.waqfeya.net/books/%D8%A7%D9%84%D9%85%D8%AC%D9%85%D9%88%D8%B9-%D8%B4%D8%B1%D8%AD-%D8%A7%D9%84%D9%85%D9%87%D8%B0%D8%A8-%D8%B7-%D8%A7%D9%84%D8%A5%D8%B1%D8%B4%D8%A7%D8%AF-664939b4e15a420bb81af97604e8ca71,كتاب الطهارة → باب/فصل الحيض والاستحاضة والنفاس؛ exact edition/page passage still to extract,,الموسوعة الفقهية الكويتية,https://www.fiqhpedia.org/,مدخل مناسب: Transition / related issue; exact entry to record during extraction,,,,PENDING,,,PASSAGE_EXTRACTION_REQUIRED,NOT_APPROVED_NOT_PUBLISHED
SHF-TRANS-40,shafii,Transition,Purity before Fajr,"If Tahara is established before Fajr, what is the fasting obligation for that day?",إذا تحقق الطهر قبل الفجر، فما حكم صيام ذلك اليوم؟,مغني المحتاج إلى معرفة معاني ألفاظ المنهاج — الخطيب الشربيني,https://waqfeya.net/books/%D9%85%D8%BA%D9%86%D9%8A-%D8%A7%D9%84%D9%85%D8%AD%D8%AA%D8%A7%D8%AC-%D8%A5%D9%84%D9%89-%D9%85%D8%B9%D8%B1%D9%81%D8%A9-%D9%85%D8%B9%D8%A7%D9%86%D9%8A-%D8%A3%D9%84%D9%81%D8%A7%D8%B8-%D8%A7%D9%84%D9%85%D9%86%D9%87%D8%A7%D8%AC-%D8%B7-%D8%A7%D9%84%D9%85%D8%B9%D8%B1%D9%81%D8%A9-369e473c0c3e449fbc7b05da4384d1e1,كتاب الطهارة → باب/فصل الحيض والاستحاضة والنفاس؛ exact edition/page passage still to extract,,المجموع شرح المهذب — النووي,https://www.waqfeya.net/books/%D8%A7%D9%84%D9%85%D8%AC%D9%85%D9%88%D8%B9-%D8%B4%D8%B1%D8%AD-%D8%A7%D9%84%D9%85%D9%87%D8%B0%D8%A8-%D8%B7-%D8%A7%D9%84%D8%A5%D8%B1%D8%B4%D8%A7%D8%AF-664939b4e15a420bb81af97604e8ca71,كتاب الطهارة → باب/فصل الحيض والاستحاضة والنفاس؛ exact edition/page passage still to extract,,الموسوعة الفقهية الكويتية,https://www.fiqhpedia.org/,مدخل مناسب: Transition / related issue; exact entry to record during extraction,,,,PENDING,,,PASSAGE_EXTRACTION_REQUIRED,NOT_APPROVED_NOT_PUBLISHED
SHF-TRANS-41,shafii,Transition,Purity after Fajr,"If Tahara occurs after Fajr, how is that day's fast treated?",إذا حصل الطهر بعد الفجر، فما حكم صيام ذلك اليوم؟,مغني المحتاج إلى معرفة معاني ألفاظ المنهاج — الخطيب الشربيني,https://waqfeya.net/books/%D9%85%D8%BA%D9%86%D9%8A-%D8%A7%D9%84%D9%85%D8%AD%D8%AA%D8%A7%D8%AC-%D8%A5%D9%84%D9%89-%D9%85%D8%B9%D8%B1%D9%81%D8%A9-%D9%85%D8%B9%D8%A7%D9%86%D9%8A-%D8%A3%D9%84%D9%81%D8%A7%D8%B8-%D8%A7%D9%84%D9%85%D9%86%D9%87%D8%A7%D8%AC-%D8%B7-%D8%A7%D9%84%D9%85%D8%B9%D8%B1%D9%81%D8%A9-369e473c0c3e449fbc7b05da4384d1e1,كتاب الطهارة → باب/فصل الحيض والاستحاضة والنفاس؛ exact edition/page passage still to extract,,المجموع شرح المهذب — النووي,https://www.waqfeya.net/books/%D8%A7%D9%84%D9%85%D8%AC%D9%85%D9%88%D8%B9-%D8%B4%D8%B1%D8%AD-%D8%A7%D9%84%D9%85%D9%87%D8%B0%D8%A8-%D8%B7-%D8%A7%D9%84%D8%A5%D8%B1%D8%B4%D8%A7%D8%AF-664939b4e15a420bb81af97604e8ca71,كتاب الطهارة → باب/فصل الحيض والاستحاضة والنفاس؛ exact edition/page passage still to extract,,الموسوعة الفقهية الكويتية,https://www.fiqhpedia.org/,مدخل مناسب: Transition / related issue; exact entry to record during extraction,,,,PENDING,,,PASSAGE_EXTRACTION_REQUIRED,NOT_APPROVED_NOT_PUBLISHED
SHF-TRANS-42,shafii,Transition,Bleeding begins during fast,"If menstrual bleeding begins before sunset during a fast, what is the status of that fast?",إذا بدأ الحيض قبل غروب الشمس أثناء الصيام، فما حكم ذلك الصوم؟,مغني المحتاج إلى معرفة معاني ألفاظ المنهاج — الخطيب الشربيني,https://waqfeya.net/books/%D9%85%D8%BA%D9%86%D9%8A-%D8%A7%D9%84%D9%85%D8%AD%D8%AA%D8%A7%D8%AC-%D8%A5%D9%84%D9%89-%D9%85%D8%B9%D8%B1%D9%81%D8%A9-%D9%85%D8%B9%D8%A7%D9%86%D9%8A-%D8%A3%D9%84%D9%81%D8%A7%D8%B8-%D8%A7%D9%84%D9%85%D9%86%D9%87%D8%A7%D8%AC-%D8%B7-%D8%A7%D9%84%D9%85%D8%B9%D8%B1%D9%81%D8%A9-369e473c0c3e449fbc7b05da4384d1e1,كتاب الطهارة → باب/فصل الحيض والاستحاضة والنفاس؛ exact edition/page passage still to extract,,المجموع شرح المهذب — النووي,https://www.waqfeya.net/books/%D8%A7%D9%84%D9%85%D8%AC%D9%85%D9%88%D8%B9-%D8%B4%D8%B1%D8%AD-%D8%A7%D9%84%D9%85%D9%87%D8%B0%D8%A8-%D8%B7-%D8%A7%D9%84%D8%A5%D8%B1%D8%B4%D8%A7%D8%AF-664939b4e15a420bb81af97604e8ca71,كتاب الطهارة → باب/فصل الحيض والاستحاضة والنفاس؛ exact edition/page passage still to extract,,الموسوعة الفقهية الكويتية,https://www.fiqhpedia.org/,مدخل مناسب: Transition / related issue; exact entry to record during extraction,,,,PENDING,,,PASSAGE_EXTRACTION_REQUIRED,NOT_APPROVED_NOT_PUBLISHED
SHF-TRANS-43,shafii,Transition,Prayer qada,"Which prayers, if any, are made up after Haid or Nifas?",ما الصلوات التي تُقضى - إن وجدت - بعد الحيض أو النفاس؟,مغني المحتاج إلى معرفة معاني ألفاظ المنهاج — الخطيب الشربيني,https://waqfeya.net/books/%D9%85%D8%BA%D9%86%D9%8A-%D8%A7%D9%84%D9%85%D8%AD%D8%AA%D8%A7%D8%AC-%D8%A5%D9%84%D9%89-%D9%85%D8%B9%D8%B1%D9%81%D8%A9-%D9%85%D8%B9%D8%A7%D9%86%D9%8A-%D8%A3%D9%84%D9%81%D8%A7%D8%B8-%D8%A7%D9%84%D9%85%D9%86%D9%87%D8%A7%D8%AC-%D8%B7-%D8%A7%D9%84%D9%85%D8%B9%D8%B1%D9%81%D8%A9-369e473c0c3e449fbc7b05da4384d1e1,كتاب الطهارة → باب/فصل الحيض والاستحاضة والنفاس؛ exact edition/page passage still to extract,,المجموع شرح المهذب — النووي,https://www.waqfeya.net/books/%D8%A7%D9%84%D9%85%D8%AC%D9%85%D9%88%D8%B9-%D8%B4%D8%B1%D8%AD-%D8%A7%D9%84%D9%85%D9%87%D8%B0%D8%A8-%D8%B7-%D8%A7%D9%84%D8%A5%D8%B1%D8%B4%D8%A7%D8%AF-664939b4e15a420bb81af97604e8ca71,كتاب الطهارة → باب/فصل الحيض والاستحاضة والنفاس؛ exact edition/page passage still to extract,,الموسوعة الفقهية الكويتية,https://www.fiqhpedia.org/,مدخل مناسب: Transition / related issue; exact entry to record during extraction,,,,PENDING,,,PASSAGE_EXTRACTION_REQUIRED,NOT_APPROVED_NOT_PUBLISHED
SHF-TRANS-44,shafii,Transition,Fasting qada,Which obligatory fasts must be made up after Haid or Nifas?,ما الصيام الواجب قضاؤه بعد الحيض أو النفاس؟,مغني المحتاج إلى معرفة معاني ألفاظ المنهاج — الخطيب الشربيني,https://waqfeya.net/books/%D9%85%D8%BA%D9%86%D9%8A-%D8%A7%D9%84%D9%85%D8%AD%D8%AA%D8%A7%D8%AC-%D8%A5%D9%84%D9%89-%D9%85%D8%B9%D8%B1%D9%81%D8%A9-%D9%85%D8%B9%D8%A7%D9%86%D9%8A-%D8%A3%D9%84%D9%81%D8%A7%D8%B8-%D8%A7%D9%84%D9%85%D9%86%D9%87%D8%A7%D8%AC-%D8%B7-%D8%A7%D9%84%D9%85%D8%B9%D8%B1%D9%81%D8%A9-369e473c0c3e449fbc7b05da4384d1e1,كتاب الطهارة → باب/فصل الحيض والاستحاضة والنفاس؛ exact edition/page passage still to extract,,المجموع شرح المهذب — النووي,https://www.waqfeya.net/books/%D8%A7%D9%84%D9%85%D8%AC%D9%85%D9%88%D8%B9-%D8%B4%D8%B1%D8%AD-%D8%A7%D9%84%D9%85%D9%87%D8%B0%D8%A8-%D8%B7-%D8%A7%D9%84%D8%A5%D8%B1%D8%B4%D8%A7%D8%AF-664939b4e15a420bb81af97604e8ca71,كتاب الطهارة → باب/فصل الحيض والاستحاضة والنفاس؛ exact edition/page passage still to extract,,الموسوعة الفقهية الكويتية,https://www.fiqhpedia.org/,مدخل مناسب: Transition / related issue; exact entry to record during extraction,,,,PENDING,,,PASSAGE_EXTRACTION_REQUIRED,NOT_APPROVED_NOT_PUBLISHED
SHF-TRANS-45,shafii,Transition,Uncertain purity/classification,"When purity or classification is uncertain, what may Niswah safely state without inventing a ruling?",عند الشك في الطهر أو التصنيف، ما الذي يجوز لنسوة قوله بأمان دون اختلاق حكم؟,مغني المحتاج إلى معرفة معاني ألفاظ المنهاج — الخطيب الشربيني,https://waqfeya.net/books/%D9%85%D8%BA%D9%86%D9%8A-%D8%A7%D9%84%D9%85%D8%AD%D8%AA%D8%A7%D8%AC-%D8%A5%D9%84%D9%89-%D9%85%D8%B9%D8%B1%D9%81%D8%A9-%D9%85%D8%B9%D8%A7%D9%86%D9%8A-%D8%A3%D9%84%D9%81%D8%A7%D8%B8-%D8%A7%D9%84%D9%85%D9%86%D9%87%D8%A7%D8%AC-%D8%B7-%D8%A7%D9%84%D9%85%D8%B9%D8%B1%D9%81%D8%A9-369e473c0c3e449fbc7b05da4384d1e1,كتاب الطهارة → باب/فصل الحيض والاستحاضة والنفاس؛ exact edition/page passage still to extract,,المجموع شرح المهذب — النووي,https://www.waqfeya.net/books/%D8%A7%D9%84%D9%85%D8%AC%D9%85%D9%88%D8%B9-%D8%B4%D8%B1%D8%AD-%D8%A7%D9%84%D9%85%D9%87%D8%B0%D8%A8-%D8%B7-%D8%A7%D9%84%D8%A5%D8%B1%D8%B4%D8%A7%D8%AF-664939b4e15a420bb81af97604e8ca71,كتاب الطهارة → باب/فصل الحيض والاستحاضة والنفاس؛ exact edition/page passage still to extract,,الموسوعة الفقهية الكويتية,https://www.fiqhpedia.org/,مدخل مناسب: Transition / related issue; exact entry to record during extraction,,,,PENDING,,,PASSAGE_EXTRACTION_REQUIRED,NOT_APPROVED_NOT_PUBLISHED
HNB-HAID-01,hanbali,Haid,Qualifying bleeding,What conditions make bleeding eligible to be classified as Haid?,ما الشروط التي تجعل الدم صالحًا للحكم عليه بأنه حيض؟,كشاف القناع عن متن الإقناع — البهوتي,https://waqfeya.net/books/%D9%83%D8%B4%D8%A7%D9%81-%D8%A7%D9%84%D9%82%D9%86%D8%A7%D8%B9-%D8%B9%D9%86-%D8%A7%D9%84%D8%A5%D9%82%D9%86%D8%A7%D8%B9--%D8%B7-%D9%88%D8%B2%D8%A7%D8%B1%D8%A9-%D8%A7%D9%84%D8%B9%D8%AF%D9%84/c16e5d8a71d34baf9a06a7a0bbbe13bc,كتاب الطهارة → باب/فصل الحيض والاستحاضة والنفاس؛ exact edition/page passage still to extract,,المغني — ابن قدامة,https://www.islamweb.net/ar/library/content/15/381/%D9%81%D8%B5%D9%84-%D9%84%D8%A7-%D8%AA%D9%83%D9%88%D9%86-%D8%A7%D9%84%D9%85%D8%B1%D8%A3%D8%A9-%D9%85%D8%B9%D8%AA%D8%A7%D8%AF%D8%A9-%D8%AD%D8%AA%D9%89-%D8%AA%D8%B9%D8%B1%D9%81-%D8%B4%D9%87%D8%B1%D9%87%D8%A7,كتاب الطهارة → باب/فصل الحيض والاستحاضة والنفاس؛ exact edition/page passage still to extract,,الموسوعة الفقهية الكويتية,https://www.fiqhpedia.org/,مدخل مناسب: Haid / related issue; exact entry to record during extraction,,,,PENDING,,,PASSAGE_EXTRACTION_REQUIRED,NOT_APPROVED_NOT_PUBLISHED
HNB-HAID-02,hanbali,Haid,Age / eligibility,What age or maturity constraints affect whether bleeding may be Haid?,ما القيود المتعلقة بالعمر أو البلوغ التي تؤثر في إمكان اعتبار الدم حيضًا؟,كشاف القناع عن متن الإقناع — البهوتي,https://waqfeya.net/books/%D9%83%D8%B4%D8%A7%D9%81-%D8%A7%D9%84%D9%82%D9%86%D8%A7%D8%B9-%D8%B9%D9%86-%D8%A7%D9%84%D8%A5%D9%82%D9%86%D8%A7%D8%B9--%D8%B7-%D9%88%D8%B2%D8%A7%D8%B1%D8%A9-%D8%A7%D9%84%D8%B9%D8%AF%D9%84/c16e5d8a71d34baf9a06a7a0bbbe13bc,كتاب الطهارة → باب/فصل الحيض والاستحاضة والنفاس؛ exact edition/page passage still to extract,,المغني — ابن قدامة,https://www.islamweb.net/ar/library/content/15/381/%D9%81%D8%B5%D9%84-%D9%84%D8%A7-%D8%AA%D9%83%D9%88%D9%86-%D8%A7%D9%84%D9%85%D8%B1%D8%A3%D8%A9-%D9%85%D8%B9%D8%AA%D8%A7%D8%AF%D8%A9-%D8%AD%D8%AA%D9%89-%D8%AA%D8%B9%D8%B1%D9%81-%D8%B4%D9%87%D8%B1%D9%87%D8%A7,كتاب الطهارة → باب/فصل الحيض والاستحاضة والنفاس؛ exact edition/page passage still to extract,,الموسوعة الفقهية الكويتية,https://www.fiqhpedia.org/,مدخل مناسب: Haid / related issue; exact entry to record during extraction,,,,PENDING,,,PASSAGE_EXTRACTION_REQUIRED,NOT_APPROVED_NOT_PUBLISHED
HNB-HAID-03,hanbali,Haid,Pregnancy bleeding,"Can bleeding during pregnancy be classified as Haid, and under what conditions?",هل يمكن اعتبار الدم أثناء الحمل حيضًا، وتحت أي شروط؟,كشاف القناع عن متن الإقناع — البهوتي,https://waqfeya.net/books/%D9%83%D8%B4%D8%A7%D9%81-%D8%A7%D9%84%D9%82%D9%86%D8%A7%D8%B9-%D8%B9%D9%86-%D8%A7%D9%84%D8%A5%D9%82%D9%86%D8%A7%D8%B9--%D8%B7-%D9%88%D8%B2%D8%A7%D8%B1%D8%A9-%D8%A7%D9%84%D8%B9%D8%AF%D9%84/c16e5d8a71d34baf9a06a7a0bbbe13bc,كتاب الطهارة → باب/فصل الحيض والاستحاضة والنفاس؛ exact edition/page passage still to extract,,المغني — ابن قدامة,https://www.islamweb.net/ar/library/content/15/381/%D9%81%D8%B5%D9%84-%D9%84%D8%A7-%D8%AA%D9%83%D9%88%D9%86-%D8%A7%D9%84%D9%85%D8%B1%D8%A3%D8%A9-%D9%85%D8%B9%D8%AA%D8%A7%D8%AF%D8%A9-%D8%AD%D8%AA%D9%89-%D8%AA%D8%B9%D8%B1%D9%81-%D8%B4%D9%87%D8%B1%D9%87%D8%A7,كتاب الطهارة → باب/فصل الحيض والاستحاضة والنفاس؛ exact edition/page passage still to extract,,الموسوعة الفقهية الكويتية,https://www.fiqhpedia.org/,مدخل مناسب: Haid / related issue; exact entry to record during extraction,,,,PENDING,,,PASSAGE_EXTRACTION_REQUIRED,NOT_APPROVED_NOT_PUBLISHED
HNB-HAID-04,hanbali,Haid,Minimum duration,What is the minimum duration/amount required for a valid Haid classification?,ما أقل مدة أو قدر معتبر لصحة الحكم بالحيض؟,كشاف القناع عن متن الإقناع — البهوتي,https://waqfeya.net/books/%D9%83%D8%B4%D8%A7%D9%81-%D8%A7%D9%84%D9%82%D9%86%D8%A7%D8%B9-%D8%B9%D9%86-%D8%A7%D9%84%D8%A5%D9%82%D9%86%D8%A7%D8%B9--%D8%B7-%D9%88%D8%B2%D8%A7%D8%B1%D8%A9-%D8%A7%D9%84%D8%B9%D8%AF%D9%84/c16e5d8a71d34baf9a06a7a0bbbe13bc,كتاب الطهارة → باب/فصل الحيض والاستحاضة والنفاس؛ exact edition/page passage still to extract,,المغني — ابن قدامة,https://www.islamweb.net/ar/library/content/15/381/%D9%81%D8%B5%D9%84-%D9%84%D8%A7-%D8%AA%D9%83%D9%88%D9%86-%D8%A7%D9%84%D9%85%D8%B1%D8%A3%D8%A9-%D9%85%D8%B9%D8%AA%D8%A7%D8%AF%D8%A9-%D8%AD%D8%AA%D9%89-%D8%AA%D8%B9%D8%B1%D9%81-%D8%B4%D9%87%D8%B1%D9%87%D8%A7,كتاب الطهارة → باب/فصل الحيض والاستحاضة والنفاس؛ exact edition/page passage still to extract,,الموسوعة الفقهية الكويتية,https://www.fiqhpedia.org/,مدخل مناسب: Haid / related issue; exact entry to record during extraction,,,,PENDING,,,PASSAGE_EXTRACTION_REQUIRED,NOT_APPROVED_NOT_PUBLISHED
HNB-HAID-05,hanbali,Haid,Maximum duration,What is the maximum duration of Haid before excess bleeding is treated differently?,ما أكثر مدة الحيض قبل أن يعامل الدم الزائد بحكم آخر؟,كشاف القناع عن متن الإقناع — البهوتي,https://waqfeya.net/books/%D9%83%D8%B4%D8%A7%D9%81-%D8%A7%D9%84%D9%82%D9%86%D8%A7%D8%B9-%D8%B9%D9%86-%D8%A7%D9%84%D8%A5%D9%82%D9%86%D8%A7%D8%B9--%D8%B7-%D9%88%D8%B2%D8%A7%D8%B1%D8%A9-%D8%A7%D9%84%D8%B9%D8%AF%D9%84/c16e5d8a71d34baf9a06a7a0bbbe13bc,كتاب الطهارة → باب/فصل الحيض والاستحاضة والنفاس؛ exact edition/page passage still to extract,,المغني — ابن قدامة,https://www.islamweb.net/ar/library/content/15/381/%D9%81%D8%B5%D9%84-%D9%84%D8%A7-%D8%AA%D9%83%D9%88%D9%86-%D8%A7%D9%84%D9%85%D8%B1%D8%A3%D8%A9-%D9%85%D8%B9%D8%AA%D8%A7%D8%AF%D8%A9-%D8%AD%D8%AA%D9%89-%D8%AA%D8%B9%D8%B1%D9%81-%D8%B4%D9%87%D8%B1%D9%87%D8%A7,كتاب الطهارة → باب/فصل الحيض والاستحاضة والنفاس؛ exact edition/page passage still to extract,,الموسوعة الفقهية الكويتية,https://www.fiqhpedia.org/,مدخل مناسب: Haid / related issue; exact entry to record during extraction,,,,PENDING,,,PASSAGE_EXTRACTION_REQUIRED,NOT_APPROVED_NOT_PUBLISHED
HNB-HAID-06,hanbali,Haid,Minimum Tuhr,What minimum interval of purity is required between two separate menstrual episodes?,ما أقل مدة للطهر بين حيضتين مستقلتين؟,كشاف القناع عن متن الإقناع — البهوتي,https://waqfeya.net/books/%D9%83%D8%B4%D8%A7%D9%81-%D8%A7%D9%84%D9%82%D9%86%D8%A7%D8%B9-%D8%B9%D9%86-%D8%A7%D9%84%D8%A5%D9%82%D9%86%D8%A7%D8%B9--%D8%B7-%D9%88%D8%B2%D8%A7%D8%B1%D8%A9-%D8%A7%D9%84%D8%B9%D8%AF%D9%84/c16e5d8a71d34baf9a06a7a0bbbe13bc,كتاب الطهارة → باب/فصل الحيض والاستحاضة والنفاس؛ exact edition/page passage still to extract,,المغني — ابن قدامة,https://www.islamweb.net/ar/library/content/15/381/%D9%81%D8%B5%D9%84-%D9%84%D8%A7-%D8%AA%D9%83%D9%88%D9%86-%D8%A7%D9%84%D9%85%D8%B1%D8%A3%D8%A9-%D9%85%D8%B9%D8%AA%D8%A7%D8%AF%D8%A9-%D8%AD%D8%AA%D9%89-%D8%AA%D8%B9%D8%B1%D9%81-%D8%B4%D9%87%D8%B1%D9%87%D8%A7,كتاب الطهارة → باب/فصل الحيض والاستحاضة والنفاس؛ exact edition/page passage still to extract,,الموسوعة الفقهية الكويتية,https://www.fiqhpedia.org/,مدخل مناسب: Haid / related issue; exact entry to record during extraction,,,,PENDING,,,PASSAGE_EXTRACTION_REQUIRED,NOT_APPROVED_NOT_PUBLISHED
HNB-HAID-07,hanbali,Haid,Maximum Tuhr,"Is there a maximum duration of purity, and does it affect classification?",هل للطهر حد أقصى، وهل يؤثر ذلك في التصنيف؟,كشاف القناع عن متن الإقناع — البهوتي,https://waqfeya.net/books/%D9%83%D8%B4%D8%A7%D9%81-%D8%A7%D9%84%D9%82%D9%86%D8%A7%D8%B9-%D8%B9%D9%86-%D8%A7%D9%84%D8%A5%D9%82%D9%86%D8%A7%D8%B9--%D8%B7-%D9%88%D8%B2%D8%A7%D8%B1%D8%A9-%D8%A7%D9%84%D8%B9%D8%AF%D9%84/c16e5d8a71d34baf9a06a7a0bbbe13bc,كتاب الطهارة → باب/فصل الحيض والاستحاضة والنفاس؛ exact edition/page passage still to extract,,المغني — ابن قدامة,https://www.islamweb.net/ar/library/content/15/381/%D9%81%D8%B5%D9%84-%D9%84%D8%A7-%D8%AA%D9%83%D9%88%D9%86-%D8%A7%D9%84%D9%85%D8%B1%D8%A3%D8%A9-%D9%85%D8%B9%D8%AA%D8%A7%D8%AF%D8%A9-%D8%AD%D8%AA%D9%89-%D8%AA%D8%B9%D8%B1%D9%81-%D8%B4%D9%87%D8%B1%D9%87%D8%A7,كتاب الطهارة → باب/فصل الحيض والاستحاضة والنفاس؛ exact edition/page passage still to extract,,الموسوعة الفقهية الكويتية,https://www.fiqhpedia.org/,مدخل مناسب: Haid / related issue; exact entry to record during extraction,,,,PENDING,,,PASSAGE_EXTRACTION_REQUIRED,NOT_APPROVED_NOT_PUBLISHED
HNB-HAID-08,hanbali,Haid,Yellow/brown before purity,How is yellow/brown discharge treated before confirmed purity?,ما حكم الصفرة والكدرة قبل تحقق الطهر؟,كشاف القناع عن متن الإقناع — البهوتي,https://waqfeya.net/books/%D9%83%D8%B4%D8%A7%D9%81-%D8%A7%D9%84%D9%82%D9%86%D8%A7%D8%B9-%D8%B9%D9%86-%D8%A7%D9%84%D8%A5%D9%82%D9%86%D8%A7%D8%B9--%D8%B7-%D9%88%D8%B2%D8%A7%D8%B1%D8%A9-%D8%A7%D9%84%D8%B9%D8%AF%D9%84/c16e5d8a71d34baf9a06a7a0bbbe13bc,كتاب الطهارة → باب/فصل الحيض والاستحاضة والنفاس؛ exact edition/page passage still to extract,,المغني — ابن قدامة,https://www.islamweb.net/ar/library/content/15/381/%D9%81%D8%B5%D9%84-%D9%84%D8%A7-%D8%AA%D9%83%D9%88%D9%86-%D8%A7%D9%84%D9%85%D8%B1%D8%A3%D8%A9-%D9%85%D8%B9%D8%AA%D8%A7%D8%AF%D8%A9-%D8%AD%D8%AA%D9%89-%D8%AA%D8%B9%D8%B1%D9%81-%D8%B4%D9%87%D8%B1%D9%87%D8%A7,كتاب الطهارة → باب/فصل الحيض والاستحاضة والنفاس؛ exact edition/page passage still to extract,,الموسوعة الفقهية الكويتية,https://www.fiqhpedia.org/,مدخل مناسب: Haid / related issue; exact entry to record during extraction,,,,PENDING,,,PASSAGE_EXTRACTION_REQUIRED,NOT_APPROVED_NOT_PUBLISHED
HNB-HAID-09,hanbali,Haid,Yellow/brown after purity,How is yellow/brown discharge treated after confirmed purity?,ما حكم الصفرة والكدرة بعد تحقق الطهر؟,كشاف القناع عن متن الإقناع — البهوتي,https://waqfeya.net/books/%D9%83%D8%B4%D8%A7%D9%81-%D8%A7%D9%84%D9%82%D9%86%D8%A7%D8%B9-%D8%B9%D9%86-%D8%A7%D9%84%D8%A5%D9%82%D9%86%D8%A7%D8%B9--%D8%B7-%D9%88%D8%B2%D8%A7%D8%B1%D8%A9-%D8%A7%D9%84%D8%B9%D8%AF%D9%84/c16e5d8a71d34baf9a06a7a0bbbe13bc,كتاب الطهارة → باب/فصل الحيض والاستحاضة والنفاس؛ exact edition/page passage still to extract,,المغني — ابن قدامة,https://www.islamweb.net/ar/library/content/15/381/%D9%81%D8%B5%D9%84-%D9%84%D8%A7-%D8%AA%D9%83%D9%88%D9%86-%D8%A7%D9%84%D9%85%D8%B1%D8%A3%D8%A9-%D9%85%D8%B9%D8%AA%D8%A7%D8%AF%D8%A9-%D8%AD%D8%AA%D9%89-%D8%AA%D8%B9%D8%B1%D9%81-%D8%B4%D9%87%D8%B1%D9%87%D8%A7,كتاب الطهارة → باب/فصل الحيض والاستحاضة والنفاس؛ exact edition/page passage still to extract,,الموسوعة الفقهية الكويتية,https://www.fiqhpedia.org/,مدخل مناسب: Haid / related issue; exact entry to record during extraction,,,,PENDING,,,PASSAGE_EXTRACTION_REQUIRED,NOT_APPROVED_NOT_PUBLISHED
HNB-TAHARA-10,hanbali,Tahara,Dryness,When does complete dryness establish Tahara?,متى يُعد الجفاف التام علامة معتبرة على الطهر؟,كشاف القناع عن متن الإقناع — البهوتي,https://waqfeya.net/books/%D9%83%D8%B4%D8%A7%D9%81-%D8%A7%D9%84%D9%82%D9%86%D8%A7%D8%B9-%D8%B9%D9%86-%D8%A7%D9%84%D8%A5%D9%82%D9%86%D8%A7%D8%B9--%D8%B7-%D9%88%D8%B2%D8%A7%D8%B1%D8%A9-%D8%A7%D9%84%D8%B9%D8%AF%D9%84/c16e5d8a71d34baf9a06a7a0bbbe13bc,كتاب الطهارة → باب/فصل الحيض والاستحاضة والنفاس؛ exact edition/page passage still to extract,,المغني — ابن قدامة,https://www.islamweb.net/ar/library/content/15/381/%D9%81%D8%B5%D9%84-%D9%84%D8%A7-%D8%AA%D9%83%D9%88%D9%86-%D8%A7%D9%84%D9%85%D8%B1%D8%A3%D8%A9-%D9%85%D8%B9%D8%AA%D8%A7%D8%AF%D8%A9-%D8%AD%D8%AA%D9%89-%D8%AA%D8%B9%D8%B1%D9%81-%D8%B4%D9%87%D8%B1%D9%87%D8%A7,كتاب الطهارة → باب/فصل الحيض والاستحاضة والنفاس؛ exact edition/page passage still to extract,,الموسوعة الفقهية الكويتية,https://www.fiqhpedia.org/,مدخل مناسب: Tahara / related issue; exact entry to record during extraction,,,,PENDING,,,PASSAGE_EXTRACTION_REQUIRED,NOT_APPROVED_NOT_PUBLISHED
HNB-TAHARA-11,hanbali,Tahara,White discharge,What role does the white discharge play in establishing Tahara?,ما دور القصة البيضاء في إثبات الطهر؟,كشاف القناع عن متن الإقناع — البهوتي,https://waqfeya.net/books/%D9%83%D8%B4%D8%A7%D9%81-%D8%A7%D9%84%D9%82%D9%86%D8%A7%D8%B9-%D8%B9%D9%86-%D8%A7%D9%84%D8%A5%D9%82%D9%86%D8%A7%D8%B9--%D8%B7-%D9%88%D8%B2%D8%A7%D8%B1%D8%A9-%D8%A7%D9%84%D8%B9%D8%AF%D9%84/c16e5d8a71d34baf9a06a7a0bbbe13bc,كتاب الطهارة → باب/فصل الحيض والاستحاضة والنفاس؛ exact edition/page passage still to extract,,المغني — ابن قدامة,https://www.islamweb.net/ar/library/content/15/381/%D9%81%D8%B5%D9%84-%D9%84%D8%A7-%D8%AA%D9%83%D9%88%D9%86-%D8%A7%D9%84%D9%85%D8%B1%D8%A3%D8%A9-%D9%85%D8%B9%D8%AA%D8%A7%D8%AF%D8%A9-%D8%AD%D8%AA%D9%89-%D8%AA%D8%B9%D8%B1%D9%81-%D8%B4%D9%87%D8%B1%D9%87%D8%A7,كتاب الطهارة → باب/فصل الحيض والاستحاضة والنفاس؛ exact edition/page passage still to extract,,الموسوعة الفقهية الكويتية,https://www.fiqhpedia.org/,مدخل مناسب: Tahara / related issue; exact entry to record during extraction,,,,PENDING,,,PASSAGE_EXTRACTION_REQUIRED,NOT_APPROVED_NOT_PUBLISHED
HNB-HAID-12,hanbali,Haid,Intermittent dryness,How are dry intervals within a possible Haid episode classified?,كيف تُعامل فترات الجفاف المتخللة داخل مدة محتملة للحيض؟,كشاف القناع عن متن الإقناع — البهوتي,https://waqfeya.net/books/%D9%83%D8%B4%D8%A7%D9%81-%D8%A7%D9%84%D9%82%D9%86%D8%A7%D8%B9-%D8%B9%D9%86-%D8%A7%D9%84%D8%A5%D9%82%D9%86%D8%A7%D8%B9--%D8%B7-%D9%88%D8%B2%D8%A7%D8%B1%D8%A9-%D8%A7%D9%84%D8%B9%D8%AF%D9%84/c16e5d8a71d34baf9a06a7a0bbbe13bc,كتاب الطهارة → باب/فصل الحيض والاستحاضة والنفاس؛ exact edition/page passage still to extract,,المغني — ابن قدامة,https://www.islamweb.net/ar/library/content/15/381/%D9%81%D8%B5%D9%84-%D9%84%D8%A7-%D8%AA%D9%83%D9%88%D9%86-%D8%A7%D9%84%D9%85%D8%B1%D8%A3%D8%A9-%D9%85%D8%B9%D8%AA%D8%A7%D8%AF%D8%A9-%D8%AD%D8%AA%D9%89-%D8%AA%D8%B9%D8%B1%D9%81-%D8%B4%D9%87%D8%B1%D9%87%D8%A7,كتاب الطهارة → باب/فصل الحيض والاستحاضة والنفاس؛ exact edition/page passage still to extract,,الموسوعة الفقهية الكويتية,https://www.fiqhpedia.org/,مدخل مناسب: Haid / related issue; exact entry to record during extraction,,,,PENDING,,,PASSAGE_EXTRACTION_REQUIRED,NOT_APPROVED_NOT_PUBLISHED
HNB-HAID-13,hanbali,Haid,Resumed bleeding,How is bleeding classified when it returns after apparent purity?,كيف يُصنف الدم إذا عاد بعد طهر ظاهري؟,كشاف القناع عن متن الإقناع — البهوتي,https://waqfeya.net/books/%D9%83%D8%B4%D8%A7%D9%81-%D8%A7%D9%84%D9%82%D9%86%D8%A7%D8%B9-%D8%B9%D9%86-%D8%A7%D9%84%D8%A5%D9%82%D9%86%D8%A7%D8%B9--%D8%B7-%D9%88%D8%B2%D8%A7%D8%B1%D8%A9-%D8%A7%D9%84%D8%B9%D8%AF%D9%84/c16e5d8a71d34baf9a06a7a0bbbe13bc,كتاب الطهارة → باب/فصل الحيض والاستحاضة والنفاس؛ exact edition/page passage still to extract,,المغني — ابن قدامة,https://www.islamweb.net/ar/library/content/15/381/%D9%81%D8%B5%D9%84-%D9%84%D8%A7-%D8%AA%D9%83%D9%88%D9%86-%D8%A7%D9%84%D9%85%D8%B1%D8%A3%D8%A9-%D9%85%D8%B9%D8%AA%D8%A7%D8%AF%D8%A9-%D8%AD%D8%AA%D9%89-%D8%AA%D8%B9%D8%B1%D9%81-%D8%B4%D9%87%D8%B1%D9%87%D8%A7,كتاب الطهارة → باب/فصل الحيض والاستحاضة والنفاس؛ exact edition/page passage still to extract,,الموسوعة الفقهية الكويتية,https://www.fiqhpedia.org/,مدخل مناسب: Haid / related issue; exact entry to record during extraction,,,,PENDING,,,PASSAGE_EXTRACTION_REQUIRED,NOT_APPROVED_NOT_PUBLISHED
HNB-HAID-14,hanbali,Haid,First-time bleeder,How is a first-ever bleeding episode handled when no prior habit exists?,كيف تُعامل المبتدئة عند أول نزف بلا عادة سابقة؟,كشاف القناع عن متن الإقناع — البهوتي,https://waqfeya.net/books/%D9%83%D8%B4%D8%A7%D9%81-%D8%A7%D9%84%D9%82%D9%86%D8%A7%D8%B9-%D8%B9%D9%86-%D8%A7%D9%84%D8%A5%D9%82%D9%86%D8%A7%D8%B9--%D8%B7-%D9%88%D8%B2%D8%A7%D8%B1%D8%A9-%D8%A7%D9%84%D8%B9%D8%AF%D9%84/c16e5d8a71d34baf9a06a7a0bbbe13bc,كتاب الطهارة → باب/فصل الحيض والاستحاضة والنفاس؛ exact edition/page passage still to extract,,المغني — ابن قدامة,https://www.islamweb.net/ar/library/content/15/381/%D9%81%D8%B5%D9%84-%D9%84%D8%A7-%D8%AA%D9%83%D9%88%D9%86-%D8%A7%D9%84%D9%85%D8%B1%D8%A3%D8%A9-%D9%85%D8%B9%D8%AA%D8%A7%D8%AF%D8%A9-%D8%AD%D8%AA%D9%89-%D8%AA%D8%B9%D8%B1%D9%81-%D8%B4%D9%87%D8%B1%D9%87%D8%A7,كتاب الطهارة → باب/فصل الحيض والاستحاضة والنفاس؛ exact edition/page passage still to extract,,الموسوعة الفقهية الكويتية,https://www.fiqhpedia.org/,مدخل مناسب: Haid / related issue; exact entry to record during extraction,,,,PENDING,,,PASSAGE_EXTRACTION_REQUIRED,NOT_APPROVED_NOT_PUBLISHED
HNB-HAID-15,hanbali,Haid,Habit establishment,How and after how many repetitions does a menstrual habit become legally relevant?,كيف ومتى تثبت العادة الحيضية المعتبرة شرعًا؟,كشاف القناع عن متن الإقناع — البهوتي,https://waqfeya.net/books/%D9%83%D8%B4%D8%A7%D9%81-%D8%A7%D9%84%D9%82%D9%86%D8%A7%D8%B9-%D8%B9%D9%86-%D8%A7%D9%84%D8%A5%D9%82%D9%86%D8%A7%D8%B9--%D8%B7-%D9%88%D8%B2%D8%A7%D8%B1%D8%A9-%D8%A7%D9%84%D8%B9%D8%AF%D9%84/c16e5d8a71d34baf9a06a7a0bbbe13bc,كتاب الطهارة → باب/فصل الحيض والاستحاضة والنفاس؛ exact edition/page passage still to extract,,المغني — ابن قدامة,https://www.islamweb.net/ar/library/content/15/381/%D9%81%D8%B5%D9%84-%D9%84%D8%A7-%D8%AA%D9%83%D9%88%D9%86-%D8%A7%D9%84%D9%85%D8%B1%D8%A3%D8%A9-%D9%85%D8%B9%D8%AA%D8%A7%D8%AF%D8%A9-%D8%AD%D8%AA%D9%89-%D8%AA%D8%B9%D8%B1%D9%81-%D8%B4%D9%87%D8%B1%D9%87%D8%A7,كتاب الطهارة → باب/فصل الحيض والاستحاضة والنفاس؛ exact edition/page passage still to extract,,الموسوعة الفقهية الكويتية,https://www.fiqhpedia.org/,مدخل مناسب: Haid / related issue; exact entry to record during extraction,,,,PENDING,,,PASSAGE_EXTRACTION_REQUIRED,NOT_APPROVED_NOT_PUBLISHED
HNB-HAID-16,hanbali,Haid,Habit timing change,How is a shift in the start timing of an established habit handled?,كيف يُتعامل مع تغير وقت بدء العادة المستقرة؟,كشاف القناع عن متن الإقناع — البهوتي,https://waqfeya.net/books/%D9%83%D8%B4%D8%A7%D9%81-%D8%A7%D9%84%D9%82%D9%86%D8%A7%D8%B9-%D8%B9%D9%86-%D8%A7%D9%84%D8%A5%D9%82%D9%86%D8%A7%D8%B9--%D8%B7-%D9%88%D8%B2%D8%A7%D8%B1%D8%A9-%D8%A7%D9%84%D8%B9%D8%AF%D9%84/c16e5d8a71d34baf9a06a7a0bbbe13bc,كتاب الطهارة → باب/فصل الحيض والاستحاضة والنفاس؛ exact edition/page passage still to extract,,المغني — ابن قدامة,https://www.islamweb.net/ar/library/content/15/381/%D9%81%D8%B5%D9%84-%D9%84%D8%A7-%D8%AA%D9%83%D9%88%D9%86-%D8%A7%D9%84%D9%85%D8%B1%D8%A3%D8%A9-%D9%85%D8%B9%D8%AA%D8%A7%D8%AF%D8%A9-%D8%AD%D8%AA%D9%89-%D8%AA%D8%B9%D8%B1%D9%81-%D8%B4%D9%87%D8%B1%D9%87%D8%A7,كتاب الطهارة → باب/فصل الحيض والاستحاضة والنفاس؛ exact edition/page passage still to extract,,الموسوعة الفقهية الكويتية,https://www.fiqhpedia.org/,مدخل مناسب: Haid / related issue; exact entry to record during extraction,,,,PENDING,,,PASSAGE_EXTRACTION_REQUIRED,NOT_APPROVED_NOT_PUBLISHED
HNB-HAID-17,hanbali,Haid,Habit duration change,How is a change in the duration of an established habit handled?,كيف يُتعامل مع تغير مدة العادة المستقرة؟,كشاف القناع عن متن الإقناع — البهوتي,https://waqfeya.net/books/%D9%83%D8%B4%D8%A7%D9%81-%D8%A7%D9%84%D9%82%D9%86%D8%A7%D8%B9-%D8%B9%D9%86-%D8%A7%D9%84%D8%A5%D9%82%D9%86%D8%A7%D8%B9--%D8%B7-%D9%88%D8%B2%D8%A7%D8%B1%D8%A9-%D8%A7%D9%84%D8%B9%D8%AF%D9%84/c16e5d8a71d34baf9a06a7a0bbbe13bc,كتاب الطهارة → باب/فصل الحيض والاستحاضة والنفاس؛ exact edition/page passage still to extract,,المغني — ابن قدامة,https://www.islamweb.net/ar/library/content/15/381/%D9%81%D8%B5%D9%84-%D9%84%D8%A7-%D8%AA%D9%83%D9%88%D9%86-%D8%A7%D9%84%D9%85%D8%B1%D8%A3%D8%A9-%D9%85%D8%B9%D8%AA%D8%A7%D8%AF%D8%A9-%D8%AD%D8%AA%D9%89-%D8%AA%D8%B9%D8%B1%D9%81-%D8%B4%D9%87%D8%B1%D9%87%D8%A7,كتاب الطهارة → باب/فصل الحيض والاستحاضة والنفاس؛ exact edition/page passage still to extract,,الموسوعة الفقهية الكويتية,https://www.fiqhpedia.org/,مدخل مناسب: Haid / related issue; exact entry to record during extraction,,,,PENDING,,,PASSAGE_EXTRACTION_REQUIRED,NOT_APPROVED_NOT_PUBLISHED
HNB-HAID-18,hanbali,Haid,Beyond maximum,How should bleeding beyond the madhhab's Haid limit be classified?,كيف يُصنف الدم الذي يتجاوز أكثر الحيض عند المذهب؟,كشاف القناع عن متن الإقناع — البهوتي,https://waqfeya.net/books/%D9%83%D8%B4%D8%A7%D9%81-%D8%A7%D9%84%D9%82%D9%86%D8%A7%D8%B9-%D8%B9%D9%86-%D8%A7%D9%84%D8%A5%D9%82%D9%86%D8%A7%D8%B9--%D8%B7-%D9%88%D8%B2%D8%A7%D8%B1%D8%A9-%D8%A7%D9%84%D8%B9%D8%AF%D9%84/c16e5d8a71d34baf9a06a7a0bbbe13bc,كتاب الطهارة → باب/فصل الحيض والاستحاضة والنفاس؛ exact edition/page passage still to extract,,المغني — ابن قدامة,https://www.islamweb.net/ar/library/content/15/381/%D9%81%D8%B5%D9%84-%D9%84%D8%A7-%D8%AA%D9%83%D9%88%D9%86-%D8%A7%D9%84%D9%85%D8%B1%D8%A3%D8%A9-%D9%85%D8%B9%D8%AA%D8%A7%D8%AF%D8%A9-%D8%AD%D8%AA%D9%89-%D8%AA%D8%B9%D8%B1%D9%81-%D8%B4%D9%87%D8%B1%D9%87%D8%A7,كتاب الطهارة → باب/فصل الحيض والاستحاضة والنفاس؛ exact edition/page passage still to extract,,الموسوعة الفقهية الكويتية,https://www.fiqhpedia.org/,مدخل مناسب: Haid / related issue; exact entry to record during extraction,,,,PENDING,,,PASSAGE_EXTRACTION_REQUIRED,NOT_APPROVED_NOT_PUBLISHED
HNB-HAID-19,hanbali,Haid,Conflicting evidence,"When habit, timing and blood characteristics conflict, which evidence controls classification?",إذا تعارضت العادة والتوقيت وصفات الدم، فما المرجح في التصنيف؟,كشاف القناع عن متن الإقناع — البهوتي,https://waqfeya.net/books/%D9%83%D8%B4%D8%A7%D9%81-%D8%A7%D9%84%D9%82%D9%86%D8%A7%D8%B9-%D8%B9%D9%86-%D8%A7%D9%84%D8%A5%D9%82%D9%86%D8%A7%D8%B9--%D8%B7-%D9%88%D8%B2%D8%A7%D8%B1%D8%A9-%D8%A7%D9%84%D8%B9%D8%AF%D9%84/c16e5d8a71d34baf9a06a7a0bbbe13bc,كتاب الطهارة → باب/فصل الحيض والاستحاضة والنفاس؛ exact edition/page passage still to extract,,المغني — ابن قدامة,https://www.islamweb.net/ar/library/content/15/381/%D9%81%D8%B5%D9%84-%D9%84%D8%A7-%D8%AA%D9%83%D9%88%D9%86-%D8%A7%D9%84%D9%85%D8%B1%D8%A3%D8%A9-%D9%85%D8%B9%D8%AA%D8%A7%D8%AF%D8%A9-%D8%AD%D8%AA%D9%89-%D8%AA%D8%B9%D8%B1%D9%81-%D8%B4%D9%87%D8%B1%D9%87%D8%A7,كتاب الطهارة → باب/فصل الحيض والاستحاضة والنفاس؛ exact edition/page passage still to extract,,الموسوعة الفقهية الكويتية,https://www.fiqhpedia.org/,مدخل مناسب: Haid / related issue; exact entry to record during extraction,,,,PENDING,,,PASSAGE_EXTRACTION_REQUIRED,NOT_APPROVED_NOT_PUBLISHED
HNB-ISTI-20,hanbali,Istihada,Definition,What makes bleeding Istihada rather than Haid or Nifas?,ما الذي يجعل الدم استحاضة لا حيضًا ولا نفاسًا؟,كشاف القناع عن متن الإقناع — البهوتي,https://waqfeya.net/books/%D9%83%D8%B4%D8%A7%D9%81-%D8%A7%D9%84%D9%82%D9%86%D8%A7%D8%B9-%D8%B9%D9%86-%D8%A7%D9%84%D8%A5%D9%82%D9%86%D8%A7%D8%B9--%D8%B7-%D9%88%D8%B2%D8%A7%D8%B1%D8%A9-%D8%A7%D9%84%D8%B9%D8%AF%D9%84/c16e5d8a71d34baf9a06a7a0bbbe13bc,كتاب الطهارة → باب/فصل الحيض والاستحاضة والنفاس؛ exact edition/page passage still to extract,,المغني — ابن قدامة,https://www.islamweb.net/ar/library/content/15/381/%D9%81%D8%B5%D9%84-%D9%84%D8%A7-%D8%AA%D9%83%D9%88%D9%86-%D8%A7%D9%84%D9%85%D8%B1%D8%A3%D8%A9-%D9%85%D8%B9%D8%AA%D8%A7%D8%AF%D8%A9-%D8%AD%D8%AA%D9%89-%D8%AA%D8%B9%D8%B1%D9%81-%D8%B4%D9%87%D8%B1%D9%87%D8%A7,كتاب الطهارة → باب/فصل الحيض والاستحاضة والنفاس؛ exact edition/page passage still to extract,,الموسوعة الفقهية الكويتية,https://www.fiqhpedia.org/,مدخل مناسب: Istihada / related issue; exact entry to record during extraction,,,,PENDING,,,PASSAGE_EXTRACTION_REQUIRED,NOT_APPROVED_NOT_PUBLISHED
HNB-ISTI-21,hanbali,Istihada,Known habit + prolonged bleeding,How is prolonged bleeding handled when an established habit exists?,كيف تتعامل المستحاضة مع الدم المستمر إذا كانت لها عادة معلومة؟,كشاف القناع عن متن الإقناع — البهوتي,https://waqfeya.net/books/%D9%83%D8%B4%D8%A7%D9%81-%D8%A7%D9%84%D9%82%D9%86%D8%A7%D8%B9-%D8%B9%D9%86-%D8%A7%D9%84%D8%A5%D9%82%D9%86%D8%A7%D8%B9--%D8%B7-%D9%88%D8%B2%D8%A7%D8%B1%D8%A9-%D8%A7%D9%84%D8%B9%D8%AF%D9%84/c16e5d8a71d34baf9a06a7a0bbbe13bc,كتاب الطهارة → باب/فصل الحيض والاستحاضة والنفاس؛ exact edition/page passage still to extract,,المغني — ابن قدامة,https://www.islamweb.net/ar/library/content/15/381/%D9%81%D8%B5%D9%84-%D9%84%D8%A7-%D8%AA%D9%83%D9%88%D9%86-%D8%A7%D9%84%D9%85%D8%B1%D8%A3%D8%A9-%D9%85%D8%B9%D8%AA%D8%A7%D8%AF%D8%A9-%D8%AD%D8%AA%D9%89-%D8%AA%D8%B9%D8%B1%D9%81-%D8%B4%D9%87%D8%B1%D9%87%D8%A7,كتاب الطهارة → باب/فصل الحيض والاستحاضة والنفاس؛ exact edition/page passage still to extract,,الموسوعة الفقهية الكويتية,https://www.fiqhpedia.org/,مدخل مناسب: Istihada / related issue; exact entry to record during extraction,,,,PENDING,,,PASSAGE_EXTRACTION_REQUIRED,NOT_APPROVED_NOT_PUBLISHED
HNB-ISTI-22,hanbali,Istihada,Tamyiz,How do distinguishable blood characteristics affect classification?,ما أثر التمييز بصفات الدم في الحكم؟,كشاف القناع عن متن الإقناع — البهوتي,https://waqfeya.net/books/%D9%83%D8%B4%D8%A7%D9%81-%D8%A7%D9%84%D9%82%D9%86%D8%A7%D8%B9-%D8%B9%D9%86-%D8%A7%D9%84%D8%A5%D9%82%D9%86%D8%A7%D8%B9--%D8%B7-%D9%88%D8%B2%D8%A7%D8%B1%D8%A9-%D8%A7%D9%84%D8%B9%D8%AF%D9%84/c16e5d8a71d34baf9a06a7a0bbbe13bc,كتاب الطهارة → باب/فصل الحيض والاستحاضة والنفاس؛ exact edition/page passage still to extract,,المغني — ابن قدامة,https://www.islamweb.net/ar/library/content/15/381/%D9%81%D8%B5%D9%84-%D9%84%D8%A7-%D8%AA%D9%83%D9%88%D9%86-%D8%A7%D9%84%D9%85%D8%B1%D8%A3%D8%A9-%D9%85%D8%B9%D8%AA%D8%A7%D8%AF%D8%A9-%D8%AD%D8%AA%D9%89-%D8%AA%D8%B9%D8%B1%D9%81-%D8%B4%D9%87%D8%B1%D9%87%D8%A7,كتاب الطهارة → باب/فصل الحيض والاستحاضة والنفاس؛ exact edition/page passage still to extract,,الموسوعة الفقهية الكويتية,https://www.fiqhpedia.org/,مدخل مناسب: Istihada / related issue; exact entry to record during extraction,,,,PENDING,,,PASSAGE_EXTRACTION_REQUIRED,NOT_APPROVED_NOT_PUBLISHED
HNB-ISTI-23,hanbali,Istihada,No habit / no tamyiz,How is the case handled when there is neither a reliable habit nor usable distinction?,كيف تُعامل من لا عادة لها ولا تمييز معتبر؟,كشاف القناع عن متن الإقناع — البهوتي,https://waqfeya.net/books/%D9%83%D8%B4%D8%A7%D9%81-%D8%A7%D9%84%D9%82%D9%86%D8%A7%D8%B9-%D8%B9%D9%86-%D8%A7%D9%84%D8%A5%D9%82%D9%86%D8%A7%D8%B9--%D8%B7-%D9%88%D8%B2%D8%A7%D8%B1%D8%A9-%D8%A7%D9%84%D8%B9%D8%AF%D9%84/c16e5d8a71d34baf9a06a7a0bbbe13bc,كتاب الطهارة → باب/فصل الحيض والاستحاضة والنفاس؛ exact edition/page passage still to extract,,المغني — ابن قدامة,https://www.islamweb.net/ar/library/content/15/381/%D9%81%D8%B5%D9%84-%D9%84%D8%A7-%D8%AA%D9%83%D9%88%D9%86-%D8%A7%D9%84%D9%85%D8%B1%D8%A3%D8%A9-%D9%85%D8%B9%D8%AA%D8%A7%D8%AF%D8%A9-%D8%AD%D8%AA%D9%89-%D8%AA%D8%B9%D8%B1%D9%81-%D8%B4%D9%87%D8%B1%D9%87%D8%A7,كتاب الطهارة → باب/فصل الحيض والاستحاضة والنفاس؛ exact edition/page passage still to extract,,الموسوعة الفقهية الكويتية,https://www.fiqhpedia.org/,مدخل مناسب: Istihada / related issue; exact entry to record during extraction,,,,PENDING,,,PASSAGE_EXTRACTION_REQUIRED,NOT_APPROVED_NOT_PUBLISHED
HNB-ISTI-24,hanbali,Istihada,Prayer,What is the prayer status during Istihada?,ما حكم الصلاة حال الاستحاضة؟,كشاف القناع عن متن الإقناع — البهوتي,https://waqfeya.net/books/%D9%83%D8%B4%D8%A7%D9%81-%D8%A7%D9%84%D9%82%D9%86%D8%A7%D8%B9-%D8%B9%D9%86-%D8%A7%D9%84%D8%A5%D9%82%D9%86%D8%A7%D8%B9--%D8%B7-%D9%88%D8%B2%D8%A7%D8%B1%D8%A9-%D8%A7%D9%84%D8%B9%D8%AF%D9%84/c16e5d8a71d34baf9a06a7a0bbbe13bc,كتاب الطهارة → باب/فصل الحيض والاستحاضة والنفاس؛ exact edition/page passage still to extract,,المغني — ابن قدامة,https://www.islamweb.net/ar/library/content/15/381/%D9%81%D8%B5%D9%84-%D9%84%D8%A7-%D8%AA%D9%83%D9%88%D9%86-%D8%A7%D9%84%D9%85%D8%B1%D8%A3%D8%A9-%D9%85%D8%B9%D8%AA%D8%A7%D8%AF%D8%A9-%D8%AD%D8%AA%D9%89-%D8%AA%D8%B9%D8%B1%D9%81-%D8%B4%D9%87%D8%B1%D9%87%D8%A7,كتاب الطهارة → باب/فصل الحيض والاستحاضة والنفاس؛ exact edition/page passage still to extract,,الموسوعة الفقهية الكويتية,https://www.fiqhpedia.org/,مدخل مناسب: Istihada / related issue; exact entry to record during extraction,,,,PENDING,,,PASSAGE_EXTRACTION_REQUIRED,NOT_APPROVED_NOT_PUBLISHED
HNB-ISTI-25,hanbali,Istihada,Purification for prayer,What cleaning/wudu requirements apply to ongoing Istihada?,ما متطلبات التطهر والوضوء مع استمرار الاستحاضة؟,كشاف القناع عن متن الإقناع — البهوتي,https://waqfeya.net/books/%D9%83%D8%B4%D8%A7%D9%81-%D8%A7%D9%84%D9%82%D9%86%D8%A7%D8%B9-%D8%B9%D9%86-%D8%A7%D9%84%D8%A5%D9%82%D9%86%D8%A7%D8%B9--%D8%B7-%D9%88%D8%B2%D8%A7%D8%B1%D8%A9-%D8%A7%D9%84%D8%B9%D8%AF%D9%84/c16e5d8a71d34baf9a06a7a0bbbe13bc,كتاب الطهارة → باب/فصل الحيض والاستحاضة والنفاس؛ exact edition/page passage still to extract,,المغني — ابن قدامة,https://www.islamweb.net/ar/library/content/15/381/%D9%81%D8%B5%D9%84-%D9%84%D8%A7-%D8%AA%D9%83%D9%88%D9%86-%D8%A7%D9%84%D9%85%D8%B1%D8%A3%D8%A9-%D9%85%D8%B9%D8%AA%D8%A7%D8%AF%D8%A9-%D8%AD%D8%AA%D9%89-%D8%AA%D8%B9%D8%B1%D9%81-%D8%B4%D9%87%D8%B1%D9%87%D8%A7,كتاب الطهارة → باب/فصل الحيض والاستحاضة والنفاس؛ exact edition/page passage still to extract,,الموسوعة الفقهية الكويتية,https://www.fiqhpedia.org/,مدخل مناسب: Istihada / related issue; exact entry to record during extraction,,,,PENDING,,,PASSAGE_EXTRACTION_REQUIRED,NOT_APPROVED_NOT_PUBLISHED
HNB-ISTI-26,hanbali,Istihada,Fasting,What is the fasting status during Istihada?,ما حكم الصيام حال الاستحاضة؟,كشاف القناع عن متن الإقناع — البهوتي,https://waqfeya.net/books/%D9%83%D8%B4%D8%A7%D9%81-%D8%A7%D9%84%D9%82%D9%86%D8%A7%D8%B9-%D8%B9%D9%86-%D8%A7%D9%84%D8%A5%D9%82%D9%86%D8%A7%D8%B9--%D8%B7-%D9%88%D8%B2%D8%A7%D8%B1%D8%A9-%D8%A7%D9%84%D8%B9%D8%AF%D9%84/c16e5d8a71d34baf9a06a7a0bbbe13bc,كتاب الطهارة → باب/فصل الحيض والاستحاضة والنفاس؛ exact edition/page passage still to extract,,المغني — ابن قدامة,https://www.islamweb.net/ar/library/content/15/381/%D9%81%D8%B5%D9%84-%D9%84%D8%A7-%D8%AA%D9%83%D9%88%D9%86-%D8%A7%D9%84%D9%85%D8%B1%D8%A3%D8%A9-%D9%85%D8%B9%D8%AA%D8%A7%D8%AF%D8%A9-%D8%AD%D8%AA%D9%89-%D8%AA%D8%B9%D8%B1%D9%81-%D8%B4%D9%87%D8%B1%D9%87%D8%A7,كتاب الطهارة → باب/فصل الحيض والاستحاضة والنفاس؛ exact edition/page passage still to extract,,الموسوعة الفقهية الكويتية,https://www.fiqhpedia.org/,مدخل مناسب: Istihada / related issue; exact entry to record during extraction,,,,PENDING,,,PASSAGE_EXTRACTION_REQUIRED,NOT_APPROVED_NOT_PUBLISHED
HNB-ISTI-27,hanbali,Istihada,Ghusl,When is Ghusl required with ongoing Istihada?,متى يجب الغسل مع استمرار الاستحاضة؟,كشاف القناع عن متن الإقناع — البهوتي,https://waqfeya.net/books/%D9%83%D8%B4%D8%A7%D9%81-%D8%A7%D9%84%D9%82%D9%86%D8%A7%D8%B9-%D8%B9%D9%86-%D8%A7%D9%84%D8%A5%D9%82%D9%86%D8%A7%D8%B9--%D8%B7-%D9%88%D8%B2%D8%A7%D8%B1%D8%A9-%D8%A7%D9%84%D8%B9%D8%AF%D9%84/c16e5d8a71d34baf9a06a7a0bbbe13bc,كتاب الطهارة → باب/فصل الحيض والاستحاضة والنفاس؛ exact edition/page passage still to extract,,المغني — ابن قدامة,https://www.islamweb.net/ar/library/content/15/381/%D9%81%D8%B5%D9%84-%D9%84%D8%A7-%D8%AA%D9%83%D9%88%D9%86-%D8%A7%D9%84%D9%85%D8%B1%D8%A3%D8%A9-%D9%85%D8%B9%D8%AA%D8%A7%D8%AF%D8%A9-%D8%AD%D8%AA%D9%89-%D8%AA%D8%B9%D8%B1%D9%81-%D8%B4%D9%87%D8%B1%D9%87%D8%A7,كتاب الطهارة → باب/فصل الحيض والاستحاضة والنفاس؛ exact edition/page passage still to extract,,الموسوعة الفقهية الكويتية,https://www.fiqhpedia.org/,مدخل مناسب: Istihada / related issue; exact entry to record during extraction,,,,PENDING,,,PASSAGE_EXTRACTION_REQUIRED,NOT_APPROVED_NOT_PUBLISHED
HNB-NIFAS-28,hanbali,Nifas,Definition/start,What event starts Nifas and how is its start determined?,ما الذي يبدأ به النفاس وكيف يحدد ابتداء مدته؟,كشاف القناع عن متن الإقناع — البهوتي,https://waqfeya.net/books/%D9%83%D8%B4%D8%A7%D9%81-%D8%A7%D9%84%D9%82%D9%86%D8%A7%D8%B9-%D8%B9%D9%86-%D8%A7%D9%84%D8%A5%D9%82%D9%86%D8%A7%D8%B9--%D8%B7-%D9%88%D8%B2%D8%A7%D8%B1%D8%A9-%D8%A7%D9%84%D8%B9%D8%AF%D9%84/c16e5d8a71d34baf9a06a7a0bbbe13bc,كتاب الطهارة → باب/فصل الحيض والاستحاضة والنفاس؛ exact edition/page passage still to extract,,المغني — ابن قدامة,https://www.islamweb.net/ar/library/content/15/381/%D9%81%D8%B5%D9%84-%D9%84%D8%A7-%D8%AA%D9%83%D9%88%D9%86-%D8%A7%D9%84%D9%85%D8%B1%D8%A3%D8%A9-%D9%85%D8%B9%D8%AA%D8%A7%D8%AF%D8%A9-%D8%AD%D8%AA%D9%89-%D8%AA%D8%B9%D8%B1%D9%81-%D8%B4%D9%87%D8%B1%D9%87%D8%A7,كتاب الطهارة → باب/فصل الحيض والاستحاضة والنفاس؛ exact edition/page passage still to extract,,الموسوعة الفقهية الكويتية,https://www.fiqhpedia.org/,مدخل مناسب: Nifas / related issue; exact entry to record during extraction,,,,PENDING,,,PASSAGE_EXTRACTION_REQUIRED,NOT_APPROVED_NOT_PUBLISHED
HNB-NIFAS-29,hanbali,Nifas,Pregnancy loss,Under what pregnancy-loss conditions does bleeding count as Nifas?,تحت أي شروط يكون الدم بعد السقط أو فقد الحمل نفاسًا؟,كشاف القناع عن متن الإقناع — البهوتي,https://waqfeya.net/books/%D9%83%D8%B4%D8%A7%D9%81-%D8%A7%D9%84%D9%82%D9%86%D8%A7%D8%B9-%D8%B9%D9%86-%D8%A7%D9%84%D8%A5%D9%82%D9%86%D8%A7%D8%B9--%D8%B7-%D9%88%D8%B2%D8%A7%D8%B1%D8%A9-%D8%A7%D9%84%D8%B9%D8%AF%D9%84/c16e5d8a71d34baf9a06a7a0bbbe13bc,كتاب الطهارة → باب/فصل الحيض والاستحاضة والنفاس؛ exact edition/page passage still to extract,,المغني — ابن قدامة,https://www.islamweb.net/ar/library/content/15/381/%D9%81%D8%B5%D9%84-%D9%84%D8%A7-%D8%AA%D9%83%D9%88%D9%86-%D8%A7%D9%84%D9%85%D8%B1%D8%A3%D8%A9-%D9%85%D8%B9%D8%AA%D8%A7%D8%AF%D8%A9-%D8%AD%D8%AA%D9%89-%D8%AA%D8%B9%D8%B1%D9%81-%D8%B4%D9%87%D8%B1%D9%87%D8%A7,كتاب الطهارة → باب/فصل الحيض والاستحاضة والنفاس؛ exact edition/page passage still to extract,,الموسوعة الفقهية الكويتية,https://www.fiqhpedia.org/,مدخل مناسب: Nifas / related issue; exact entry to record during extraction,,,,PENDING,,,PASSAGE_EXTRACTION_REQUIRED,NOT_APPROVED_NOT_PUBLISHED
HNB-NIFAS-30,hanbali,Nifas,Minimum duration,Does the madhhab recognize a minimum duration of Nifas?,هل للمذهب حد أدنى للنفاس؟,كشاف القناع عن متن الإقناع — البهوتي,https://waqfeya.net/books/%D9%83%D8%B4%D8%A7%D9%81-%D8%A7%D9%84%D9%82%D9%86%D8%A7%D8%B9-%D8%B9%D9%86-%D8%A7%D9%84%D8%A5%D9%82%D9%86%D8%A7%D8%B9--%D8%B7-%D9%88%D8%B2%D8%A7%D8%B1%D8%A9-%D8%A7%D9%84%D8%B9%D8%AF%D9%84/c16e5d8a71d34baf9a06a7a0bbbe13bc,كتاب الطهارة → باب/فصل الحيض والاستحاضة والنفاس؛ exact edition/page passage still to extract,,المغني — ابن قدامة,https://www.islamweb.net/ar/library/content/15/381/%D9%81%D8%B5%D9%84-%D9%84%D8%A7-%D8%AA%D9%83%D9%88%D9%86-%D8%A7%D9%84%D9%85%D8%B1%D8%A3%D8%A9-%D9%85%D8%B9%D8%AA%D8%A7%D8%AF%D8%A9-%D8%AD%D8%AA%D9%89-%D8%AA%D8%B9%D8%B1%D9%81-%D8%B4%D9%87%D8%B1%D9%87%D8%A7,كتاب الطهارة → باب/فصل الحيض والاستحاضة والنفاس؛ exact edition/page passage still to extract,,الموسوعة الفقهية الكويتية,https://www.fiqhpedia.org/,مدخل مناسب: Nifas / related issue; exact entry to record during extraction,,,,PENDING,,,PASSAGE_EXTRACTION_REQUIRED,NOT_APPROVED_NOT_PUBLISHED
HNB-NIFAS-31,hanbali,Nifas,Maximum duration,What is the maximum duration of Nifas?,ما أكثر مدة النفاس؟,كشاف القناع عن متن الإقناع — البهوتي,https://waqfeya.net/books/%D9%83%D8%B4%D8%A7%D9%81-%D8%A7%D9%84%D9%82%D9%86%D8%A7%D8%B9-%D8%B9%D9%86-%D8%A7%D9%84%D8%A5%D9%82%D9%86%D8%A7%D8%B9--%D8%B7-%D9%88%D8%B2%D8%A7%D8%B1%D8%A9-%D8%A7%D9%84%D8%B9%D8%AF%D9%84/c16e5d8a71d34baf9a06a7a0bbbe13bc,كتاب الطهارة → باب/فصل الحيض والاستحاضة والنفاس؛ exact edition/page passage still to extract,,المغني — ابن قدامة,https://www.islamweb.net/ar/library/content/15/381/%D9%81%D8%B5%D9%84-%D9%84%D8%A7-%D8%AA%D9%83%D9%88%D9%86-%D8%A7%D9%84%D9%85%D8%B1%D8%A3%D8%A9-%D9%85%D8%B9%D8%AA%D8%A7%D8%AF%D8%A9-%D8%AD%D8%AA%D9%89-%D8%AA%D8%B9%D8%B1%D9%81-%D8%B4%D9%87%D8%B1%D9%87%D8%A7,كتاب الطهارة → باب/فصل الحيض والاستحاضة والنفاس؛ exact edition/page passage still to extract,,الموسوعة الفقهية الكويتية,https://www.fiqhpedia.org/,مدخل مناسب: Nifas / related issue; exact entry to record during extraction,,,,PENDING,,,PASSAGE_EXTRACTION_REQUIRED,NOT_APPROVED_NOT_PUBLISHED
HNB-NIFAS-32,hanbali,Nifas,Early cessation,What happens when postpartum bleeding stops before the maximum duration?,ما الحكم إذا انقطع دم النفاس قبل أكثر مدته؟,كشاف القناع عن متن الإقناع — البهوتي,https://waqfeya.net/books/%D9%83%D8%B4%D8%A7%D9%81-%D8%A7%D9%84%D9%82%D9%86%D8%A7%D8%B9-%D8%B9%D9%86-%D8%A7%D9%84%D8%A5%D9%82%D9%86%D8%A7%D8%B9--%D8%B7-%D9%88%D8%B2%D8%A7%D8%B1%D8%A9-%D8%A7%D9%84%D8%B9%D8%AF%D9%84/c16e5d8a71d34baf9a06a7a0bbbe13bc,كتاب الطهارة → باب/فصل الحيض والاستحاضة والنفاس؛ exact edition/page passage still to extract,,المغني — ابن قدامة,https://www.islamweb.net/ar/library/content/15/381/%D9%81%D8%B5%D9%84-%D9%84%D8%A7-%D8%AA%D9%83%D9%88%D9%86-%D8%A7%D9%84%D9%85%D8%B1%D8%A3%D8%A9-%D9%85%D8%B9%D8%AA%D8%A7%D8%AF%D8%A9-%D8%AD%D8%AA%D9%89-%D8%AA%D8%B9%D8%B1%D9%81-%D8%B4%D9%87%D8%B1%D9%87%D8%A7,كتاب الطهارة → باب/فصل الحيض والاستحاضة والنفاس؛ exact edition/page passage still to extract,,الموسوعة الفقهية الكويتية,https://www.fiqhpedia.org/,مدخل مناسب: Nifas / related issue; exact entry to record during extraction,,,,PENDING,,,PASSAGE_EXTRACTION_REQUIRED,NOT_APPROVED_NOT_PUBLISHED
HNB-NIFAS-33,hanbali,Nifas,Resumed bleeding,How is resumed bleeding handled after temporary purity within the possible Nifas window?,كيف يُعامل عود الدم بعد طهر متخلل داخل مدة محتملة للنفاس؟,كشاف القناع عن متن الإقناع — البهوتي,https://waqfeya.net/books/%D9%83%D8%B4%D8%A7%D9%81-%D8%A7%D9%84%D9%82%D9%86%D8%A7%D8%B9-%D8%B9%D9%86-%D8%A7%D9%84%D8%A5%D9%82%D9%86%D8%A7%D8%B9--%D8%B7-%D9%88%D8%B2%D8%A7%D8%B1%D8%A9-%D8%A7%D9%84%D8%B9%D8%AF%D9%84/c16e5d8a71d34baf9a06a7a0bbbe13bc,كتاب الطهارة → باب/فصل الحيض والاستحاضة والنفاس؛ exact edition/page passage still to extract,,المغني — ابن قدامة,https://www.islamweb.net/ar/library/content/15/381/%D9%81%D8%B5%D9%84-%D9%84%D8%A7-%D8%AA%D9%83%D9%88%D9%86-%D8%A7%D9%84%D9%85%D8%B1%D8%A3%D8%A9-%D9%85%D8%B9%D8%AA%D8%A7%D8%AF%D8%A9-%D8%AD%D8%AA%D9%89-%D8%AA%D8%B9%D8%B1%D9%81-%D8%B4%D9%87%D8%B1%D9%87%D8%A7,كتاب الطهارة → باب/فصل الحيض والاستحاضة والنفاس؛ exact edition/page passage still to extract,,الموسوعة الفقهية الكويتية,https://www.fiqhpedia.org/,مدخل مناسب: Nifas / related issue; exact entry to record during extraction,,,,PENDING,,,PASSAGE_EXTRACTION_REQUIRED,NOT_APPROVED_NOT_PUBLISHED
HNB-NIFAS-34,hanbali,Nifas,Beyond maximum,How is bleeding beyond the Nifas maximum classified?,كيف يُصنف الدم الذي يتجاوز أكثر النفاس؟,كشاف القناع عن متن الإقناع — البهوتي,https://waqfeya.net/books/%D9%83%D8%B4%D8%A7%D9%81-%D8%A7%D9%84%D9%82%D9%86%D8%A7%D8%B9-%D8%B9%D9%86-%D8%A7%D9%84%D8%A5%D9%82%D9%86%D8%A7%D8%B9--%D8%B7-%D9%88%D8%B2%D8%A7%D8%B1%D8%A9-%D8%A7%D9%84%D8%B9%D8%AF%D9%84/c16e5d8a71d34baf9a06a7a0bbbe13bc,كتاب الطهارة → باب/فصل الحيض والاستحاضة والنفاس؛ exact edition/page passage still to extract,,المغني — ابن قدامة,https://www.islamweb.net/ar/library/content/15/381/%D9%81%D8%B5%D9%84-%D9%84%D8%A7-%D8%AA%D9%83%D9%88%D9%86-%D8%A7%D9%84%D9%85%D8%B1%D8%A3%D8%A9-%D9%85%D8%B9%D8%AA%D8%A7%D8%AF%D8%A9-%D8%AD%D8%AA%D9%89-%D8%AA%D8%B9%D8%B1%D9%81-%D8%B4%D9%87%D8%B1%D9%87%D8%A7,كتاب الطهارة → باب/فصل الحيض والاستحاضة والنفاس؛ exact edition/page passage still to extract,,الموسوعة الفقهية الكويتية,https://www.fiqhpedia.org/,مدخل مناسب: Nifas / related issue; exact entry to record during extraction,,,,PENDING,,,PASSAGE_EXTRACTION_REQUIRED,NOT_APPROVED_NOT_PUBLISHED
HNB-NIFAS-35,hanbali,Nifas,Multiple births,How is Nifas timing handled in twin or