atom_id,domain,madhhab,proposition,evidence_status,internet_audit_status,human_review_status,production_disposition,reason_for_disposition,qualifications,citation_source_references
HNB-HAID-01,FIQH,hanbali,"Kashshaf al-Qina' defines Haid as natural uterine blood, not caused by childbirth, occurring in a woman capable of menstruation.",LOCATOR_VERIFIED,NOT_REAUDITED_PRE_ESTABLISHED_EVIDENCE,NOT_REVIEWED,PRODUCTION_ELIGIBLE,"Pre-existing evidence-pack status is LOCATOR_VERIFIED (source located and matched to the proposition; never flagged as SCHOLAR_CLARIFICATION_REQUIRED or PARTIAL_EVIDENCE). Per explicit instruction this row was NOT re-researched in the internet evidence audit; this disposition is based on inspecting the row's existing evidence status, provenance, locator, and review state, not on new source verification. Eligible as an evidence-backed production candidate on that existing basis -- this is an evidence-strength classification, not a scholar approval.",No qualified Islamic scholar has reviewed or approved this ruling. Must never be presented to a user as scholar-approved or as a personal fatwa. See notes: Scholar to approve final app wording.,Primary: كشاف القناع، باب الحيض والاستحاضة والنفاس (https://islamweb.net/ar/library/content/16/397/)
HNB-HAID-02,FIQH,hanbali,The cited Hanbali treatment sets the minimum menstruating age at completion of nine lunar years; bleeding below that is not Haid.,LOCATOR_VERIFIED,NOT_REAUDITED_PRE_ESTABLISHED_EVIDENCE,NOT_REVIEWED,PRODUCTION_ELIGIBLE,"Pre-existing evidence-pack status is LOCATOR_VERIFIED (source located and matched to the proposition; never flagged as SCHOLAR_CLARIFICATION_REQUIRED or PARTIAL_EVIDENCE). Per explicit instruction this row was NOT re-researched in the internet evidence audit; this disposition is based on inspecting the row's existing evidence status, provenance, locator, and review state, not on new source verification. Eligible as an evidence-backed production candidate on that existing basis -- this is an evidence-strength classification, not a scholar approval.",No qualified Islamic scholar has reviewed or approved this ruling. Must never be presented to a user as scholar-approved or as a personal fatwa. See notes: Age calculation convention should be scholar-reviewed.,Primary: كشاف القناع، باب الحيض والاستحاضة والنفاس (https://islamweb.net/ar/library/content/16/410/)
HNB-HAID-03,FIQH,hanbali,"The relied-upon Hanbali text states that a pregnant woman does not menstruate; pregnancy bleeding is ordinarily treated as non-Haid, while blood immediately associated with labor can enter the Nifas rules.",LOCATOR_VERIFIED,NOT_REAUDITED_PRE_ESTABLISHED_EVIDENCE,NOT_REVIEWED,PRODUCTION_ELIGIBLE,"Pre-existing evidence-pack status is LOCATOR_VERIFIED (source located and matched to the proposition; never flagged as SCHOLAR_CLARIFICATION_REQUIRED or PARTIAL_EVIDENCE). Per explicit instruction this row was NOT re-researched in the internet evidence audit; this disposition is based on inspecting the row's existing evidence status, provenance, locator, and review state, not on new source verification. Eligible as an evidence-backed production candidate on that existing basis -- this is an evidence-strength classification, not a scholar approval.",No qualified Islamic scholar has reviewed or approved this ruling. Must never be presented to a user as scholar-approved or as a personal fatwa. See notes: High-impact difference from Maliki/Shafi'i; scholar approval required.,Primary: كشاف القناع، باب الحيض والاستحاضة والنفاس (https://islamweb.net/ar/library/content/16/411/) | Secondary: كشاف القناع، فصل في النفاس (https://www.islamweb.net/ar/library/content/16/449/%D9%81%D8%B5%D9%84-%D9%81%D9%8A-%D8%A7%D9%84%D9%86%D9%81%D8%A7%D8%B3)
HNB-HAID-04,FIQH,hanbali,The Hanbali minimum Haid duration in Kashshaf al-Qina' is one day and one night.,LOCATOR_VERIFIED,NOT_REAUDITED_PRE_ESTABLISHED_EVIDENCE,NOT_REVIEWED,PRODUCTION_ELIGIBLE,"Pre-existing evidence-pack status is LOCATOR_VERIFIED (source located and matched to the proposition; never flagged as SCHOLAR_CLARIFICATION_REQUIRED or PARTIAL_EVIDENCE). Per explicit instruction this row was NOT re-researched in the internet evidence audit; this disposition is based on inspecting the row's existing evidence status, provenance, locator, and review state, not on new source verification. Eligible as an evidence-backed production candidate on that existing basis -- this is an evidence-strength classification, not a scholar approval.",No qualified Islamic scholar has reviewed or approved this ruling. Must never be presented to a user as scholar-approved or as a personal fatwa. See notes: (none),Primary: كشاف القناع، فصل والمبتدأ بها الدم (https://islamweb.net/ar/library/content/16/417/) | Secondary: كشاف القناع، فصل والمبتدأ بها الدم (https://www.islamweb.net/ar/library/content/16/420/%D9%81%D8%B5%D9%84-%D9%88%D8%A7%D9%84%D9%85%D8%A8%D8%AA%D8%AF%D8%A3-%D8%A8%D9%87%D8%A7-%D8%A7%D9%84%D8%AF%D9%85)
HNB-HAID-05,FIQH,hanbali,The Hanbali maximum Haid duration in the cited source is fifteen days.,LOCATOR_VERIFIED,NOT_REAUDITED_PRE_ESTABLISHED_EVIDENCE,NOT_REVIEWED,PRODUCTION_ELIGIBLE,"Pre-existing evidence-pack status is LOCATOR_VERIFIED (source located and matched to the proposition; never flagged as SCHOLAR_CLARIFICATION_REQUIRED or PARTIAL_EVIDENCE). Per explicit instruction this row was NOT re-researched in the internet evidence audit; this disposition is based on inspecting the row's existing evidence status, provenance, locator, and review state, not on new source verification. Eligible as an evidence-backed production candidate on that existing basis -- this is an evidence-strength classification, not a scholar approval.",No qualified Islamic scholar has reviewed or approved this ruling. Must never be presented to a user as scholar-approved or as a personal fatwa. See notes: (none),Primary: كشاف القناع، فصل والمبتدأ بها الدم (https://www.islamweb.net/ar/library/content/16/420/%D9%81%D8%B5%D9%84-%D9%88%D8%A7%D9%84%D9%85%D8%A8%D8%AA%D8%AF%D8%A3-%D8%A8%D9%87%D8%A7-%D8%A7%D9%84%D8%AF%D9%85)
HNB-HAID-06,FIQH,hanbali,The minimum complete purity interval between two distinct Haid episodes is thirteen days in the cited Hanbali text.,LOCATOR_VERIFIED,NOT_REAUDITED_PRE_ESTABLISHED_EVIDENCE,NOT_REVIEWED,PRODUCTION_ELIGIBLE,"Pre-existing evidence-pack status is LOCATOR_VERIFIED (source located and matched to the proposition; never flagged as SCHOLAR_CLARIFICATION_REQUIRED or PARTIAL_EVIDENCE). Per explicit instruction this row was NOT re-researched in the internet evidence audit; this disposition is based on inspecting the row's existing evidence status, provenance, locator, and review state, not on new source verification. Eligible as an evidence-backed production candidate on that existing basis -- this is an evidence-strength classification, not a scholar approval.",No qualified Islamic scholar has reviewed or approved this ruling. Must never be presented to a user as scholar-approved or as a personal fatwa. See notes: (none),Primary: كشاف القناع، فصل المعتادة إذا استحيضت (https://www.islamweb.net/ar/library/content/16/434/%D9%81%D8%B5%D9%84-%D8%A7%D9%84%D9%85%D8%B9%D8%AA%D8%A7%D8%AF%D8%A9-%D8%A5%D8%B0%D8%A7-%D8%A7%D8%B3%D8%AA%D8%AD%D9%8A%D8%B6%D8%AA) | Secondary: كشاف القناع، أحكام الطهر (https://ablibrary.net/book_content/2200/239)
HNB-HAID-07,FIQH,hanbali,The cited Hanbali text states that there is no maximum duration of purity between menstrual episodes.,LOCATOR_VERIFIED,NOT_REAUDITED_PRE_ESTABLISHED_EVIDENCE,NOT_REVIEWED,PRODUCTION_ELIGIBLE,"Pre-existing evidence-pack status is LOCATOR_VERIFIED (source located and matched to the proposition; never flagged as SCHOLAR_CLARIFICATION_REQUIRED or PARTIAL_EVIDENCE). Per explicit instruction this row was NOT re-researched in the internet evidence audit; this disposition is based on inspecting the row's existing evidence status, provenance, locator, and review state, not on new source verification. Eligible as an evidence-backed production candidate on that existing basis -- this is an evidence-strength classification, not a scholar approval.",No qualified Islamic scholar has reviewed or approved this ruling. Must never be presented to a user as scholar-approved or as a personal fatwa. See notes: (none),Primary: كشاف القناع، أحكام الطهر (https://ablibrary.net/book_content/2200/239) | Secondary: كشاف القناع، فصل المعتادة إذا استحيضت (https://www.islamweb.net/ar/library/content/16/429/%D9%81%D8%B5%D9%84-%D8%A7%D9%84%D9%85%D8%B9%D8%AA%D8%A7%D8%AF%D8%A9-%D8%A5%D8%B0%D8%A7-%D8%A7%D8%B3%D8%AA%D8%AD%D9%8A%D8%B6%D8%AA)
HNB-HAID-08,FIQH,hanbali,Kashshaf al-Qina' treats yellow/brown discharge during the established habit as Haid.,LOCATOR_VERIFIED,NOT_REAUDITED_PRE_ESTABLISHED_EVIDENCE,NOT_REVIEWED,PRODUCTION_ELIGIBLE,"Pre-existing evidence-pack status is LOCATOR_VERIFIED (source located and matched to the proposition; never flagged as SCHOLAR_CLARIFICATION_REQUIRED or PARTIAL_EVIDENCE). Per explicit instruction this row was NOT re-researched in the internet evidence audit; this disposition is based on inspecting the row's existing evidence status, provenance, locator, and review state, not on new source verification. Eligible as an evidence-backed production candidate on that existing basis -- this is an evidence-strength classification, not a scholar approval.",No qualified Islamic scholar has reviewed or approved this ruling. Must never be presented to a user as scholar-approved or as a personal fatwa. See notes: Connected discharge outside a settled habit has additional nuance; scholar should approve the exact production rule.,Primary: كشاف القناع، أحكام الصفرة والكدرة، ص250 في النسخة المفهرسة (https://ablibrary.net/book_content/2200/250)
HNB-HAID-09,FIQH,hanbali,"The cited Hanbali text states that yellow/brown discharge after the established habit is not Haid, even if repeated; it separately invokes the report that post-purity yellow/brown was not counted.",LOCATOR_VERIFIED,NOT_REAUDITED_PRE_ESTABLISHED_EVIDENCE,NOT_REVIEWED,PRODUCTION_ELIGIBLE,"Pre-existing evidence-pack status is LOCATOR_VERIFIED (source located and matched to the proposition; never flagged as SCHOLAR_CLARIFICATION_REQUIRED or PARTIAL_EVIDENCE). Per explicit instruction this row was NOT re-researched in the internet evidence audit; this disposition is based on inspecting the row's existing evidence status, provenance, locator, and review state, not on new source verification. Eligible as an evidence-backed production candidate on that existing basis -- this is an evidence-strength classification, not a scholar approval.",No qualified Islamic scholar has reviewed or approved this ruling. Must never be presented to a user as scholar-approved or as a personal fatwa. See notes: Need scholar wording to distinguish 'after habit' from other connected-discharge scenarios.,Primary: كشاف القناع، أحكام الصفرة والكدرة، ص250 في النسخة المفهرسة (https://ablibrary.net/book_content/2200/250)
HNB-HAID-12,FIQH,hanbali,Hanbali talfiq combines separated bleeding segments into one Haid when intervening purity is shorter than the minimum Tuhr and the overall span/amount can legally be Haid; genuine clean intervals themselves are treated as purity.,LOCATOR_VERIFIED,NOT_REAUDITED_PRE_ESTABLISHED_EVIDENCE,NOT_REVIEWED,PRODUCTION_ELIGIBLE,"Pre-existing evidence-pack status is LOCATOR_VERIFIED (source located and matched to the proposition; never flagged as SCHOLAR_CLARIFICATION_REQUIRED or PARTIAL_EVIDENCE). Per explicit instruction this row was NOT re-researched in the internet evidence audit; this disposition is based on inspecting the row's existing evidence status, provenance, locator, and review state, not on new source verification. Eligible as an evidence-backed production candidate on that existing basis -- this is an evidence-strength classification, not a scholar approval.",No qualified Islamic scholar has reviewed or approved this ruling. Must never be presented to a user as scholar-approved or as a personal fatwa. See notes: Algorithm must distinguish status of the dry interval from aggregation of bleeding segments.,Primary: كشاف القناع، فصل في التلفيق (https://islamweb.net/ar/library/content/16/437/) | Secondary: كشاف القناع، فصل المعتادة إذا استحيضت (https://www.islamweb.com/ar/library/content/16/432/%D9%81%D8%B5%D9%84-%D8%A7%D9%84%D9%85%D8%B9%D8%AA%D8%A7%D8%AF%D8%A9-%D8%A5%D8%B0%D8%A7-%D8%A7%D8%B3%D8%AA%D8%AD%D9%8A%D8%B6%D8%AA)
HNB-HAID-13,FIQH,hanbali,If blood returns within the established habit it is sat as Haid; later returning blood can be joined by talfiq or treated as a separate Haid only when the Hanbali maximum-Haid/minimum-Tuhr conditions are satisfied.,LOCATOR_VERIFIED,NOT_REAUDITED_PRE_ESTABLISHED_EVIDENCE,NOT_REVIEWED,PRODUCTION_ELIGIBLE,"Pre-existing evidence-pack status is LOCATOR_VERIFIED (source located and matched to the proposition; never flagged as SCHOLAR_CLARIFICATION_REQUIRED or PARTIAL_EVIDENCE). Per explicit instruction this row was NOT re-researched in the internet evidence audit; this disposition is based on inspecting the row's existing evidence status, provenance, locator, and review state, not on new source verification. Eligible as an evidence-backed production candidate on that existing basis -- this is an evidence-strength classification, not a scholar approval.",No qualified Islamic scholar has reviewed or approved this ruling. Must never be presented to a user as scholar-approved or as a personal fatwa. See notes: (none),Primary: كشاف القناع، فصل المعتادة إذا استحيضت (https://www.islamweb.net/ar/library/content/16/433/%D9%81%D8%B5%D9%84-%D8%A7%D9%84%D9%85%D8%B9%D8%AA%D8%A7%D8%AF%D8%A9-%D8%A5%D8%B0%D8%A7-%D8%A7%D8%B3%D8%AA%D8%AD%D9%8A%D8%B6%D8%AA) | Secondary: كشاف القناع، فصل المعتادة إذا استحيضت (https://www.islamweb.net/ar/library/content/16/434/%D9%81%D8%B5%D9%84-%D8%A7%D9%84%D9%85%D8%B9%D8%AA%D8%A7%D8%AF%D8%A9-%D8%A5%D8%B0%D8%A7-%D8%A7%D8%B3%D8%AA%D8%AD%D9%8A%D8%B6%D8%AA)
HNB-HAID-14,FIQH,hanbali,"Under the text's conservative beginner rule, a first-time non-distinguishing bleeder initially sits the minimum Haid of one day/night; blood beyond that is treated cautiously until the pattern repeats, while valid tamyiz can control immediately.",SCHOLAR_CLARIFICATION_REQUIRED,CONFLICT_OR_JUDGMENT_REQUIRED,NOT_REVIEWED,FAIL_CLOSED,"Row explicitly states 'later Hanbali selections differ from this conservative text rule' and that 'reviewer must choose the relied-upon product position' -- named, explicit intra-school variance.",Independently internet-verified this audit wave; still requires qualified Islamic scholar review before any production use. Must never be presented to a user as scholar-approved or as a personal fatwa. See notes: Later Hanbali selections differ from this conservative text rule; reviewer must choose the relied-upon product position.,Primary: كشاف القناع، فصل والمبتدأ بها الدم (https://www.islamweb.net/ar/library/content/16/420/%D9%81%D8%B5%D9%84-%D9%88%D8%A7%D9%84%D9%85%D8%A8%D8%AA%D8%AF%D8%A3-%D8%A8%D9%87%D8%A7-%D8%A7%D9%84%D8%AF%D9%85) | Secondary: كشاف القناع، المبتدأة المميزة (https://islamweb.net/ar/library/content/16/425/%D9%81%D8%B5%D9%84-%D9%88%D8%A7%D9%84%D9%85%D8%A8%D8%AA%D8%AF%D8%A3-%D8%A8%D9%87%D8%A7-%D8%A7%D9%84%D8%AF%D9%85)
HNB-HAID-15,FIQH,hanbali,Kashshaf al-Qina' states that an established menstrual habit requires knowing the menstrual month/time and repetition over three months.,LOCATOR_VERIFIED,NOT_REAUDITED_PRE_ESTABLISHED_EVIDENCE,NOT_REVIEWED,PRODUCTION_ELIGIBLE,"Pre-existing evidence-pack status is LOCATOR_VERIFIED (source located and matched to the proposition; never flagged as SCHOLAR_CLARIFICATION_REQUIRED or PARTIAL_EVIDENCE). Per explicit instruction this row was NOT re-researched in the internet evidence audit; this disposition is based on inspecting the row's existing evidence status, provenance, locator, and review state, not on new source verification. Eligible as an evidence-backed production candidate on that existing basis -- this is an evidence-strength classification, not a scholar approval.",No qualified Islamic scholar has reviewed or approved this ruling. Must never be presented to a user as scholar-approved or as a personal fatwa. See notes: There are later/alternate Hanbali selections on some repetition questions; scholar review remains required.,Primary: كشاف القناع، فصل المعتادة إذا استحيضت (https://www.islamweb.net/ar/library/content/16/429/%D9%81%D8%B5%D9%84-%D8%A7%D9%84%D9%85%D8%B9%D8%AA%D8%A7%D8%AF%D8%A9-%D8%A5%D8%B0%D8%A7-%D8%A7%D8%B3%D8%AA%D8%AD%D9%8A%D8%B6%D8%AA)
HNB-HAID-16,FIQH,hanbali,"Kashshaf treats advancement, delay, or transfer of the established timing as a changed habit that in the stated text is not adopted until repeated three times; the same page records an alternate selection adopted by a number of later authorities.",SCHOLAR_CLARIFICATION_REQUIRED,CONFLICT_OR_JUDGMENT_REQUIRED,NOT_REVIEWED,FAIL_CLOSED,"Row explicitly names 'an alternate selection adopted by a number of later authorities' alongside the cited text's own three-repetitions rule -- genuine intra-Hanbali variant, matches the row's own instruction not to hard-code without a scholar decision.",Independently internet-verified this audit wave; still requires qualified Islamic scholar review before any production use. Must never be presented to a user as scholar-approved or as a personal fatwa. See notes: Explicit intra-Hanbali variant; do not hard-code without scholar decision.,Primary: كشاف القناع، فصل المعتادة إذا استحيضت (https://islamweb.net/ar/library/content/16/431/%D9%81%D8%B5%D9%84-%D8%A7%D9%84%D9%85%D8%B9%D8%AA%D8%A7%D8%AF%D8%A9-%D8%A5%D8%B0%D8%A7-%D8%A7%D8%B3%D8%AA%D8%AD%D9%8A%D8%B6%D8%AA)
HNB-HAID-17,FIQH,hanbali,"An increase or other change in the established duration is treated in the cited text like a beginner's excess and ordinarily awaits three repetitions, while an alternate cited selection accepts the change without repetition.",SCHOLAR_CLARIFICATION_REQUIRED,CONFLICT_OR_JUDGMENT_REQUIRED,NOT_REVIEWED,FAIL_CLOSED,"Same pattern as HNB-HAID-16: row explicitly names 'an alternate cited selection' that accepts the change without repetition, contrary to the primary passage's default -- genuine named disagreement.",Independently internet-verified this audit wave; still requires qualified Islamic scholar review before any production use. Must never be presented to a user as scholar-approved or as a personal fatwa. See notes: Needs founder/scholar selection of relied-upon Hanbali rule.,Primary: كشاف القناع، فصل المعتادة إذا استحيضت (https://islamweb.net/ar/library/content/16/431/%D9%81%D8%B5%D9%84-%D8%A7%D9%84%D9%85%D8%B9%D8%AA%D8%A7%D8%AF%D8%A9-%D8%A5%D8%B0%D8%A7-%D8%A7%D8%B3%D8%AA%D8%AD%D9%8A%D8%B6%D8%AA)
HNB-HAID-18,FIQH,hanbali,"Blood that exceeds the fifteen-day maximum cannot all be Haid; prolonged bleeding is routed into the Hanbali Istihada rules using habit, tamyiz, or fallback as applicable.",LOCATOR_VERIFIED,NOT_REAUDITED_PRE_ESTABLISHED_EVIDENCE,NOT_REVIEWED,PRODUCTION_ELIGIBLE,"Pre-existing evidence-pack status is LOCATOR_VERIFIED (source located and matched to the proposition; never flagged as SCHOLAR_CLARIFICATION_REQUIRED or PARTIAL_EVIDENCE). Per explicit instruction this row was NOT re-researched in the internet evidence audit; this disposition is based on inspecting the row's existing evidence status, provenance, locator, and review state, not on new source verification. Eligible as an evidence-backed production candidate on that existing basis -- this is an evidence-strength classification, not a scholar approval.",No qualified Islamic scholar has reviewed or approved this ruling. Must never be presented to a user as scholar-approved or as a personal fatwa. See notes: (none),Primary: كشاف القناع، فصل المعتادة إذا استحيضت (https://www.islamweb.net/ar/library/content/16/433/%D9%81%D8%B5%D9%84-%D8%A7%D9%84%D9%85%D8%B9%D8%AA%D8%A7%D8%AF%D8%A9-%D8%A5%D8%B0%D8%A7-%D8%A7%D8%B3%D8%AA%D8%AD%D9%8A%D8%B6%D8%AA) | Secondary: كشاف القناع، فصل والمبتدأ بها الدم (https://www.islamweb.net/ar/library/content/16/420/%D9%81%D8%B5%D9%84-%D9%88%D8%A7%D9%84%D9%85%D8%A8%D8%AA%D8%AF%D8%A3-%D8%A8%D9%87%D8%A7-%D8%A7%D9%84%D8%AF%D9%85)
HNB-HAID-19,FIQH,hanbali,"For a Mustahada who has both a known habit and distinguishable blood, Kashshaf al-Qina' gives the established habit precedence over tamyiz when they conflict; tamyiz is used when no controlling habit exists.",LOCATOR_VERIFIED,NOT_REAUDITED_PRE_ESTABLISHED_EVIDENCE,NOT_REVIEWED,PRODUCTION_ELIGIBLE,"Pre-existing evidence-pack status is LOCATOR_VERIFIED (source located and matched to the proposition; never flagged as SCHOLAR_CLARIFICATION_REQUIRED or PARTIAL_EVIDENCE). Per explicit instruction this row was NOT re-researched in the internet evidence audit; this disposition is based on inspecting the row's existing evidence status, provenance, locator, and review state, not on new source verification. Eligible as an evidence-backed production candidate on that existing basis -- this is an evidence-strength classification, not a scholar approval.",No qualified Islamic scholar has reviewed or approved this ruling. Must never be presented to a user as scholar-approved or as a personal fatwa. See notes: Direct classical-source locator now replaces the secondary summary. Valid tamyiz conditions still apply.,Primary: كشاف القناع، فصل المعتادة إذا استحيضت، ج1 (https://www.islamweb.net/ar/library/content/16/428/%D9%81%D8%B5%D9%84-%D8%A7%D9%84%D9%85%D8%B9%D8%AA%D8%A7%D8%AF%D8%A9-%D8%A5%D8%B0%D8%A7-%D8%A7%D8%B3%D8%AA%D8%AD%D9%8A%D8%B6%D8%AA) | Secondary: كشاف القناع، المبتدأة المميزة (https://islamweb.net/ar/library/content/16/425/%D9%81%D8%B5%D9%84-%D9%88%D8%A7%D9%84%D9%85%D8%A8%D8%AA%D8%AF%D8%A3-%D8%A8%D9%87%D8%A7-%D8%A7%D9%84%D8%AF%D9%85)
HNB-ISTI-20,FIQH,hanbali,Hanbali sources treat non-qualifying/prolonged blood outside valid Haid or Nifas classification as Istihada/فساد and then apply the continuous-bleeding rules.,LOCATOR_VERIFIED,NOT_REAUDITED_PRE_ESTABLISHED_EVIDENCE,NOT_REVIEWED,PRODUCTION_ELIGIBLE,"Pre-existing evidence-pack status is LOCATOR_VERIFIED (source located and matched to the proposition; never flagged as SCHOLAR_CLARIFICATION_REQUIRED or PARTIAL_EVIDENCE). Per explicit instruction this row was NOT re-researched in the internet evidence audit; this disposition is based on inspecting the row's existing evidence status, provenance, locator, and review state, not on new source verification. Eligible as an evidence-backed production candidate on that existing basis -- this is an evidence-strength classification, not a scholar approval.",No qualified Islamic scholar has reviewed or approved this ruling. Must never be presented to a user as scholar-approved or as a personal fatwa. See notes: (none),Primary: كشاف القناع، باب الحيض والاستحاضة والنفاس (https://islamweb.net/ar/library/content/16/397/) | Secondary: كشاف القناع، فصل المعتادة إذا استحيضت (https://www.islamweb.net/ar/library/content/16/433/%D9%81%D8%B5%D9%84-%D8%A7%D9%84%D9%85%D8%B9%D8%AA%D8%A7%D8%AF%D8%A9-%D8%A5%D8%B0%D8%A7-%D8%A7%D8%B3%D8%AA%D8%AD%D9%8A%D8%B6%D8%AA)
HNB-ISTI-21,FIQH,hanbali,A Mustahada with a reliable established habit returns to her habit for the Haid portion; the remaining continuous blood is Istihada.,LOCATOR_VERIFIED,NOT_REAUDITED_PRE_ESTABLISHED_EVIDENCE,NOT_REVIEWED,PRODUCTION_ELIGIBLE,"Pre-existing evidence-pack status is LOCATOR_VERIFIED (source located and matched to the proposition; never flagged as SCHOLAR_CLARIFICATION_REQUIRED or PARTIAL_EVIDENCE). Per explicit instruction this row was NOT re-researched in the internet evidence audit; this disposition is based on inspecting the row's existing evidence status, provenance, locator, and review state, not on new source verification. Eligible as an evidence-backed production candidate on that existing basis -- this is an evidence-strength classification, not a scholar approval.",No qualified Islamic scholar has reviewed or approved this ruling. Must never be presented to a user as scholar-approved or as a personal fatwa. See notes: (none),Primary: كشاف القناع، فصل المعتادة إذا استحيضت (https://www.islamweb.net/ar/library/content/16/428/)
HNB-ISTI-22,FIQH,hanbali,"When no controlling habit exists, valid tamyiz can classify stronger black/thick/foul blood as Haid and weaker red/thin blood as Istihada, subject to minimum/maximum timing conditions.",LOCATOR_VERIFIED,NOT_REAUDITED_PRE_ESTABLISHED_EVIDENCE,NOT_REVIEWED,PRODUCTION_ELIGIBLE,"Pre-existing evidence-pack status is LOCATOR_VERIFIED (source located and matched to the proposition; never flagged as SCHOLAR_CLARIFICATION_REQUIRED or PARTIAL_EVIDENCE). Per explicit instruction this row was NOT re-researched in the internet evidence audit; this disposition is based on inspecting the row's existing evidence status, provenance, locator, and review state, not on new source verification. Eligible as an evidence-backed production candidate on that existing basis -- this is an evidence-strength classification, not a scholar approval.",No qualified Islamic scholar has reviewed or approved this ruling. Must never be presented to a user as scholar-approved or as a personal fatwa. See notes: (none),Primary: كشاف القناع، المبتدأة المميزة (https://islamweb.net/ar/library/content/16/425/%D9%81%D8%B5%D9%84-%D9%88%D8%A7%D9%84%D9%85%D8%A8%D8%AA%D8%AF%D8%A3-%D8%A8%D9%87%D8%A7-%D8%A7%D9%84%D8%AF%D9%85) | Secondary: المغني، باب الحيض، مسائل التمييز (https://www.islamweb.net/ar/library/content/15/371/)
HNB-ISTI-23,FIQH,hanbali,"For a Mustahada with neither a reliable habit nor valid tamyiz, Kashshaf al-Qina' applies the Hanbali fallback of غالب الحيض, ordinarily six or seven days, with the detailed beginning-of-cycle rules stated in the text.",LOCATOR_VERIFIED,NOT_REAUDITED_PRE_ESTABLISHED_EVIDENCE,NOT_REVIEWED,PRODUCTION_ELIGIBLE,"Pre-existing evidence-pack status is LOCATOR_VERIFIED (source located and matched to the proposition; never flagged as SCHOLAR_CLARIFICATION_REQUIRED or PARTIAL_EVIDENCE). Per explicit instruction this row was NOT re-researched in the internet evidence audit; this disposition is based on inspecting the row's existing evidence status, provenance, locator, and review state, not on new source verification. Eligible as an evidence-backed production candidate on that existing basis -- this is an evidence-strength classification, not a scholar approval.",No qualified Islamic scholar has reviewed or approved this ruling. Must never be presented to a user as scholar-approved or as a personal fatwa. See notes: Direct Kshaf locator replaces the secondary Dorar page. Scholar should approve exact fallback/start-day wording.,Primary: كشاف القناع، فصل المعتادة إذا استحيضت، ج1 (https://www.islamweb.net/ar/library/content/16/429/%D9%81%D8%B5%D9%84-%D8%A7%D9%84%D9%85%D8%B9%D8%AA%D8%A7%D8%AF%D8%A9-%D8%A5%D8%B0%D8%A7-%D8%A7%D8%B3%D8%AA%D8%AD%D9%8A%D8%B6%D8%AA)
HNB-ISTI-24,FIQH,hanbali,"Istihada does not suspend Salah; the Mustahada cleans/protects herself, performs the required purification, and prays.",LOCATOR_VERIFIED,NOT_REAUDITED_PRE_ESTABLISHED_EVIDENCE,NOT_REVIEWED,PRODUCTION_ELIGIBLE,"Pre-existing evidence-pack status is LOCATOR_VERIFIED (source located and matched to the proposition; never flagged as SCHOLAR_CLARIFICATION_REQUIRED or PARTIAL_EVIDENCE). Per explicit instruction this row was NOT re-researched in the internet evidence audit; this disposition is based on inspecting the row's existing evidence status, provenance, locator, and review state, not on new source verification. Eligible as an evidence-backed production candidate on that existing basis -- this is an evidence-strength classification, not a scholar approval.",No qualified Islamic scholar has reviewed or approved this ruling. Must never be presented to a user as scholar-approved or as a personal fatwa. See notes: (none),Primary: كشاف القناع، أحكام المستحاضة (https://islamweb.net/ar/library/content/16/438/) | Secondary: كشاف القناع، أحكام المستحاضة (https://islamweb.net/ar/library/content/16/439/)
HNB-ISTI-25,FIQH,hanbali,"For continuous Istihada/excuse, the cited Hanbali text requires cleaning/protection and wudu after the prayer time begins; one such wudu remains valid through that time unless another nullifier occurs.",LOCATOR_VERIFIED,NOT_REAUDITED_PRE_ESTABLISHED_EVIDENCE,NOT_REVIEWED,PRODUCTION_ELIGIBLE,"Pre-existing evidence-pack status is LOCATOR_VERIFIED (source located and matched to the proposition; never flagged as SCHOLAR_CLARIFICATION_REQUIRED or PARTIAL_EVIDENCE). Per explicit instruction this row was NOT re-researched in the internet evidence audit; this disposition is based on inspecting the row's existing evidence status, provenance, locator, and review state, not on new source verification. Eligible as an evidence-backed production candidate on that existing basis -- this is an evidence-strength classification, not a scholar approval.",No qualified Islamic scholar has reviewed or approved this ruling. Must never be presented to a user as scholar-approved or as a personal fatwa. See notes: Different from Shafi'i one-wudu-per-fard formulation.,Primary: كشاف القناع، أحكام المستحاضة (https://islamweb.net/ar/library/content/16/438/) | Secondary: كشاف القناع، أحكام المستحاضة (https://islamweb.net/ar/library/content/16/439/)
HNB-ISTI-26,FIQH,hanbali,Istihada is not Haid/Nifas and does not itself prevent a valid fast.,LOCATOR_VERIFIED,NOT_REAUDITED_PRE_ESTABLISHED_EVIDENCE,NOT_REVIEWED,PRODUCTION_ELIGIBLE,"Pre-existing evidence-pack status is LOCATOR_VERIFIED (source located and matched to the proposition; never flagged as SCHOLAR_CLARIFICATION_REQUIRED or PARTIAL_EVIDENCE). Per explicit instruction this row was NOT re-researched in the internet evidence audit; this disposition is based on inspecting the row's existing evidence status, provenance, locator, and review state, not on new source verification. Eligible as an evidence-backed production candidate on that existing basis -- this is an evidence-strength classification, not a scholar approval.",No qualified Islamic scholar has reviewed or approved this ruling. Must never be presented to a user as scholar-approved or as a personal fatwa. See notes: (none),Primary: كشاف القناع، أحكام المستحاضة (https://islamweb.net/ar/library/content/16/438/) | Secondary: كشاف القناع، آثار الحيض على الصيام (https://www.islamweb.net/ar/library/content/16/401/%D8%A8%D8%A7%D8%A8-%D8%A7%D9%84%D8%AD%D9%8A%D8%B6-%D9%88%D8%A7%D9%84%D8%A7%D8%B3%D8%AA%D8%AD%D8%A7%D8%B6%D8%A9-%D9%88%D8%A7%D9%84%D9%86%D9%81%D8%A7%D8%B3)
HNB-ISTI-27,FIQH,hanbali,"Kashshaf al-Qina' makes the Mustahada perform Ghusl when her classified Haid interval ends and then resume prayer while Istihada continues. A separate Kshaf passage treats Ghusl for each prayer as recommended, not the ordinary mandatory rule.",LOCATOR_VERIFIED,NOT_REAUDITED_PRE_ESTABLISHED_EVIDENCE,NOT_REVIEWED,PRODUCTION_ELIGIBLE,"Pre-existing evidence-pack status is LOCATOR_VERIFIED (source located and matched to the proposition; never flagged as SCHOLAR_CLARIFICATION_REQUIRED or PARTIAL_EVIDENCE). Per explicit instruction this row was NOT re-researched in the internet evidence audit; this disposition is based on inspecting the row's existing evidence status, provenance, locator, and review state, not on new source verification. Eligible as an evidence-backed production candidate on that existing basis -- this is an evidence-strength classification, not a scholar approval.",No qualified Islamic scholar has reviewed or approved this ruling. Must never be presented to a user as scholar-approved or as a personal fatwa. See notes: Do not convert the recommended repeated Ghusl into a mandatory per-prayer rule.,Primary: كشاف القناع، فصل المعتادة إذا استحيضت، ج1 (https://www.islamweb.net/ar/library/content/16/428/%D9%81%D8%B5%D9%84-%D8%A7%D9%84%D9%85%D8%B9%D8%AA%D8%A7%D8%AF%D8%A9-%D8%A5%D8%B0%D8%A7-%D8%A7%D8%B3%D8%AA%D8%AD%D9%8A%D8%B6%D8%AA) | Secondary: كشاف القناع، فصل في الأغسال المسنونة (https://www.islamweb.net/ar/library/content/16/314/%D9%81%D8%B5%D9%84-%D9%81%D9%8A-%D8%A7%D9%84%D8%A3%D8%BA%D8%B3%D8%A7%D9%84-%D8%A7%D9%84%D9%85%D8%B3%D9%86%D9%88%D9%86%D8%A9)
HNB-NIFAS-28,FIQH,hanbali,Kashshaf al-Qina' treats childbirth-associated uterine blood as Nifas and includes blood seen up to two or three days before delivery when accompanied by signs of labor; that pre-birth interval is not counted from the post-birth forty-day maximum in the cited text.,LOCATOR_VERIFIED,NOT_REAUDITED_PRE_ESTABLISHED_EVIDENCE,NOT_REVIEWED,PRODUCTION_ELIGIBLE,"Pre-existing evidence-pack status is LOCATOR_VERIFIED (source located and matched to the proposition; never flagged as SCHOLAR_CLARIFICATION_REQUIRED or PARTIAL_EVIDENCE). Per explicit instruction this row was NOT re-researched in the internet evidence audit; this disposition is based on inspecting the row's existing evidence status, provenance, locator, and review state, not on new source verification. Eligible as an evidence-backed production candidate on that existing basis -- this is an evidence-strength classification, not a scholar approval.",No qualified Islamic scholar has reviewed or approved this ruling. Must never be presented to a user as scholar-approved or as a personal fatwa. See notes: Direct Kshaf locator now replaces the secondary fatwa quotation.,Primary: كشاف القناع، فصل في النفاس، ج1 (https://islamweb.net/ar/library/content/16/446/%D9%81%D8%B5%D9%84-%D9%81%D9%8A-%D8%A7%D9%84%D9%86%D9%81%D8%A7%D8%B3) | Secondary: كشاف القناع، فصل في النفاس (https://www.islamweb.net/ar/library/content/16/449/%D9%81%D8%B5%D9%84-%D9%81%D9%8A-%D8%A7%D9%84%D9%86%D9%81%D8%A7%D8%B3)
HNB-NIFAS-29,FIQH,hanbali,Kashshaf al-Qina' states that expulsion of an unformed alaqa or mudgha does not establish Nifas; Nifas is tied to pregnancy loss showing discernible human formation in the classical criterion. Mapping this criterion to modern clinical gestational categories still requires scholar and medical review.,SCHOLAR_CLARIFICATION_REQUIRED,CONFLICT_OR_JUDGMENT_REQUIRED,NOT_REVIEWED,FAIL_CLOSED,"Independently confirmed via search that Kashshaf al-Qina' (and general Hanbali fiqh discussion) does state that an undifferentiated alaqah/mudghah expulsion does not establish Nifas, tying the ruling to discernible human formation -- the classical position itself is confirmed and singular. However, the row's own note is explicit that mapping this classical criterion 'to modern clinical gestational categories still requires scholar and medical review' -- exactly the clinical/juristic joint-judgment case the directive requires be kept fail-closed, independent of how well the underlying citation verifies.",Independently internet-verified this audit wave; still requires qualified Islamic scholar review before any production use. Must never be presented to a user as scholar-approved or as a personal fatwa. See notes: Direct primary locator now established. Do not translate the classical fetal-formation criterion into a gestational-week cutoff without combined scholar/medical review.,Primary: كشاف القناع، فصل في النفاس، ج1 (https://islamweb.net/ar/library/content/16/448/%D9%81%D8%B5%D9%84-%D9%81%D9%8A-%D8%A7%D9%84%D9%86%D9%81%D8%A7%D8%B3)
HNB-NIFAS-30,FIQH,hanbali,The Hanbali source states there is no fixed minimum for Nifas; even a single drop can establish it when the causal childbirth criteria are met.,LOCATOR_VERIFIED,NOT_REAUDITED_PRE_ESTABLISHED_EVIDENCE,NOT_REVIEWED,PRODUCTION_ELIGIBLE,"Pre-existing evidence-pack status is LOCATOR_VERIFIED (source located and matched to the proposition; never flagged as SCHOLAR_CLARIFICATION_REQUIRED or PARTIAL_EVIDENCE). Per explicit instruction this row was NOT re-researched in the internet evidence audit; this disposition is based on inspecting the row's existing evidence status, provenance, locator, and review state, not on new source verification. Eligible as an evidence-backed production candidate on that existing basis -- this is an evidence-strength classification, not a scholar approval.",No qualified Islamic scholar has reviewed or approved this ruling. Must never be presented to a user as scholar-approved or as a personal fatwa. See notes: (none),Primary: كشاف القناع، فصل في النفاس (https://www.islamweb.net/ar/library/content/16/449/%D9%81%D8%B5%D9%84-%D9%81%D9%8A-%D8%A7%D9%84%D9%86%D9%81%D8%A7%D8%B3)
HNB-NIFAS-31,FIQH,hanbali,The cited Hanbali maximum Nifas period is forty days.,LOCATOR_VERIFIED,NOT_REAUDITED_PRE_ESTABLISHED_EVIDENCE,NOT_REVIEWED,PRODUCTION_ELIGIBLE,"Pre-existing evidence-pack status is LOCATOR_VERIFIED (source located and matched to the proposition; never flagged as SCHOLAR_CLARIFICATION_REQUIRED or PARTIAL_EVIDENCE). Per explicit instruction this row was NOT re-researched in the internet evidence audit; this disposition is based on inspecting the row's existing evidence status, provenance, locator, and review state, not on new source verification. Eligible as an evidence-backed production candidate on that existing basis -- this is an evidence-strength classification, not a scholar approval.",No qualified Islamic scholar has reviewed or approved this ruling. Must never be presented to a user as scholar-approved or as a personal fatwa. See notes: (none),Primary: كشاف القناع، فصل في النفاس (https://www.islamweb.net/ar/library/content/16/449/%D9%81%D8%B5%D9%84-%D9%81%D9%8A-%D8%A7%D9%84%D9%86%D9%81%D8%A7%D8%B3) | Secondary: المغني، أكثر النفاس أربعون يوما (https://www.islamweb.org/ar/library/index.php?ID=1010&bk_no=-1&page=listing&pageno=1)
HNB-NIFAS-32,FIQH,hanbali,"If Nifas blood stops within the forty-day period, the cited Hanbali text treats the woman as pure: she bathes, prays, and fasts.",LOCATOR_VERIFIED,NOT_REAUDITED_PRE_ESTABLISHED_EVIDENCE,NOT_REVIEWED,PRODUCTION_ELIGIBLE,"Pre-existing evidence-pack status is LOCATOR_VERIFIED (source located and matched to the proposition; never flagged as SCHOLAR_CLARIFICATION_REQUIRED or PARTIAL_EVIDENCE). Per explicit instruction this row was NOT re-researched in the internet evidence audit; this disposition is based on inspecting the row's existing evidence status, provenance, locator, and review state, not on new source verification. Eligible as an evidence-backed production candidate on that existing basis -- this is an evidence-strength classification, not a scholar approval.",No qualified Islamic scholar has reviewed or approved this ruling. Must never be presented to a user as scholar-approved or as a personal fatwa. See notes: Return of blood is a separate atom.,Primary: كشاف القناع، فصل في النفاس (https://www.islamweb.net/ar/library/content/16/449/%D9%81%D8%B5%D9%84-%D9%81%D9%8A-%D8%A7%D9%84%D9%86%D9%81%D8%A7%D8%B3)
HNB-NIFAS-33,FIQH,hanbali,Hanbali sources treat blood that returns within the forty-day window after a clean interval as a doubtful Nifas/فساد case in the cited comparative evidence; the woman prays and fasts while later making up obligatory fasting as precaution.,SCHOLAR_CLARIFICATION_REQUIRED,CONFLICT_OR_JUDGMENT_REQUIRED,NOT_REVIEWED,FAIL_CLOSED,"Row describes this as a 'doubtful Nifas/fasad case' by the cited comparative evidence itself (the classical treatment already frames it as a precautionary, uncertain state -- pray/fast now, make up fasting later as precaution) and states 'the exact direct primary passage for the returning-blood subcase should be isolated before coding.' Both the doctrinal uncertainty and the citation precision remain open.",Independently internet-verified this audit wave; still requires qualified Islamic scholar review before any production use. Must never be presented to a user as scholar-approved or as a personal fatwa. See notes: Exact direct primary passage for the returning-blood subcase should be isolated before coding.,Primary: الموسوعة الفقهية الكويتية، نفاس، ناقلة عن كشاف القناع 1/220 (https://content.awqaf.gov.kw/BasicPages/2020/9/3f1343c6e40f40bcbe66c8c36fc24bee.pdf) | Secondary: كشاف القناع، فصل في النفاس (https://www.islamweb.net/ar/library/content/16/451/%D9%81%D8%B5%D9%84-%D9%81%D9%8A-%D8%A7%D9%84%D9%86%D9%81%D8%A7%D8%B3)
HNB-NIFAS-34,FIQH,hanbali,"Blood continuing beyond forty days is not automatically Nifas; if it coincides with a valid Haid habit/criteria it can be Haid, otherwise it is treated as Istihada/فساد under the cited Hanbali rules.",LOCATOR_VERIFIED,NOT_REAUDITED_PRE_ESTABLISHED_EVIDENCE,NOT_REVIEWED,PRODUCTION_ELIGIBLE,"Pre-existing evidence-pack status is LOCATOR_VERIFIED (source located and matched to the proposition; never flagged as SCHOLAR_CLARIFICATION_REQUIRED or PARTIAL_EVIDENCE). Per explicit instruction this row was NOT re-researched in the internet evidence audit; this disposition is based on inspecting the row's existing evidence status, provenance, locator, and review state, not on new source verification. Eligible as an evidence-backed production candidate on that existing basis -- this is an evidence-strength classification, not a scholar approval.",No qualified Islamic scholar has reviewed or approved this ruling. Must never be presented to a user as scholar-approved or as a personal fatwa. See notes: (none),Primary: كشاف القناع، فصل في النفاس (https://islamweb.net/ar/library/content/16/447/) | Secondary: المغني، زاد دم النفساء على أربعين (https://www.islamweb.org/ar/library/index.php?ID=1010&bk_no=-1&page=listing&pageno=1)
HNB-NIFAS-35,FIQH,hanbali,"For twins/multiples, the cited Hanbali text counts the beginning and end of Nifas from the first child; if forty or more days separate the births, it states there is no new Nifas for the second under that text's rule.",LOCATOR_VERIFIED,NOT_REAUDITED_PRE_ESTABLISHED_EVIDENCE,NOT_REVIEWED,PRODUCTION_ELIGIBLE,"Pre-existing evidence-pack status is LOCATOR_VERIFIED (source located and matched to the proposition; never flagged as SCHOLAR_CLARIFICATION_REQUIRED or PARTIAL_EVIDENCE). Per explicit instruction this row was NOT re-researched in the internet evidence audit; this disposition is based on inspecting the row's existing evidence status, provenance, locator, and review state, not on new source verification. Eligible as an evidence-backed production candidate on that existing basis -- this is an evidence-strength classification, not a scholar approval.",No qualified Islamic scholar has reviewed or approved this ruling. Must never be presented to a user as scholar-approved or as a personal fatwa. See notes: Scholar should confirm relied-upon handling of modern multiple-birth edge cases.,Primary: كشاف القناع، فصل في النفاس (https://islamweb.net/ar/library/content/16/451/%D9%81%D8%B5%D9%84-%D9%81%D9%8A-%D8%A7%D9%84%D9%86%D9%81%D8%A7%D8%B3)
HNB-NIFAS-36,FIQH,hanbali,Nifas carries the same core worship prohibitions as Haid: prayer and fasting are not performed validly while Nifas continues; obligatory fasting is later made up while prayers missed solely because of the state are not.,LOCATOR_VERIFIED,NOT_REAUDITED_PRE_ESTABLISHED_EVIDENCE,NOT_REVIEWED,PRODUCTION_ELIGIBLE,"Pre-existing evidence-pack status is LOCATOR_VERIFIED (source located and matched to the proposition; never flagged as SCHOLAR_CLARIFICATION_REQUIRED or PARTIAL_EVIDENCE). Per explicit instruction this row was NOT re-researched in the internet evidence audit; this disposition is based on inspecting the row's existing evidence status, provenance, locator, and review state, not on new source verification. Eligible as an evidence-backed production candidate on that existing basis -- this is an evidence-strength classification, not a scholar approval.",No qualified Islamic scholar has reviewed or approved this ruling. Must never be presented to a user as scholar-approved or as a personal fatwa. See notes: (none),Primary: كشاف القناع، باب الحيض والاستحاضة والنفاس (https://www.islamweb.net/ar/library/content/16/401/%D8%A8%D8%A7%D8%A8-%D8%A7%D9%84%D8%AD%D9%8A%D8%B6-%D9%88%D8%A7%D9%84%D8%A7%D8%B3%D8%AA%D8%AD%D8%A7%D8%B6%D8%A9-%D9%88%D8%A7%D9%84%D9%86%D9%81%D8%A7%D8%B3) | Secondary: كشاف القناع، فصل في النفاس (https://www.islamweb.net/ar/library/content/16/449/%D9%81%D8%B5%D9%84-%D9%81%D9%8A-%D8%A7%D9%84%D9%86%D9%81%D8%A7%D8%B3)
HNB-NIFAS-37,FIQH,hanbali,"When Nifas ends, the woman bathes before resuming acts requiring ritual purity; the cited source expressly states Ghusl when blood stops within forty days.",LOCATOR_VERIFIED,NOT_REAUDITED_PRE_ESTABLISHED_EVIDENCE,NOT_REVIEWED,PRODUCTION_ELIGIBLE,"Pre-existing evidence-pack status is LOCATOR_VERIFIED (source located and matched to the proposition; never flagged as SCHOLAR_CLARIFICATION_REQUIRED or PARTIAL_EVIDENCE). Per explicit instruction this row was NOT re-researched in the internet evidence audit; this disposition is based on inspecting the row's existing evidence status, provenance, locator, and review state, not on new source verification. Eligible as an evidence-backed production candidate on that existing basis -- this is an evidence-strength classification, not a scholar approval.",No qualified Islamic scholar has reviewed or approved this ruling. Must never be presented to a user as scholar-approved or as a personal fatwa. See notes: (none),Primary: كشاف القناع، فصل في النفاس (https://www.islamweb.net/ar/library/content/16/449/%D9%81%D8%B5%D9%84-%D9%81%D9%8A-%D8%A7%D9%84%D9%86%D9%81%D8%A7%D8%B3) | Secondary: كشاف القناع، الغسل من النفاس (https://islamweb.net/ar/library/content/16/316/)
HNB-TAHARA-10,FIQH,hanbali,"Kashshaf al-Qina' recognizes complete clean dryness—where inserted cotton is not discolored—as valid purity, even for a very short interval.",LOCATOR_VERIFIED,NOT_REAUDITED_PRE_ESTABLISHED_EVIDENCE,NOT_REVIEWED,PRODUCTION_ELIGIBLE,"Pre-existing evidence-pack status is LOCATOR_VERIFIED (source located and matched to the proposition; never flagged as SCHOLAR_CLARIFICATION_REQUIRED or PARTIAL_EVIDENCE). Per explicit instruction this row was NOT re-researched in the internet evidence audit; this disposition is based on inspecting the row's existing evidence status, provenance, locator, and review state, not on new source verification. Eligible as an evidence-backed production candidate on that existing basis -- this is an evidence-strength classification, not a scholar approval.",No qualified Islamic scholar has reviewed or approved this ruling. Must never be presented to a user as scholar-approved or as a personal fatwa. See notes: (none),Primary: كشاف القناع، فصل المعتادة إذا استحيضت (https://www.islamweb.com/ar/library/content/16/432/%D9%81%D8%B5%D9%84-%D8%A7%D9%84%D9%85%D8%B9%D8%AA%D8%A7%D8%AF%D8%A9-%D8%A5%D8%B0%D8%A7-%D8%A7%D8%B3%D8%AA%D8%AD%D9%8A%D8%B6%D8%AA) | Secondary: كشاف القناع، ص248 في النسخة المفهرسة (https://ablibrary.net/book_content/b/3412/248)
HNB-TAHARA-11,FIQH,hanbali,The cited Hanbali menstruation discussion recognizes the white discharge as a sign associated with the end of menstruation; the same source distinguishes it from yellow/brown menstrual discharge.,PARTIAL_EVIDENCE,PRIMARY_SOURCE_VERIFIED,NOT_REVIEWED,FAIL_CLOSED,"Directly re-fetched this session (ablibrary.net, book_content/2200/250): independently confirmed verbatim as Kashshaf al-Qina' by al-Bahuti, page 250, containing both the exact hadith citation ('la ta'jalna hatta tarayna al-qassa al-bayda') establishing white discharge as a purity sign, AND the companion-era report that yellow/brown discharge after purity was not counted as significant. No competing Hanbali position is named in this row. This is the single most directly-verified row in the entire unresolved set -- a real, on-topic, page-specific classical citation confirmed by direct fetch, not just search-index matching. Still FAIL_CLOSED for production (no scholar sign-off exists), but the underlying source is solid; remaining gap is app-specific state-transition wording per the row's own note.",Independently internet-verified this audit wave; still requires qualified Islamic scholar review before any production use. Must never be presented to a user as scholar-approved or as a personal fatwa. See notes: Exact standalone state-transition wording for القصة البيضاء should receive scholar approval.,Primary: كشاف القناع، أحكام الصفرة والكدرة، ص250 (https://ablibrary.net/book_content/2200/250)
HNB-TRANS-38,FIQH,hanbali,"If Haid/Nifas ends with even the Hanbali minimum recognized amount of the current prayer time remaining, the current prayer becomes due; when the current prayer is one combinable with the preceding prayer, the preceding one is also due under the cited text.",LOCATOR_VERIFIED,NOT_REAUDITED_PRE_ESTABLISHED_EVIDENCE,NOT_REVIEWED,PRODUCTION_ELIGIBLE,"Pre-existing evidence-pack status is LOCATOR_VERIFIED (source located and matched to the proposition; never flagged as SCHOLAR_CLARIFICATION_REQUIRED or PARTIAL_EVIDENCE). Per explicit instruction this row was NOT re-researched in the internet evidence audit; this disposition is based on inspecting the row's existing evidence status, provenance, locator, and review state, not on new source verification. Eligible as an evidence-backed production candidate on that existing basis -- this is an evidence-strength classification, not a scholar approval.",No qualified Islamic scholar has reviewed or approved this ruling. Must never be presented to a user as scholar-approved or as a personal fatwa. See notes: Text uses a takbir-sized remainder; app implementation needs controlled prayer-time arithmetic.,Primary: كشاف القناع، فصل فيما يدرك به أداء الصلاة (https://islamweb.net/ar/library/content/16/533/%D9%81%D8%B5%D9%84-%D9%81%D9%8A%D9%85%D8%A7-%D9%8A%D8%AF%D8%B1%D9%83-%D8%A8%D9%87-%D8%A3%D8%AF%D8%A7%D8%A1-%D8%A7%D9%84%D8%B5%D9%84%D8%A7%D8%A9) | Secondary: كشاف القناع، ص308 (https://ablibrary.net/book_content/b/3412/308)
HNB-TRANS-39,FIQH,hanbali,"If a woman was eligible at the beginning of a prayer time for at least the amount of a takbir and Haid/Nifas then began, the cited Hanbali text makes that prayer due for qada after the excuse ends.",LOCATOR_VERIFIED,NOT_REAUDITED_PRE_ESTABLISHED_EVIDENCE,NOT_REVIEWED,PRODUCTION_ELIGIBLE,"Pre-existing evidence-pack status is LOCATOR_VERIFIED (source located and matched to the proposition; never flagged as SCHOLAR_CLARIFICATION_REQUIRED or PARTIAL_EVIDENCE). Per explicit instruction this row was NOT re-researched in the internet evidence audit; this disposition is based on inspecting the row's existing evidence status, provenance, locator, and review state, not on new source verification. Eligible as an evidence-backed production candidate on that existing basis -- this is an evidence-strength classification, not a scholar approval.",No qualified Islamic scholar has reviewed or approved this ruling. Must never be presented to a user as scholar-approved or as a personal fatwa. See notes: This is a Madhhab-specific rule and should not be generalized across schools.,Primary: كشاف القناع، فصل فيما يدرك به أداء الصلاة (https://islamweb.net/ar/library/content/16/533/%D9%81%D8%B5%D9%84-%D9%81%D9%8A%D9%85%D8%A7-%D9%8A%D8%AF%D8%B1%D9%83-%D8%A8%D9%87-%D8%A3%D8%AF%D8%A7%D8%A1-%D8%A7%D9%84%D8%B5%D9%84%D8%A7%D8%A9) | Secondary: كشاف القناع، ص307 (https://ablibrary.net/book_content/b/3412/307?lang=ar)
HNB-TRANS-40,FIQH,hanbali,"The Kuwaiti Fiqh Encyclopedia records juristic agreement that if a woman becomes pure before Fajr, that day's fast is due. For the Hanbali workstream, contemporary commentary on Kashshaf al-Qina' also states that the fast can be valid when Tahara occurred before Fajr even if Ghusl is delayed until after Fajr, subject to the required fasting intention.",PARTIAL_EVIDENCE,INSTITUTIONALLY_CORROBORATED,NOT_REVIEWED,FAIL_CLOSED,"The Kuwaiti Fiqh Encyclopedia passage cited is explicitly described (in the row's own locator) as recording 'ittifaq al-fuqaha' -- JURISTS' AGREEMENT/consensus -- that a woman who becomes pure before Fajr owes that day's fast, independently corroborated by a second, distinct Hanbali-specific commentary source on Kashshaf al-Qina'. This is the strongest-evidenced row in the entire unresolved Hanbali set: a comparative institutional source stating cross-school consensus, plus a school-specific secondary source, on the SAME point. Still FAIL_CLOSED for production (no scholar sign-off exists, and the row itself asks for a more direct classical-page locator before publication), but this is a materially stronger evidentiary position than a typical single-source Hanafi/Maliki/Shafi'i row in this set.","Independently internet-verified this audit wave; still requires qualified Islamic scholar review before any production use. Must never be presented to a user as scholar-approved or as a personal fatwa. See notes: The substantive rule is strongly supported and the primary source is official comparative evidence, but a direct classical Kshaf page for this exact pre-Fajr proposition is still preferable before production publication.",Primary: الموسوعة الفقهية الكويتية، ج18، مادة حيض/الصوم، ص36-37 (اتفاق الفقهاء على وجوب الصوم إذا طهرت قبل الفجر) (https://content.awqaf.gov.kw/BasicPages/2020/9/cc86e10bc3714e87ae0e10b2c66e6e11.pdf) | Secondary: التعليق على كتاب الصيام من كشاف القناع، مسألة طهر الحائض قبل الفجر (https://baheth.ieasybooks.com/ar/media/8-%D8%A7%D9%84%D8%AA%D8%B9%D9%84%D9%8A%D9%82-%D8%B9%D9%84%D9%89-%D9%83%D8%AA%D8%A7%D8%A8-%D8%A7%D9%84%D8%B5%D9%8A%D8%A7%D9%85-%D9%85%D9%86-%D9%83%D8%B4%D8%A7%D9%81-%D8%A7%D9%84%D9%82%D9%86%D8%A7%D8%B9-%D8%B9%D9%86-%D8%A7%D9%84%D8%A5%D9%82%D9%86%D8%A7%D8%B9-%D9%81%D8%B6%D9%8A%D9%84%D8%A9-%D8%A7%D9%84%D8%B4%D9%8A%D8%AE-%D8%A3%D8%AF-%D8%B3%D8%A7%D9%85%D9%8A-%D8%A7%D9%84%D8%B5%D9%82%D9%8A%D8%B1-22-%D8%B1%D8%AC%D8%A8-1445%D9%87)
HNB-TRANS-41,FIQH,hanbali,The cited Hanbali position requires a menstruating/postpartum woman who becomes pure during a Ramadan day to refrain for the rest of that day and also make the day up later.,LOCATOR_VERIFIED,NOT_REAUDITED_PRE_ESTABLISHED_EVIDENCE,NOT_REVIEWED,PRODUCTION_ELIGIBLE,"Pre-existing evidence-pack status is LOCATOR_VERIFIED (source located and matched to the proposition; never flagged as SCHOLAR_CLARIFICATION_REQUIRED or PARTIAL_EVIDENCE). Per explicit instruction this row was NOT re-researched in the internet evidence audit; this disposition is based on inspecting the row's existing evidence status, provenance, locator, and review state, not on new source verification. Eligible as an evidence-backed production candidate on that existing basis -- this is an evidence-strength classification, not a scholar approval.","No qualified Islamic scholar has reviewed or approved this ruling. Must never be presented to a user as scholar-approved or as a personal fatwa. See notes: The cited text is the Madhhab position; contemporary scholars may choose differently, so scholar review remains mandatory.",Primary: كشاف القناع، كتاب الصيام (https://islamweb.net/ar/library/content/16/1962/) | Secondary: شرح كشاف القناع، نفس المسألة (https://baheth.ieasybooks.com/ar/media/3-%D8%A7%D9%84%D8%AA%D8%B9%D9%84%D9%8A%D9%82-%D8%B9%D9%84%D9%89-%D9%83%D8%AA%D8%A7%D8%A8-%D8%A7%D9%84%D8%B5%D9%8A%D8%A7%D9%85-%D9%85%D9%86-%D9%83%D8%B4%D8%A7%D9%81-%D8%A7%D9%84%D9%82%D9%86%D8%A7%D8%B9-%D8%B9%D9%86-%D8%A7%D9%84%D8%A5%D9%82%D9%86%D8%A7%D8%B9-%D9%81%D8%B6%D9%8A%D9%84%D8%A9-%D8%A7%D9%84%D8%B4%D9%8A%D8%AE-%D8%A3%D8%AF-%D8%B3%D8%A7%D9%85%D9%8A-%D8%A7%D9%84%D8%B5%D9%82%D9%8A%D8%B1-13-%D8%B1%D8%AC%D8%A8-1445%D9%87)
HNB-TRANS-42,FIQH,hanbali,"Haid/Nifas prevents valid fasting; if qualifying bleeding begins before sunset during Ramadan, the day is not valid as an obligatory fast and is later made up.",LOCATOR_VERIFIED,NOT_REAUDITED_PRE_ESTABLISHED_EVIDENCE,NOT_REVIEWED,PRODUCTION_ELIGIBLE,"Pre-existing evidence-pack status is LOCATOR_VERIFIED (source located and matched to the proposition; never flagged as SCHOLAR_CLARIFICATION_REQUIRED or PARTIAL_EVIDENCE). Per explicit instruction this row was NOT re-researched in the internet evidence audit; this disposition is based on inspecting the row's existing evidence status, provenance, locator, and review state, not on new source verification. Eligible as an evidence-backed production candidate on that existing basis -- this is an evidence-strength classification, not a scholar approval.",No qualified Islamic scholar has reviewed or approved this ruling. Must never be presented to a user as scholar-approved or as a personal fatwa. See notes: Exact 'before sunset' wording is a consequence of the prohibition + qada rule; scholar should approve UX wording.,Primary: كشاف القناع، باب الحيض والاستحاضة والنفاس (https://www.islamweb.net/ar/library/content/16/401/%D8%A8%D8%A7%D8%A8-%D8%A7%D9%84%D8%AD%D9%8A%D8%B6-%D9%88%D8%A7%D9%84%D8%A7%D8%B3%D8%AA%D8%AD%D8%A7%D8%B6%D8%A9-%D9%88%D8%A7%D9%84%D9%86%D9%81%D8%A7%D8%B3)
HNB-TRANS-43,FIQH,hanbali,Prayers missed solely during valid Haid are not made up; Nifas follows the same core rule. This does not erase a prayer obligation that had already settled before bleeding began.,LOCATOR_VERIFIED,NOT_REAUDITED_PRE_ESTABLISHED_EVIDENCE,NOT_REVIEWED,PRODUCTION_ELIGIBLE,"Pre-existing evidence-pack status is LOCATOR_VERIFIED (source located and matched to the proposition; never flagged as SCHOLAR_CLARIFICATION_REQUIRED or PARTIAL_EVIDENCE). Per explicit instruction this row was NOT re-researched in the internet evidence audit; this disposition is based on inspecting the row's existing evidence status, provenance, locator, and review state, not on new source verification. Eligible as an evidence-backed production candidate on that existing basis -- this is an evidence-strength classification, not a scholar approval.",No qualified Islamic scholar has reviewed or approved this ruling. Must never be presented to a user as scholar-approved or as a personal fatwa. See notes: (none),Primary: كشاف القناع، باب الحيض والاستحاضة والنفاس (https://www.islamweb.net/ar/library/content/16/401/%D8%A8%D8%A7%D8%A8-%D8%A7%D9%84%D8%AD%D9%8A%D8%B6-%D9%88%D8%A7%D9%84%D8%A7%D8%B3%D8%AA%D8%AD%D8%A7%D8%B6%D8%A9-%D9%88%D8%A7%D9%84%D9%86%D9%81%D8%A7%D8%B3) | Secondary: كشاف القناع، بداية وقت الصلاة/طروء المانع (https://islamweb.net/ar/library/content/16/533/%D9%81%D8%B5%D9%84-%D9%81%D9%8A%D9%85%D8%A7-%D9%8A%D8%AF%D8%B1%D9%83-%D8%A8%D9%87-%D8%A3%D8%AF%D8%A7%D8%A1-%D8%A7%D9%84%D8%B5%D9%84%D8%A7%D8%A9)
HNB-TRANS-44,FIQH,hanbali,Obligatory Ramadan fasts missed because of valid Haid/Nifas are made up later.,LOCATOR_VERIFIED,NOT_REAUDITED_PRE_ESTABLISHED_EVIDENCE,NOT_REVIEWED,PRODUCTION_ELIGIBLE,"Pre-existing evidence-pack status is LOCATOR_VERIFIED (source located and matched to the proposition; never flagged as SCHOLAR_CLARIFICATION_REQUIRED or PARTIAL_EVIDENCE). Per explicit instruction this row was NOT re-researched in the internet evidence audit; this disposition is based on inspecting the row's existing evidence status, provenance, locator, and review state, not on new source verification. Eligible as an evidence-backed production candidate on that existing basis -- this is an evidence-strength classification, not a scholar approval.",No qualified Islamic scholar has reviewed or approved this ruling. Must never be presented to a user as scholar-approved or as a personal fatwa. See notes: (none),Primary: كشاف القناع، باب الحيض والاستحاضة والنفاس (https://www.islamweb.net/ar/library/content/16/401/%D8%A8%D8%A7%D8%A8-%D8%A7%D9%84%D8%AD%D9%8A%D8%B6-%D9%88%D8%A7%D9%84%D8%A7%D8%B3%D8%AA%D8%AD%D8%A7%D8%B6%D8%A9-%D9%88%D8%A7%D9%84%D9%86%D9%81%D8%A7%D8%B3)
HNB-TRANS-45,FIQH,hanbali,"When blood classification remains uncertain under Hanbali beginner/change/returning-Nifas rules, the sources themselves sometimes impose precautionary prayer/fasting behavior rather than categorical certainty; Niswah must preserve UNKNOWN/uncertain status until approved logic resolves the case.",SCHOLAR_CLARIFICATION_REQUIRED,CONFLICT_OR_JUDGMENT_REQUIRED,NOT_REVIEWED,FAIL_CLOSED,Same category as SHF-TRANS-45: this atom's subject is uncertainty-preservation itself under Hanbali beginner/change/returning-nifas rules. Row explicitly frames this as a 'product safety rule: do not fabricate certainty from incomplete evidence' -- the clearest possible instruction to keep fail-closed.,Independently internet-verified this audit wave; still requires qualified Islamic scholar review before any production use. Must never be presented to a user as scholar-approved or as a personal fatwa. See notes: Product safety rule: do not fabricate certainty from incomplete evidence.,Primary: كشاف القناع، beginner/change rules (https://www.islamweb.net/ar/library/content/16/420/%D9%81%D8%B5%D9%84-%D9%88%D8%A7%D9%84%D9%85%D8%A8%D8%AA%D8%AF%D8%A3-%D8%A8%D9%87%D8%A7-%D8%A7%D9%84%D8%AF%D9%85) | Secondary: الموسوعة الفقهية الكويتية، returning Nifas citing Kshaf 1/220 (https://content.awqaf.gov.kw/BasicPages/2020/9/3f1343c6e40f40bcbe66c8c36fc24bee.pdf)
HNF-HAID-01,FIQH,hanafi,"Hanafi texts define Haid as uterine bleeding not caused by childbirth, subject to the school's timing/eligibility constraints.",LOCATOR_VERIFIED,NOT_REAUDITED_PRE_ESTABLISHED_EVIDENCE,NOT_REVIEWED,PRODUCTION_ELIGIBLE,"Pre-existing evidence-pack status is LOCATOR_VERIFIED (source located and matched to the proposition; never flagged as SCHOLAR_CLARIFICATION_REQUIRED or PARTIAL_EVIDENCE). Per explicit instruction this row was NOT re-researched in the internet evidence audit; this disposition is based on inspecting the row's existing evidence status, provenance, locator, and review state, not on new source verification. Eligible as an evidence-backed production candidate on that existing basis -- this is an evidence-strength classification, not a scholar approval.",No qualified Islamic scholar has reviewed or approved this ruling. Must never be presented to a user as scholar-approved or as a personal fatwa. See notes: Scholar to approve production wording.,"Primary: رد المحتار, كتاب الطهارة, باب الحيض, p.283 (https://islamweb.net/ar/library/content/27/363/%D8%A8%D8%A7%D8%A8-%D8%A7%D9%84%D8%AD%D9%8A%D8%B6) | Secondary: بدائع الصنائع, كتاب الطهارة, فصل الحيض وأحكامه (https://www.islamweb.net/ar/library/content/12/116/%D9%81%D8%B5%D9%84-%D8%A7%D9%84%D8%AD%D9%8A%D8%B6-%D9%88%D8%A3%D8%AD%D9%83%D8%A7%D9%85%D9%87)"
HNF-HAID-02,FIQH,hanafi,The relied-upon Hanafi treatment excludes bleeding below age nine from Haid; Bada'i also reports nine years and above as the relevant onset according to most Hanafi authorities.,LOCATOR_VERIFIED,NOT_REAUDITED_PRE_ESTABLISHED_EVIDENCE,NOT_REVIEWED,PRODUCTION_ELIGIBLE,"Pre-existing evidence-pack status is LOCATOR_VERIFIED (source located and matched to the proposition; never flagged as SCHOLAR_CLARIFICATION_REQUIRED or PARTIAL_EVIDENCE). Per explicit instruction this row was NOT re-researched in the internet evidence audit; this disposition is based on inspecting the row's existing evidence status, provenance, locator, and review state, not on new source verification. Eligible as an evidence-backed production candidate on that existing basis -- this is an evidence-strength classification, not a scholar approval.",No qualified Islamic scholar has reviewed or approved this ruling. Must never be presented to a user as scholar-approved or as a personal fatwa. See notes: Menopause details need separate product scope if added later.,"Primary: رد المحتار, باب الحيض, p.285 (https://www.islamweb.net/ar/library/content/27/370/%D8%A8%D8%A7%D8%A8-%D8%A7%D9%84%D8%AD%D9%8A%D8%B6) | Secondary: بدائع الصنائع, فصل الحيض وأحكامه (https://islamweb.net/ar/library/content/12/122/%D9%81%D8%B5%D9%84-%D8%A7%D9%84%D8%AD%D9%8A%D8%B6-%D9%88%D8%A3%D8%AD%D9%83%D8%A7%D9%85%D9%87)"
HNF-HAID-03,FIQH,hanafi,"In the relied-upon Hanafi position cited by Ibn Abidin, bleeding seen by a pregnant woman is treated as Istihada rather than Haid.",LOCATOR_VERIFIED,NOT_REAUDITED_PRE_ESTABLISHED_EVIDENCE,NOT_REVIEWED,PRODUCTION_ELIGIBLE,"Pre-existing evidence-pack status is LOCATOR_VERIFIED (source located and matched to the proposition; never flagged as SCHOLAR_CLARIFICATION_REQUIRED or PARTIAL_EVIDENCE). Per explicit instruction this row was NOT re-researched in the internet evidence audit; this disposition is based on inspecting the row's existing evidence status, provenance, locator, and review state, not on new source verification. Eligible as an evidence-backed production candidate on that existing basis -- this is an evidence-strength classification, not a scholar approval.",No qualified Islamic scholar has reviewed or approved this ruling. Must never be presented to a user as scholar-approved or as a personal fatwa. See notes: High-impact rule: scholar approval required before app use.,"Primary: رد المحتار, باب الحيض, p.285 (https://www.islamweb.net/ar/library/content/27/370/%D8%A8%D8%A7%D8%A8-%D8%A7%D9%84%D8%AD%D9%8A%D8%B6)"
HNF-HAID-04,FIQH,hanafi,The Hanafi minimum for Haid is three complete days with their nights.,LOCATOR_VERIFIED,NOT_REAUDITED_PRE_ESTABLISHED_EVIDENCE,NOT_REVIEWED,PRODUCTION_ELIGIBLE,"Pre-existing evidence-pack status is LOCATOR_VERIFIED (source located and matched to the proposition; never flagged as SCHOLAR_CLARIFICATION_REQUIRED or PARTIAL_EVIDENCE). Per explicit instruction this row was NOT re-researched in the internet evidence audit; this disposition is based on inspecting the row's existing evidence status, provenance, locator, and review state, not on new source verification. Eligible as an evidence-backed production candidate on that existing basis -- this is an evidence-strength classification, not a scholar approval.",No qualified Islamic scholar has reviewed or approved this ruling. Must never be presented to a user as scholar-approved or as a personal fatwa. See notes: App calculations need hour-level boundary definition reviewed.,"Primary: رد المحتار, باب الحيض (https://www.islamweb.net/ar/library/content/27/369/%D8%A8%D8%A7%D8%A8-%D8%A7%D9%84%D8%AD%D9%8A%D8%B6) | Secondary: بدائع الصنائع, فصل الحيض وأحكامه (https://www.islamweb.net/ar/library/content/12/116/%D9%81%D8%B5%D9%84-%D8%A7%D9%84%D8%AD%D9%8A%D8%B6-%D9%88%D8%A3%D8%AD%D9%83%D8%A7%D9%85%D9%87)"
HNF-HAID-05,FIQH,hanafi,The Hanafi maximum for Haid is ten complete days with their nights.,LOCATOR_VERIFIED,NOT_REAUDITED_PRE_ESTABLISHED_EVIDENCE,NOT_REVIEWED,PRODUCTION_ELIGIBLE,"Pre-existing evidence-pack status is LOCATOR_VERIFIED (source located and matched to the proposition; never flagged as SCHOLAR_CLARIFICATION_REQUIRED or PARTIAL_EVIDENCE). Per explicit instruction this row was NOT re-researched in the internet evidence audit; this disposition is based on inspecting the row's existing evidence status, provenance, locator, and review state, not on new source verification. Eligible as an evidence-backed production candidate on that existing basis -- this is an evidence-strength classification, not a scholar approval.",No qualified Islamic scholar has reviewed or approved this ruling. Must never be presented to a user as scholar-approved or as a personal fatwa. See notes: App calculations need hour-level boundary definition reviewed.,"Primary: رد المحتار, باب الحيض (https://www.islamweb.net/ar/library/content/27/369/%D8%A8%D8%A7%D8%A8-%D8%A7%D9%84%D8%AD%D9%8A%D8%B6) | Secondary: بدائع الصنائع, الاستحاضة وأحكامها (https://islamweb.net/ar/library/content/12/126/%D8%A7%D9%84%D8%A7%D8%B3%D8%AA%D8%AD%D8%A7%D8%B6%D8%A9-%D9%88%D8%A3%D8%AD%D9%83%D8%A7%D9%85%D9%87%D8%A7)"
HNF-HAID-06,FIQH,hanafi,The minimum complete purity interval separating two Haid episodes is fifteen days and nights.,LOCATOR_VERIFIED,NOT_REAUDITED_PRE_ESTABLISHED_EVIDENCE,NOT_REVIEWED,PRODUCTION_ELIGIBLE,"Pre-existing evidence-pack status is LOCATOR_VERIFIED (source located and matched to the proposition; never flagged as SCHOLAR_CLARIFICATION_REQUIRED or PARTIAL_EVIDENCE). Per explicit instruction this row was NOT re-researched in the internet evidence audit; this disposition is based on inspecting the row's existing evidence status, provenance, locator, and review state, not on new source verification. Eligible as an evidence-backed production candidate on that existing basis -- this is an evidence-strength classification, not a scholar approval.",No qualified Islamic scholar has reviewed or approved this ruling. Must never be presented to a user as scholar-approved or as a personal fatwa. See notes: (none),"Primary: رد المحتار, باب الحيض, p.286 (https://islamweb.net/ar/library/content/27/373/%D8%A8%D8%A7%D8%A8-%D8%A7%D9%84%D8%AD%D9%8A%D8%B6) | Secondary: بدائع الصنائع, الاستحاضة وأحكامها (https://islamweb.net/ar/library/content/12/133/%D8%A7%D9%84%D8%A7%D8%B3%D8%AA%D8%AD%D8%A7%D8%B6%D8%A9-%D9%88%D8%A3%D8%AD%D9%83%D8%A7%D9%85%D9%87%D8%A7)"
HNF-HAID-07,FIQH,hanafi,"Ibn Abidin states that purity has no general maximum, apart from special legal estimation contexts.",LOCATOR_VERIFIED,NOT_REAUDITED_PRE_ESTABLISHED_EVIDENCE,NOT_REVIEWED,PRODUCTION_ELIGIBLE,"Pre-existing evidence-pack status is LOCATOR_VERIFIED (source located and matched to the proposition; never flagged as SCHOLAR_CLARIFICATION_REQUIRED or PARTIAL_EVIDENCE). Per explicit instruction this row was NOT re-researched in the internet evidence audit; this disposition is based on inspecting the row's existing evidence status, provenance, locator, and review state, not on new source verification. Eligible as an evidence-backed production candidate on that existing basis -- this is an evidence-strength classification, not a scholar approval.",No qualified Islamic scholar has reviewed or approved this ruling. Must never be presented to a user as scholar-approved or as a personal fatwa. See notes: Special estimation rules should not become ordinary app cycle limits.,"Primary: رد المحتار, باب الحيض, p.286 (https://islamweb.net/ar/library/content/27/373/%D8%A8%D8%A7%D8%A8-%D8%A7%D9%84%D8%AD%D9%8A%D8%B6)"
HNF-HAID-08,FIQH,hanafi,"Within a legally possible Haid period, non-white menstrual colors including yellow/brown are treated as menstrual blood in the cited Hanafi discussion.",LOCATOR_VERIFIED,NOT_REAUDITED_PRE_ESTABLISHED_EVIDENCE,NOT_REVIEWED,PRODUCTION_ELIGIBLE,"Pre-existing evidence-pack status is LOCATOR_VERIFIED (source located and matched to the proposition; never flagged as SCHOLAR_CLARIFICATION_REQUIRED or PARTIAL_EVIDENCE). Per explicit instruction this row was NOT re-researched in the internet evidence audit; this disposition is based on inspecting the row's existing evidence status, provenance, locator, and review state, not on new source verification. Eligible as an evidence-backed production candidate on that existing basis -- this is an evidence-strength classification, not a scholar approval.",No qualified Islamic scholar has reviewed or approved this ruling. Must never be presented to a user as scholar-approved or as a personal fatwa. See notes: Exact interaction with habit boundaries should be scholar-reviewed.,"Primary: رد المحتار, باب الحيض, p.289 (https://www.islamweb.net/ar/library/content/27/374/%D8%A8%D8%A7%D8%A8-%D8%A7%D9%84%D8%AD%D9%8A%D8%B6) | Secondary: بدائع الصنائع, فصل الحيض وأحكامه (https://www.islamweb.net/ar/library/content/12/116/%D9%81%D8%B5%D9%84-%D8%A7%D9%84%D8%AD%D9%8A%D8%B6-%D9%88%D8%A3%D8%AD%D9%83%D8%A7%D9%85%D9%87)"
HNF-HAID-09,FIQH,hanafi,"The located sources establish that pure white is treated differently from menstrual colors, but this atom needs a precise relied-upon formulation for colored discharge after an apparent purity event.",SCHOLAR_CLARIFICATION_REQUIRED,CONFLICT_OR_JUDGMENT_REQUIRED,NOT_REVIEWED,FAIL_CLOSED,"Citation format (Radd al-Muhtar, Bab al-Haid) independently confirmed live and correctly titled via search-index cross-check of the same islamweb.net URL family used elsewhere in this pack. The proposition's own framing (a precise formulation for colored discharge after apparent purity is still needed) describes an open formulation question within the school, not a missing citation. Kept fail-closed: this is a judgment call about which colored-discharge scenario counts, not a sourcing gap.",Independently internet-verified this audit wave; still requires qualified Islamic scholar review before any production use. Must never be presented to a user as scholar-approved or as a personal fatwa. See notes: Do not convert into a simple 'after purity never counts' rule.,"Primary: رد المحتار, باب الحيض, p.289 (https://www.islamweb.net/ar/library/content/27/374/%D8%A8%D8%A7%D8%A8-%D8%A7%D9%84%D8%AD%D9%8A%D8%B6) | Secondary: بدائع الصنائع, فصل الحيض وأحكامه (https://www.islamweb.net/ar/library/content/12/116/%D9%81%D8%B5%D9%84-%D8%A7%D9%84%D8%AD%D9%8A%D8%B6-%D9%88%D8%A3%D8%AD%D9%83%D8%A7%D9%85%D9%87)"
HNF-HAID-12,FIQH,hanafi,"Purity between two bleeds of fifteen days or more separates them; under three days does not. Intermediate gaps have Hanafi internal detail, with Ibn Abidin recording the relied-upon positions.",SCHOLAR_CLARIFICATION_REQUIRED,CONFLICT_OR_JUDGMENT_REQUIRED,NOT_REVIEWED,FAIL_CLOSED,"Row's own material explicitly flags 'Hanafi internal detail' and 'algorithmically complex' -- multiple named intervals (15-day, under-3-day) each with distinct treatment. This is exactly the kind of multi-branch classical rule the directive requires be preserved for scholar sequencing rather than collapsed into one sentence.",Independently internet-verified this audit wave; still requires qualified Islamic scholar review before any production use. Must never be presented to a user as scholar-approved or as a personal fatwa. See notes: This is algorithmically complex; preserve intra-Hanafi nuance.,"Primary: رد المحتار, باب الحيض, p.290 (https://islamweb.net/ar/library/content/27/377/%D8%A8%D8%A7%D8%A8-%D8%A7%D9%84%D8%AD%D9%8A%D8%B6) | Secondary: بدائع الصنائع, الاستحاضة وأحكامها (https://islamweb.net/ar/library/content/12/133/%D8%A7%D9%84%D8%A7%D8%B3%D8%AA%D8%AD%D8%A7%D8%B6%D8%A9-%D9%88%D8%A3%D8%AD%D9%83%D8%A7%D9%85%D9%87%D8%A7)"
HNF-HAID-13,FIQH,hanafi,"Classification of resumed bleeding depends on the length of the intervening purity, the ten-day Haid maximum, and habit; the located source gives the relevant separation rules.",SCHOLAR_CLARIFICATION_REQUIRED,CONFLICT_OR_JUDGMENT_REQUIRED,NOT_REVIEWED,FAIL_CLOSED,"Explicitly depends on THREE separate factors (purity length, ten-day Haid maximum, habit) interacting -- row's own note calls for 'a decision table, not one sentence.' Genuine multi-factor juristic classification, kept fail-closed.","Independently internet-verified this audit wave; still requires qualified Islamic scholar review before any production use. Must never be presented to a user as scholar-approved or as a personal fatwa. See notes: Needs decision table, not one sentence.","Primary: رد المحتار, باب الحيض, p.290 (https://islamweb.net/ar/library/content/27/377/%D8%A8%D8%A7%D8%A8-%D8%A7%D9%84%D8%AD%D9%8A%D8%B6) | Secondary: بدائع الصنائع, الاستحاضة وأحكامها (https://islamweb.net/ar/library/content/12/133/%D8%A7%D9%84%D8%A7%D8%B3%D8%AA%D8%AD%D8%A7%D8%B6%D8%A9-%D9%88%D8%A3%D8%AD%D9%83%D8%A7%D9%85%D9%87%D8%A7)"
HNF-HAID-14,FIQH,hanafi,"For a beginner with continuous bleeding, the cited Hanafi sources assign the first ten days as Haid and the following twenty as purity, recurring by month.",LOCATOR_VERIFIED,NOT_REAUDITED_PRE_ESTABLISHED_EVIDENCE,NOT_REVIEWED,PRODUCTION_ELIGIBLE,"Pre-existing evidence-pack status is LOCATOR_VERIFIED (source located and matched to the proposition; never flagged as SCHOLAR_CLARIFICATION_REQUIRED or PARTIAL_EVIDENCE). Per explicit instruction this row was NOT re-researched in the internet evidence audit; this disposition is based on inspecting the row's existing evidence status, provenance, locator, and review state, not on new source verification. Eligible as an evidence-backed production candidate on that existing basis -- this is an evidence-strength classification, not a scholar approval.",No qualified Islamic scholar has reviewed or approved this ruling. Must never be presented to a user as scholar-approved or as a personal fatwa. See notes: Applies to continuous bleeding scenario; ordinary first episode still follows normal validity constraints.,"Primary: رد المحتار, باب الحيض, p.286ff (https://islamweb.net/ar/library/content/27/373/%D8%A8%D8%A7%D8%A8-%D8%A7%D9%84%D8%AD%D9%8A%D8%B6) | Secondary: بدائع الصنائع, الاستحاضة وأحكامها (https://www.islamweb.net/amp/ar/library/content/12/127/%D8%A7%D9%84%D8%A7%D8%B3%D8%AA%D8%AD%D8%A7%D8%B6%D8%A9-%D9%88%D8%A3%D8%AD%D9%83%D8%A7%D9%85%D9%87%D8%A7)"
HNF-HAID-15,FIQH,hanafi,Ibn Abidin records the fatwa position that menstrual/postpartum habit can be established and transferred by one occurrence.,LOCATOR_VERIFIED,NOT_REAUDITED_PRE_ESTABLISHED_EVIDENCE,NOT_REVIEWED,PRODUCTION_ELIGIBLE,"Pre-existing evidence-pack status is LOCATOR_VERIFIED (source located and matched to the proposition; never flagged as SCHOLAR_CLARIFICATION_REQUIRED or PARTIAL_EVIDENCE). Per explicit instruction this row was NOT re-researched in the internet evidence audit; this disposition is based on inspecting the row's existing evidence status, provenance, locator, and review state, not on new source verification. Eligible as an evidence-backed production candidate on that existing basis -- this is an evidence-strength classification, not a scholar approval.",No qualified Islamic scholar has reviewed or approved this ruling. Must never be presented to a user as scholar-approved or as a personal fatwa. See notes: Reviewer should confirm the exact conditions for 'one occurrence' in app logic.,"Primary: رد المحتار, باب الحيض, p.301 (https://www.islamweb.net/ar/library/content/27/396/%D8%A8%D8%A7%D8%A8-%D8%A7%D9%84%D8%AD%D9%8A%D8%B6)"
HNF-HAID-16,FIQH,hanafi,"The same discussion states that habit can transfer by one occurrence, but the exact timing-change conditions need a scholar-approved decision table.",PARTIAL_EVIDENCE,CONFLICT_OR_JUDGMENT_REQUIRED,NOT_REVIEWED,FAIL_CLOSED,"Habit can transfer 'by one occurrence' per the cited passage, but the row itself says exact timing-change conditions still need a scholar-approved decision table -- the boundary conditions are not yet a single settled rule.",Independently internet-verified this audit wave; still requires qualified Islamic scholar review before any production use. Must never be presented to a user as scholar-approved or as a personal fatwa. See notes: (none),"Primary: رد المحتار, باب الحيض, p.301 (https://www.islamweb.net/ar/library/content/27/396/%D8%A8%D8%A7%D8%A8-%D8%A7%D9%84%D8%AD%D9%8A%D8%B6)"
HNF-HAID-17,FIQH,hanafi,"The same habit-transfer discussion supports change by one occurrence under the fatwa position, subject to valid blood/purity constraints.",PARTIAL_EVIDENCE,CONFLICT_OR_JUDGMENT_REQUIRED,NOT_REVIEWED,FAIL_CLOSED,"Proposition is scoped to 'under the fatwa position' specifically, implying a non-fatwa position also exists in the source material (consistent with the adjacent HNF-HAID-16 finding on the same discussion) -- kept fail-closed for consistency and because 'subject to valid blood/purity constraints' signals unresolved conditions.",Independently internet-verified this audit wave; still requires qualified Islamic scholar review before any production use. Must never be presented to a user as scholar-approved or as a personal fatwa. See notes: (none),"Primary: رد المحتار, باب الحيض, p.301 (https://www.islamweb.net/ar/library/content/27/396/%D8%A8%D8%A7%D8%A8-%D8%A7%D9%84%D8%AD%D9%8A%D8%B6) | Secondary: بدائع الصنائع, الاستحاضة وأحكامها (https://www.islamweb.net/ar/library/content/12/128/%D8%A7%D9%84%D8%A7%D8%B3%D8%AA%D8%AD%D8%A7%D8%B6%D8%A9-%D9%88%D8%A3%D8%AD%D9%83%D8%A7%D9%85%D9%87%D8%A7)"
HNF-HAID-18,FIQH,hanafi,"For a beginner, bleeding beyond ten days is Istihada; for an established habit that passes ten days, the habit determines Haid and the excess is Istihada.",LOCATOR_VERIFIED,NOT_REAUDITED_PRE_ESTABLISHED_EVIDENCE,NOT_REVIEWED,PRODUCTION_ELIGIBLE,"Pre-existing evidence-pack status is LOCATOR_VERIFIED (source located and matched to the proposition; never flagged as SCHOLAR_CLARIFICATION_REQUIRED or PARTIAL_EVIDENCE). Per explicit instruction this row was NOT re-researched in the internet evidence audit; this disposition is based on inspecting the row's existing evidence status, provenance, locator, and review state, not on new source verification. Eligible as an evidence-backed production candidate on that existing basis -- this is an evidence-strength classification, not a scholar approval.",No qualified Islamic scholar has reviewed or approved this ruling. Must never be presented to a user as scholar-approved or as a personal fatwa. See notes: (none),"Primary: رد المحتار, باب الحيض, p.301 (https://www.islamweb.net/ar/library/content/27/396/%D8%A8%D8%A7%D8%A8-%D8%A7%D9%84%D8%AD%D9%8A%D8%B6) | Secondary: بدائع الصنائع, الاستحاضة وأحكامها (https://www.islamweb.net/ar/library/content/12/128/%D8%A7%D9%84%D8%A7%D8%B3%D8%AA%D8%AD%D8%A7%D8%B6%D8%A9-%D9%88%D8%A3%D8%AD%D9%83%D8%A7%D9%85%D9%87%D8%A7)"
HNF-HAID-19,FIQH,hanafi,The Hanafi sources located emphasize legal time limits and established habit; Bada'i rejects making color alone a universal classifier. A precise hierarchy for every conflicting-evidence pattern still needs scholar formulation.,SCHOLAR_CLARIFICATION_REQUIRED,CONFLICT_OR_JUDGMENT_REQUIRED,NOT_REVIEWED,FAIL_CLOSED,Row explicitly states Bada'i rejects color alone as a universal classifier while Radd al-Muhtar emphasizes time-limits/habit -- a genuine hierarchy-of-evidence question the row's own note says 'still needs scholar formulation.' Explicitly warns against a generic tamyiz-first algorithm.,Independently internet-verified this audit wave; still requires qualified Islamic scholar review before any production use. Must never be presented to a user as scholar-approved or as a personal fatwa. See notes: Do not implement a generic tamyiz-first algorithm.,"Primary: بدائع الصنائع, فصل الحيض وأحكامه (https://www.islamweb.net/ar/library/content/12/116/%D9%81%D8%B5%D9%84-%D8%A7%D9%84%D8%AD%D9%8A%D8%B6-%D9%88%D8%A3%D8%AD%D9%83%D8%A7%D9%85%D9%87) | Secondary: رد المحتار, باب الحيض, p.301 (https://www.islamweb.net/ar/library/content/27/396/%D8%A8%D8%A7%D8%A8-%D8%A7%D9%84%D8%AD%D9%8A%D8%B6)"
HNF-ISTI-20,FIQH,hanafi,Bada'i defines Istihada to include bleeding below the minimum Haid and bleeding beyond the maximum Haid/Nifas limits.,LOCATOR_VERIFIED,NOT_REAUDITED_PRE_ESTABLISHED_EVIDENCE,NOT_REVIEWED,PRODUCTION_ELIGIBLE,"Pre-existing evidence-pack status is LOCATOR_VERIFIED (source located and matched to the proposition; never flagged as SCHOLAR_CLARIFICATION_REQUIRED or PARTIAL_EVIDENCE). Per explicit instruction this row was NOT re-researched in the internet evidence audit; this disposition is based on inspecting the row's existing evidence status, provenance, locator, and review state, not on new source verification. Eligible as an evidence-backed production candidate on that existing basis -- this is an evidence-strength classification, not a scholar approval.",No qualified Islamic scholar has reviewed or approved this ruling. Must never be presented to a user as scholar-approved or as a personal fatwa. See notes: (none),"Primary: بدائع الصنائع, الاستحاضة وأحكامها (https://islamweb.net/ar/library/content/12/126/%D8%A7%D9%84%D8%A7%D8%B3%D8%AA%D8%AD%D8%A7%D8%B6%D8%A9-%D9%88%D8%A3%D8%AD%D9%83%D8%A7%D9%85%D9%87%D8%A7) | Secondary: رد المحتار, باب الحيض, p.285 (https://www.islamweb.net/ar/library/content/27/370/%D8%A8%D8%A7%D8%A8-%D8%A7%D9%84%D8%AD%D9%8A%D8%B6)"
HNF-ISTI-21,FIQH,hanafi,"If an established menstrual habit exists and bleeding exceeds ten days, the habit is treated as Haid and the excess as Istihada.",LOCATOR_VERIFIED,NOT_REAUDITED_PRE_ESTABLISHED_EVIDENCE,NOT_REVIEWED,PRODUCTION_ELIGIBLE,"Pre-existing evidence-pack status is LOCATOR_VERIFIED (source located and matched to the proposition; never flagged as SCHOLAR_CLARIFICATION_REQUIRED or PARTIAL_EVIDENCE). Per explicit instruction this row was NOT re-researched in the internet evidence audit; this disposition is based on inspecting the row's existing evidence status, provenance, locator, and review state, not on new source verification. Eligible as an evidence-backed production candidate on that existing basis -- this is an evidence-strength classification, not a scholar approval.",No qualified Islamic scholar has reviewed or approved this ruling. Must never be presented to a user as scholar-approved or as a personal fatwa. See notes: (none),"Primary: بدائع الصنائع, الاستحاضة وأحكامها (https://www.islamweb.net/ar/library/content/12/128/%D8%A7%D9%84%D8%A7%D8%B3%D8%AA%D8%AD%D8%A7%D8%B6%D8%A9-%D9%88%D8%A3%D8%AD%D9%83%D8%A7%D9%85%D9%87%D8%A7) | Secondary: رد المحتار, باب الحيض, p.301 (https://www.islamweb.net/ar/library/content/27/396/%D8%A8%D8%A7%D8%A8-%D8%A7%D9%84%D8%AD%D9%8A%D8%B6)"
HNF-ISTI-22,FIQH,hanafi,The located Hanafi material discusses colors but does not support a simple Shafi'i-style tamyiz-first algorithm. The exact role of blood characteristics in Hanafi continuous-bleeding classification requires scholar clarification.,SCHOLAR_CLARIFICATION_REQUIRED,CONFLICT_OR_JUDGMENT_REQUIRED,NOT_REVIEWED,FAIL_CLOSED,"Row explicitly states the located material 'does not support a simple Shafi'i-style tamyiz-first algorithm' and that the exact role of blood characteristics 'requires scholar clarification' -- an open classification question, not a citation gap.",Independently internet-verified this audit wave; still requires qualified Islamic scholar review before any production use. Must never be presented to a user as scholar-approved or as a personal fatwa. See notes: (none),"Primary: بدائع الصنائع, فصل الحيض وأحكامه (https://www.islamweb.net/ar/library/content/12/116/%D9%81%D8%B5%D9%84-%D8%A7%D9%84%D8%AD%D9%8A%D8%B6-%D9%88%D8%A3%D8%AD%D9%83%D8%A7%D9%85%D9%87)"
HNF-ISTI-23,FIQH,hanafi,"For a beginner with continuous bleeding, the Hanafi schedule in the cited texts is ten days Haid followed by twenty days purity per month.",LOCATOR_VERIFIED,NOT_REAUDITED_PRE_ESTABLISHED_EVIDENCE,NOT_REVIEWED,PRODUCTION_ELIGIBLE,"Pre-existing evidence-pack status is LOCATOR_VERIFIED (source located and matched to the proposition; never flagged as SCHOLAR_CLARIFICATION_REQUIRED or PARTIAL_EVIDENCE). Per explicit instruction this row was NOT re-researched in the internet evidence audit; this disposition is based on inspecting the row's existing evidence status, provenance, locator, and review state, not on new source verification. Eligible as an evidence-backed production candidate on that existing basis -- this is an evidence-strength classification, not a scholar approval.",No qualified Islamic scholar has reviewed or approved this ruling. Must never be presented to a user as scholar-approved or as a personal fatwa. See notes: Confused/forgotten-habit cases require separate caution rules.,"Primary: رد المحتار, باب الحيض, p.286ff (https://islamweb.net/ar/library/content/27/373/%D8%A8%D8%A7%D8%A8-%D8%A7%D9%84%D8%AD%D9%8A%D8%B6) | Secondary: بدائع الصنائع, الاستحاضة وأحكامها (https://www.islamweb.net/amp/ar/library/content/12/127/%D8%A7%D9%84%D8%A7%D8%B3%D8%AA%D8%AD%D8%A7%D8%B6%D8%A9-%D9%88%D8%A3%D8%AD%D9%83%D8%A7%D9%85%D9%87%D8%A7)"
HNF-ISTI-24,FIQH,hanafi,Istihada does not prevent Salah; the woman prays subject to the rules of the continuous-excuse state where applicable.,LOCATOR_VERIFIED,NOT_REAUDITED_PRE_ESTABLISHED_EVIDENCE,NOT_REVIEWED,PRODUCTION_ELIGIBLE,"Pre-existing evidence-pack status is LOCATOR_VERIFIED (source located and matched to the proposition; never flagged as SCHOLAR_CLARIFICATION_REQUIRED or PARTIAL_EVIDENCE). Per explicit instruction this row was NOT re-researched in the internet evidence audit; this disposition is based on inspecting the row's existing evidence status, provenance, locator, and review state, not on new source verification. Eligible as an evidence-backed production candidate on that existing basis -- this is an evidence-strength classification, not a scholar approval.",No qualified Islamic scholar has reviewed or approved this ruling. Must never be presented to a user as scholar-approved or as a personal fatwa. See notes: (none),"Primary: رد المحتار, باب الحيض, p.303 (https://islamweb.net/ar/library/content/27/393/%D8%A8%D8%A7%D8%A8-%D8%A7%D9%84%D8%AD%D9%8A%D8%B6) | Secondary: بدائع الصنائع, كتاب الصلاة (https://www.islamweb.net/ar/library/content/12/86/)"
HNF-ISTI-25,FIQH,hanafi,"When Istihada meets the continuous-excuse condition, Hanafi sources require a fresh wudu for each prayer time; it remains usable within that time absent another nullifier.",LOCATOR_VERIFIED,NOT_REAUDITED_PRE_ESTABLISHED_EVIDENCE,NOT_REVIEWED,PRODUCTION_ELIGIBLE,"Pre-existing evidence-pack status is LOCATOR_VERIFIED (source located and matched to the proposition; never flagged as SCHOLAR_CLARIFICATION_REQUIRED or PARTIAL_EVIDENCE). Per explicit instruction this row was NOT re-researched in the internet evidence audit; this disposition is based on inspecting the row's existing evidence status, provenance, locator, and review state, not on new source verification. Eligible as an evidence-backed production candidate on that existing basis -- this is an evidence-strength classification, not a scholar approval.",No qualified Islamic scholar has reviewed or approved this ruling. Must never be presented to a user as scholar-approved or as a personal fatwa. See notes: Need product logic to determine when excuse status begins/ends.,"Primary: رد المحتار, مطلب في أحكام المعذور, pp.305-306 (https://islamweb.net/ar/library/content/27/406/%D9%85%D8%B7%D9%84%D8%A8-%D9%81%D9%8A-%D8%A3%D8%AD%D9%83%D8%A7%D9%85-%D8%A7%D9%84%D9%85%D8%B9%D8%B0%D9%88%D8%B1) | Secondary: بدائع الصنائع, أحكام أصحاب الأعذار (https://www.islamweb.net/ar/library/content/12/86/)"
HNF-ISTI-26,FIQH,hanafi,Istihada does not prevent fasting.,LOCATOR_VERIFIED,NOT_REAUDITED_PRE_ESTABLISHED_EVIDENCE,NOT_REVIEWED,PRODUCTION_ELIGIBLE,"Pre-existing evidence-pack status is LOCATOR_VERIFIED (source located and matched to the proposition; never flagged as SCHOLAR_CLARIFICATION_REQUIRED or PARTIAL_EVIDENCE). Per explicit instruction this row was NOT re-researched in the internet evidence audit; this disposition is based on inspecting the row's existing evidence status, provenance, locator, and review state, not on new source verification. Eligible as an evidence-backed production candidate on that existing basis -- this is an evidence-strength classification, not a scholar approval.",No qualified Islamic scholar has reviewed or approved this ruling. Must never be presented to a user as scholar-approved or as a personal fatwa. See notes: (none),"Primary: رد المحتار, باب الحيض, p.303 (https://islamweb.net/ar/library/content/27/393/%D8%A8%D8%A7%D8%A8-%D8%A7%D9%84%D8%AD%D9%8A%D8%B6)"
HNF-ISTI-27,FIQH,hanafi,"Bada'i al-Sana'i instructs the Mustahada to leave prayer for her classified menstrual days, then perform Ghusl and pray when those days end. Ongoing Istihada therefore does not postpone the transition Ghusl until the bleeding stops completely.",LOCATOR_VERIFIED,NOT_REAUDITED_PRE_ESTABLISHED_EVIDENCE,NOT_REVIEWED,PRODUCTION_ELIGIBLE,"Pre-existing evidence-pack status is LOCATOR_VERIFIED (source located and matched to the proposition; never flagged as SCHOLAR_CLARIFICATION_REQUIRED or PARTIAL_EVIDENCE). Per explicit instruction this row was NOT re-researched in the internet evidence audit; this disposition is based on inspecting the row's existing evidence status, provenance, locator, and review state, not on new source verification. Eligible as an evidence-backed production candidate on that existing basis -- this is an evidence-strength classification, not a scholar approval.",No qualified Islamic scholar has reviewed or approved this ruling. Must never be presented to a user as scholar-approved or as a personal fatwa. See notes: This verifies the transition Ghusl after classified Haid. Do not infer a repeated daily/per-prayer Ghusl requirement.,Primary: بدائع الصنائع، كتاب الطهارة، فصل الغسل (https://www.islamweb.net/ar/library/content/12/115/%D9%81%D8%B5%D9%84-%D8%A7%D9%84%D8%BA%D8%B3%D9%84) | Secondary: بدائع الصنائع، الاستحاضة وأحكامها (https://www.islamweb.net/ar/library/content/12/128/%D8%A7%D9%84%D8%A7%D8%B3%D8%AA%D8%AD%D8%A7%D8%B6%D8%A9-%D9%88%D8%A3%D8%AD%D9%83%D8%A7%D9%85%D9%87%D8%A7)
HNF-NIFAS-28,FIQH,hanafi,"Ibn Abidin defines Nifas around blood following childbirth/exit of the child (or most of it), with detailed childbirth conditions.",LOCATOR_VERIFIED,NOT_REAUDITED_PRE_ESTABLISHED_EVIDENCE,NOT_REVIEWED,PRODUCTION_ELIGIBLE,"Pre-existing evidence-pack status is LOCATOR_VERIFIED (source located and matched to the proposition; never flagged as SCHOLAR_CLARIFICATION_REQUIRED or PARTIAL_EVIDENCE). Per explicit instruction this row was NOT re-researched in the internet evidence audit; this disposition is based on inspecting the row's existing evidence status, provenance, locator, and review state, not on new source verification. Eligible as an evidence-backed production candidate on that existing basis -- this is an evidence-strength classification, not a scholar approval.",No qualified Islamic scholar has reviewed or approved this ruling. Must never be presented to a user as scholar-approved or as a personal fatwa. See notes: (none),"Primary: رد المحتار, باب الحيض, p.299 (https://islamweb.net/ar/library/content/27/394/%D8%A8%D8%A7%D8%A8-%D8%A7%D9%84%D8%AD%D9%8A%D8%B6) | Secondary: بدائع الصنائع, النفاس وأحكامه (https://www.islamweb.net/ar/library/content/12/125/%D8%A7%D9%84%D9%86%D9%81%D8%A7%D8%B3-%D9%88%D8%A3%D8%AD%D9%83%D8%A7%D9%85%D9%87)"
HNF-NIFAS-29,FIQH,hanafi,"In the cited Hanafi discussion, a miscarriage showing formed human features is treated as a child for Nifas; otherwise the bleeding is evaluated under Haid/Istihada conditions.",LOCATOR_VERIFIED,NOT_REAUDITED_PRE_ESTABLISHED_EVIDENCE,NOT_REVIEWED,PRODUCTION_ELIGIBLE,"Pre-existing evidence-pack status is LOCATOR_VERIFIED (source located and matched to the proposition; never flagged as SCHOLAR_CLARIFICATION_REQUIRED or PARTIAL_EVIDENCE). Per explicit instruction this row was NOT re-researched in the internet evidence audit; this disposition is based on inspecting the row's existing evidence status, provenance, locator, and review state, not on new source verification. Eligible as an evidence-backed production candidate on that existing basis -- this is an evidence-strength classification, not a scholar approval.",No qualified Islamic scholar has reviewed or approved this ruling. Must never be presented to a user as scholar-approved or as a personal fatwa. See notes: Medical terminology must not be inferred from the Fiqh criterion.,"Primary: رد المحتار, باب الحيض, p.303 (https://www.islamweb.net/ar/library/content/27/400/%D8%A8%D8%A7%D8%A8-%D8%A7%D9%84%D8%AD%D9%8A%D8%B6)"
HNF-NIFAS-30,FIQH,hanafi,The Hanafi school has no ordinary minimum duration for Nifas.,LOCATOR_VERIFIED,NOT_REAUDITED_PRE_ESTABLISHED_EVIDENCE,NOT_REVIEWED,PRODUCTION_ELIGIBLE,"Pre-existing evidence-pack status is LOCATOR_VERIFIED (source located and matched to the proposition; never flagged as SCHOLAR_CLARIFICATION_REQUIRED or PARTIAL_EVIDENCE). Per explicit instruction this row was NOT re-researched in the internet evidence audit; this disposition is based on inspecting the row's existing evidence status, provenance, locator, and review state, not on new source verification. Eligible as an evidence-backed production candidate on that existing basis -- this is an evidence-strength classification, not a scholar approval.",No qualified Islamic scholar has reviewed or approved this ruling. Must never be presented to a user as scholar-approved or as a personal fatwa. See notes: (none),"Primary: رد المحتار, باب الحيض, p.300 (https://islamweb.net/ar/library/content/27/394/%D8%A8%D8%A7%D8%A8-%D8%A7%D9%84%D8%AD%D9%8A%D8%B6) | Secondary: بدائع الصنائع, النفاس وأحكامه (https://www.islamweb.net/ar/library/content/12/125/%D8%A7%D9%84%D9%86%D9%81%D8%A7%D8%B3-%D9%88%D8%A3%D8%AD%D9%83%D8%A7%D9%85%D9%87)"
HNF-NIFAS-31,FIQH,hanafi,The Hanafi maximum Nifas duration is forty days.,LOCATOR_VERIFIED,NOT_REAUDITED_PRE_ESTABLISHED_EVIDENCE,NOT_REVIEWED,PRODUCTION_ELIGIBLE,"Pre-existing evidence-pack status is LOCATOR_VERIFIED (source located and matched to the proposition; never flagged as SCHOLAR_CLARIFICATION_REQUIRED or PARTIAL_EVIDENCE). Per explicit instruction this row was NOT re-researched in the internet evidence audit; this disposition is based on inspecting the row's existing evidence status, provenance, locator, and review state, not on new source verification. Eligible as an evidence-backed production candidate on that existing basis -- this is an evidence-strength classification, not a scholar approval.",No qualified Islamic scholar has reviewed or approved this ruling. Must never be presented to a user as scholar-approved or as a personal fatwa. See notes: (none),"Primary: رد المحتار, باب الحيض, p.300 (https://islamweb.net/ar/library/content/27/394/%D8%A8%D8%A7%D8%A8-%D8%A7%D9%84%D8%AD%D9%8A%D8%B6) | Secondary: بدائع الصنائع, النفاس وأحكامه (https://www.islamweb.net/ar/library/content/12/125/%D8%A7%D9%84%D9%86%D9%81%D8%A7%D8%B3-%D9%88%D8%A3%D8%AD%D9%83%D8%A7%D9%85%D9%87)"
HNF-NIFAS-32,FIQH,hanafi,"Early cessation can result in Tahara/obligations, but interaction with a later return of blood inside forty days is governed by the Hanafi interposed-purity rules rather than a simple permanent end.",SCHOLAR_CLARIFICATION_REQUIRED,CONFLICT_OR_JUDGMENT_REQUIRED,NOT_REVIEWED,FAIL_CLOSED,"Interaction between early cessation and a later return of blood inside the 40-day nifas window is explicitly governed by 'Hanafi interposed-purity rules rather than a simple permanent end' -- row calls for an explicit state-transition table, i.e. multi-branch logic requiring scholar sign-off.",Independently internet-verified this audit wave; still requires qualified Islamic scholar review before any production use. Must never be presented to a user as scholar-approved or as a personal fatwa. See notes: Needs explicit state-transition table.,"Primary: رد المحتار, باب الحيض, pp.290,301 (https://islamweb.net/ar/library/content/27/377/%D8%A8%D8%A7%D8%A8-%D8%A7%D9%84%D8%AD%D9%8A%D8%B6) | Secondary: رد المحتار, باب الحيض, p.301 (https://www.islamweb.net/ar/library/content/27/396/%D8%A8%D8%A7%D8%A8-%D8%A7%D9%84%D8%AD%D9%8A%D8%B6)"
HNF-NIFAS-33,FIQH,hanafi,"Ibn Abidin records that, according to Abu Hanifa and the fatwa position, purity interposed within the forty-day Nifas window does not separate the bleeding even when long.",LOCATOR_VERIFIED,NOT_REAUDITED_PRE_ESTABLISHED_EVIDENCE,NOT_REVIEWED,PRODUCTION_ELIGIBLE,"Pre-existing evidence-pack status is LOCATOR_VERIFIED (source located and matched to the proposition; never flagged as SCHOLAR_CLARIFICATION_REQUIRED or PARTIAL_EVIDENCE). Per explicit instruction this row was NOT re-researched in the internet evidence audit; this disposition is based on inspecting the row's existing evidence status, provenance, locator, and review state, not on new source verification. Eligible as an evidence-backed production candidate on that existing basis -- this is an evidence-strength classification, not a scholar approval.",No qualified Islamic scholar has reviewed or approved this ruling. Must never be presented to a user as scholar-approved or as a personal fatwa. See notes: This is a major algorithmic difference from some other schools.,"Primary: رد المحتار, باب الحيض, p.290 (https://islamweb.net/ar/library/content/27/377/%D8%A8%D8%A7%D8%A8-%D8%A7%D9%84%D8%AD%D9%8A%D8%B6)"
HNF-NIFAS-34,FIQH,hanafi,"For a beginner, blood beyond forty days is Istihada; where an established Nifas habit exists and bleeding exceeds forty, the habit governs and excess is Istihada.",LOCATOR_VERIFIED,NOT_REAUDITED_PRE_ESTABLISHED_EVIDENCE,NOT_REVIEWED,PRODUCTION_ELIGIBLE,"Pre-existing evidence-pack status is LOCATOR_VERIFIED (source located and matched to the proposition; never flagged as SCHOLAR_CLARIFICATION_REQUIRED or PARTIAL_EVIDENCE). Per explicit instruction this row was NOT re-researched in the internet evidence audit; this disposition is based on inspecting the row's existing evidence status, provenance, locator, and review state, not on new source verification. Eligible as an evidence-backed production candidate on that existing basis -- this is an evidence-strength classification, not a scholar approval.",No qualified Islamic scholar has reviewed or approved this ruling. Must never be presented to a user as scholar-approved or as a personal fatwa. See notes: (none),"Primary: رد المحتار, باب الحيض, p.301 (https://www.islamweb.net/ar/library/content/27/396/%D8%A8%D8%A7%D8%A8-%D8%A7%D9%84%D8%AD%D9%8A%D8%B6) | Secondary: بدائع الصنائع, الاستحاضة وأحكامها (https://www.islamweb.net/ar/library/content/12/131/%D8%A7%D9%84%D8%A7%D8%B3%D8%AA%D8%AD%D8%A7%D8%B6%D8%A9-%D9%88%D8%A3%D8%AD%D9%83%D8%A7%D9%85%D9%87%D8%A7)"
HNF-NIFAS-35,FIQH,hanafi,"For twins/multiples, the cited relied-upon Hanafi treatment begins Nifas from the first birth; later blood inside the forty-day window is attached to that first Nifas.",LOCATOR_VERIFIED,NOT_REAUDITED_PRE_ESTABLISHED_EVIDENCE,NOT_REVIEWED,PRODUCTION_ELIGIBLE,"Pre-existing evidence-pack status is LOCATOR_VERIFIED (source located and matched to the proposition; never flagged as SCHOLAR_CLARIFICATION_REQUIRED or PARTIAL_EVIDENCE). Per explicit instruction this row was NOT re-researched in the internet evidence audit; this disposition is based on inspecting the row's existing evidence status, provenance, locator, and review state, not on new source verification. Eligible as an evidence-backed production candidate on that existing basis -- this is an evidence-strength classification, not a scholar approval.",No qualified Islamic scholar has reviewed or approved this ruling. Must never be presented to a user as scholar-approved or as a personal fatwa. See notes: Ibn Abidin records an intra-school contrary view from Muhammad/Zufar; scholar should approve relied-upon wording.,"Primary: رد المحتار, باب الحيض, p.302 (https://www.islamweb.net/ar/library/content/27/399/?idfrom=&idto=&start=)"
HNF-NIFAS-36,FIQH,hanafi,"Nifas generally takes the same worship consequences as Haid: prayer is not performed during it, fasting is invalid during it, missed obligatory fasts are made up while the missed prayers are not.",LOCATOR_VERIFIED,NOT_REAUDITED_PRE_ESTABLISHED_EVIDENCE,NOT_REVIEWED,PRODUCTION_ELIGIBLE,"Pre-existing evidence-pack status is LOCATOR_VERIFIED (source located and matched to the proposition; never flagged as SCHOLAR_CLARIFICATION_REQUIRED or PARTIAL_EVIDENCE). Per explicit instruction this row was NOT re-researched in the internet evidence audit; this disposition is based on inspecting the row's existing evidence status, provenance, locator, and review state, not on new source verification. Eligible as an evidence-backed production candidate on that existing basis -- this is an evidence-strength classification, not a scholar approval.",No qualified Islamic scholar has reviewed or approved this ruling. Must never be presented to a user as scholar-approved or as a personal fatwa. See notes: (none),"Primary: رد المحتار, باب الحيض, pp.291,299 (https://islamweb.net/ar/library/content/27/377/%D8%A8%D8%A7%D8%A8-%D8%A7%D9%84%D8%AD%D9%8A%D8%B6) | Secondary: بدائع الصنائع, شروط الصيام (https://www.islamweb.net/ar/library/content/12/782/%D9%81%D8%B5%D9%84-%D8%B4%D8%B1%D8%A7%D8%A6%D8%B7-%D8%A3%D9%86%D9%88%D8%A7%D8%B9-%D8%A7%D9%84%D8%B5%D9%8A%D8%A7%D9%85)"
HNF-NIFAS-37,FIQH,hanafi,"The Nifas chapter states Nifas follows Haid in most rulings, but the exact production proposition for Ghusl timing after cessation should receive a precise primary locator before approval.",PARTIAL_EVIDENCE,PRIMARY_SOURCE_VERIFIED,NOT_REVIEWED,FAIL_CLOSED,"'Nifas follows Haid in most rulings' is a basic, near-universal ritual-purity principle, not a disputed one; the row's own gap is a MORE PRECISE atom-specific locator, not a competing position. Still FAIL_CLOSED pending that precise locator and scholar sign-off.",Independently internet-verified this audit wave; still requires qualified Islamic scholar review before any production use. Must never be presented to a user as scholar-approved or as a personal fatwa. See notes: (none),"Primary: رد المحتار, باب الحيض, p.299 (https://islamweb.net/ar/library/content/27/394/%D8%A8%D8%A7%D8%A8-%D8%A7%D9%84%D8%AD%D9%8A%D8%B6)"
HNF-TAHARA-10,FIQH,hanafi,"Radd al-Muhtar describes using cotton/cloth to determine whether blood has ceased; a clean/white result without menstrual color evidences cessation. This supports clean dryness/no colored trace as evidence of the end of bleeding, but the exact standalone Tahara-state wording still needs scholar approval.",PARTIAL_EVIDENCE,PRIMARY_SOURCE_VERIFIED,NOT_REVIEWED,FAIL_CLOSED,"Radd al-Muhtar's cotton/cloth (kursuf) test for cessation of bleeding is a single, non-disputed description in the row's own material -- no competing Hanafi position is cited. Independently corroborated in substance via search: the general 'dryness as purity sign' pattern for the school family is well-attested. Remaining gap is specifically the app's own standalone Tahara-state wording, which the row itself already scopes as needing scholar sign-off -- not a multiplicity-of-position issue. Still FAIL_CLOSED for production (no SCHOLAR_APPROVED exists); this classification only says the underlying source is solid and singular.",Independently internet-verified this audit wave; still requires qualified Islamic scholar review before any production use. Must never be presented to a user as scholar-approved or as a personal fatwa. See notes: Primary locator now exists. Scholar should approve whether Niswah labels complete clean dryness itself as a formal Tahara sign and how it interacts with a user's usual white-discharge sign.,Primary: رد المحتار، باب الحيض، ص289 (فحص الكرسف/الخرقة لمعرفة انقطاع الدم) (https://www.islamweb.net/ar/library/content/27/374/%D8%A8%D8%A7%D8%A8-%D8%A7%D9%84%D8%AD%D9%8A%D8%B6)
HNF-TAHARA-11,FIQH,hanafi,Bada'i cites the white discharge/pure whiteness as a marker distinguishing the end of menstrual color; Ibn Abidin also excludes pure white from menstrual colors.,PARTIAL_EVIDENCE,PRIMARY_SOURCE_VERIFIED,NOT_REVIEWED,FAIL_CLOSED,"Bada'i al-Sanai' and Ibn Abidin (Radd al-Muhtar) are both cited consistently for the same point (pure white excluded from menstrual colors) with no contrary view named in this row. Gap is state-machine integration wording, per the row's own note -- not substantive disagreement. Still FAIL_CLOSED pending scholar sign-off.",Independently internet-verified this audit wave; still requires qualified Islamic scholar review before any production use. Must never be presented to a user as scholar-approved or as a personal fatwa. See notes: Scholar should state exactly when this establishes Tahara in the app state machine.,"Primary: رد المحتار, باب الحيض, p.289 (https://www.islamweb.net/ar/library/content/27/374/%D8%A8%D8%A7%D8%A8-%D8%A7%D9%84%D8%AD%D9%8A%D8%B6) | Secondary: بدائع الصنائع, فصل الحيض وأحكامه (https://www.islamweb.net/ar/library/content/12/116/%D9%81%D8%B5%D9%84-%D8%A7%D9%84%D8%AD%D9%8A%D8%B6-%D9%88%D8%A3%D8%AD%D9%83%D8%A7%D9%85%D9%87)"
HNF-TRANS-38,FIQH,hanafi,Ibn Abidin distinguishes cessation at the full ten days from earlier cessation: prayer liability depends on whether enough of the prayer time remains for the legally required transition (including Ghusl in the shorter-duration case).,LOCATOR_VERIFIED,NOT_REAUDITED_PRE_ESTABLISHED_EVIDENCE,NOT_REVIEWED,PRODUCTION_ELIGIBLE,"Pre-existing evidence-pack status is LOCATOR_VERIFIED (source located and matched to the proposition; never flagged as SCHOLAR_CLARIFICATION_REQUIRED or PARTIAL_EVIDENCE). Per explicit instruction this row was NOT re-researched in the internet evidence audit; this disposition is based on inspecting the row's existing evidence status, provenance, locator, and review state, not on new source verification. Eligible as an evidence-backed production candidate on that existing basis -- this is an evidence-strength classification, not a scholar approval.",No qualified Islamic scholar has reviewed or approved this ruling. Must never be presented to a user as scholar-approved or as a personal fatwa. See notes: Requires careful implementation with controlled time calculations.,"Primary: رد المحتار, باب الحيض, pp.296-297 (https://www.islamweb.net/ar/library/content/27/388/%D8%A8%D8%A7%D8%A8-%D8%A7%D9%84%D8%AD%D9%8A%D8%B6)"
HNF-TRANS-39,FIQH,hanafi,The Hanafi prayer-liability discussion treats the legally relevant point as the end of the prayer time rather than its beginning; a direct atom-specific locator for onset of Haid after time entry should still be extracted before implementation.,PARTIAL_EVIDENCE,CONFLICT_OR_JUDGMENT_REQUIRED,NOT_REVIEWED,FAIL_CLOSED,"Row explicitly says 'a direct atom-specific locator... should still be extracted before implementation' AND 'scholar must state the exact qada consequence' -- both the precise source and the resulting obligation are still open, kept fail-closed.",Independently internet-verified this audit wave; still requires qualified Islamic scholar review before any production use. Must never be presented to a user as scholar-approved or as a personal fatwa. See notes: Scholar must state the exact qada consequence.,"Primary: رد المحتار, باب الحيض, pp.296-297 (https://www.islamweb.net/ar/library/content/27/388/%D8%A8%D8%A7%D8%A8-%D8%A7%D9%84%D8%AD%D9%8A%D8%B6)"
HNF-TRANS-40,FIQH,hanafi,"Bada'i states that if full Haid ten days or Nifas forty days ends before Fajr, the next Ramadan fast can be valid with timely intention; for shorter duration it additionally analyzes whether enough night remains for Ghusl and intention.",LOCATOR_VERIFIED,NOT_REAUDITED_PRE_ESTABLISHED_EVIDENCE,NOT_REVIEWED,PRODUCTION_ELIGIBLE,"Pre-existing evidence-pack status is LOCATOR_VERIFIED (source located and matched to the proposition; never flagged as SCHOLAR_CLARIFICATION_REQUIRED or PARTIAL_EVIDENCE). Per explicit instruction this row was NOT re-researched in the internet evidence audit; this disposition is based on inspecting the row's existing evidence status, provenance, locator, and review state, not on new source verification. Eligible as an evidence-backed production candidate on that existing basis -- this is an evidence-strength classification, not a scholar approval.",No qualified Islamic scholar has reviewed or approved this ruling. Must never be presented to a user as scholar-approved or as a personal fatwa. See notes: Highly time-sensitive; scholar to approve exact app rule.,"Primary: بدائع الصنائع, كتاب الصوم, شرائط أنواع الصيام (https://www.islamweb.net/ar/library/content/12/782/%D9%81%D8%B5%D9%84-%D8%B4%D8%B1%D8%A7%D8%A6%D8%B7-%D8%A3%D9%86%D9%88%D8%A7%D8%B9-%D8%A7%D9%84%D8%B5%D9%8A%D8%A7%D9%85)"
HNF-TRANS-41,FIQH,hanafi,"If Haid/Nifas ends after Fajr, the cited Hanafi source says that day's fast is not valid and must be made up.",LOCATOR_VERIFIED,NOT_REAUDITED_PRE_ESTABLISHED_EVIDENCE,NOT_REVIEWED,PRODUCTION_ELIGIBLE,"Pre-existing evidence-pack status is LOCATOR_VERIFIED (source located and matched to the proposition; never flagged as SCHOLAR_CLARIFICATION_REQUIRED or PARTIAL_EVIDENCE). Per explicit instruction this row was NOT re-researched in the internet evidence audit; this disposition is based on inspecting the row's existing evidence status, provenance, locator, and review state, not on new source verification. Eligible as an evidence-backed production candidate on that existing basis -- this is an evidence-strength classification, not a scholar approval.",No qualified Islamic scholar has reviewed or approved this ruling. Must never be presented to a user as scholar-approved or as a personal fatwa. See notes: (none),"Primary: بدائع الصنائع, كتاب الصوم, شرائط أنواع الصيام (https://www.islamweb.net/ar/library/content/12/782/%D9%81%D8%B5%D9%84-%D8%B4%D8%B1%D8%A7%D8%A6%D8%B7-%D8%A3%D9%86%D9%88%D8%A7%D8%B9-%D8%A7%D9%84%D8%B5%D9%8A%D8%A7%D9%85) | Secondary: رد المحتار, كتاب الصوم (https://islamweb.net/ar/library/content/27/1626/%D8%A8%D8%A7%D8%A8-%D9%85%D8%A7-%D9%8A%D9%81%D8%B3%D8%AF-%D8%A7%D9%84%D8%B5%D9%88%D9%85-%D9%88%D9%85%D8%A7-%D9%84%D8%A7-%D9%8A%D9%81%D8%B3%D8%AF%D9%87)"
HNF-TRANS-42,FIQH,hanafi,"Haid/Nifas is incompatible with a valid fast; if it occurs during the day, the obligatory fast is not completed validly and qada applies.",LOCATOR_VERIFIED,NOT_REAUDITED_PRE_ESTABLISHED_EVIDENCE,NOT_REVIEWED,PRODUCTION_ELIGIBLE,"Pre-existing evidence-pack status is LOCATOR_VERIFIED (source located and matched to the proposition; never flagged as SCHOLAR_CLARIFICATION_REQUIRED or PARTIAL_EVIDENCE). Per explicit instruction this row was NOT re-researched in the internet evidence audit; this disposition is based on inspecting the row's existing evidence status, provenance, locator, and review state, not on new source verification. Eligible as an evidence-backed production candidate on that existing basis -- this is an evidence-strength classification, not a scholar approval.",No qualified Islamic scholar has reviewed or approved this ruling. Must never be presented to a user as scholar-approved or as a personal fatwa. See notes: (none),"Primary: رد المحتار, باب الحيض, p.291 (https://islamweb.net/ar/library/content/27/377/%D8%A8%D8%A7%D8%A8-%D8%A7%D9%84%D8%AD%D9%8A%D8%B6) | Secondary: بدائع الصنائع, كتاب الصوم (https://www.islamweb.net/ar/library/content/12/782/%D9%81%D8%B5%D9%84-%D8%B4%D8%B1%D8%A7%D8%A6%D8%B7-%D8%A3%D9%86%D9%88%D8%A7%D8%B9-%D8%A7%D9%84%D8%B5%D9%8A%D8%A7%D9%85)"
HNF-TRANS-43,FIQH,hanafi,Missed obligatory prayers during valid Haid/Nifas are not made up.,LOCATOR_VERIFIED,NOT_REAUDITED_PRE_ESTABLISHED_EVIDENCE,NOT_REVIEWED,PRODUCTION_ELIGIBLE,"Pre-existing evidence-pack status is LOCATOR_VERIFIED (source located and matched to the proposition; never flagged as SCHOLAR_CLARIFICATION_REQUIRED or PARTIAL_EVIDENCE). Per explicit instruction this row was NOT re-researched in the internet evidence audit; this disposition is based on inspecting the row's existing evidence status, provenance, locator, and review state, not on new source verification. Eligible as an evidence-backed production candidate on that existing basis -- this is an evidence-strength classification, not a scholar approval.",No qualified Islamic scholar has reviewed or approved this ruling. Must never be presented to a user as scholar-approved or as a personal fatwa. See notes: (none),"Primary: رد المحتار, باب الحيض, p.291 (https://islamweb.net/ar/library/content/27/377/%D8%A8%D8%A7%D8%A8-%D8%A7%D9%84%D8%AD%D9%8A%D8%B6) | Secondary: بدائع الصنائع, كتاب الصوم, شرائط الصيام (https://www.islamweb.net/ar/library/content/12/782/%D9%81%D8%B5%D9%84-%D8%B4%D8%B1%D8%A7%D8%A6%D8%B7-%D8%A3%D9%86%D9%88%D8%A7%D8%B9-%D8%A7%D9%84%D8%B5%D9%8A%D8%A7%D9%85)"
HNF-TRANS-44,FIQH,hanafi,Missed obligatory Ramadan fasts due to valid Haid/Nifas are made up later.,LOCATOR_VERIFIED,NOT_REAUDITED_PRE_ESTABLISHED_EVIDENCE,NOT_REVIEWED,PRODUCTION_ELIGIBLE,"Pre-existing evidence-pack status is LOCATOR_VERIFIED (source located and matched to the proposition; never flagged as SCHOLAR_CLARIFICATION_REQUIRED or PARTIAL_EVIDENCE). Per explicit instruction this row was NOT re-researched in the internet evidence audit; this disposition is based on inspecting the row's existing evidence status, provenance, locator, and review state, not on new source verification. Eligible as an evidence-backed production candidate on that existing basis -- this is an evidence-strength classification, not a scholar approval.",No qualified Islamic scholar has reviewed or approved this ruling. Must never be presented to a user as scholar-approved or as a personal fatwa. See notes: (none),"Primary: رد المحتار, باب الحيض, p.291 (https://islamweb.net/ar/library/content/27/377/%D8%A8%D8%A7%D8%A8-%D8%A7%D9%84%D8%AD%D9%8A%D8%B6) | Secondary: بدائع الصنائع, كتاب الصوم, شرائط الصيام (https://www.islamweb.net/ar/library/content/12/782/%D9%81%D8%B5%D9%84-%D8%B4%D8%B1%D8%A7%D8%A6%D8%B7-%D8%A3%D9%86%D9%88%D8%A7%D8%B9-%D8%A7%D9%84%D8%B5%D9%8A%D8%A7%D9%85)"
HNF-TRANS-45,FIQH,hanafi,"For a woman genuinely uncertain between Haid and purity, Ibn Abidin records precautionary rules rather than permission to invent certainty; the exact duties vary with the uncertainty pattern.",LOCATOR_VERIFIED,NOT_REAUDITED_PRE_ESTABLISHED_EVIDENCE,NOT_REVIEWED,PRODUCTION_ELIGIBLE,"Pre-existing evidence-pack status is LOCATOR_VERIFIED (source located and matched to the proposition; never flagged as SCHOLAR_CLARIFICATION_REQUIRED or PARTIAL_EVIDENCE). Per explicit instruction this row was NOT re-researched in the internet evidence audit; this disposition is based on inspecting the row's existing evidence status, provenance, locator, and review state, not on new source verification. Eligible as an evidence-backed production candidate on that existing basis -- this is an evidence-strength classification, not a scholar approval.",No qualified Islamic scholar has reviewed or approved this ruling. Must never be presented to a user as scholar-approved or as a personal fatwa. See notes: Product behavior should surface uncertainty and avoid a fabricated categorical ruling.,"Primary: رد المحتار, باب الحيض, pp.286-288 (https://islamweb.net/ar/library/content/27/373/%D8%A8%D8%A7%D8%A8-%D8%A7%D9%84%D8%AD%D9%8A%D8%B6)"
MLK-HAID-01,FIQH,maliki,"Maliki texts define Haid as blood, including yellow/brown discharge, exiting naturally from the vagina of one who is ordinarily of an age/state capable of menstruation, excluding blood caused by childbirth.",LOCATOR_VERIFIED,NOT_REAUDITED_PRE_ESTABLISHED_EVIDENCE,NOT_REVIEWED,PRODUCTION_ELIGIBLE,"Pre-existing evidence-pack status is LOCATOR_VERIFIED (source located and matched to the proposition; never flagged as SCHOLAR_CLARIFICATION_REQUIRED or PARTIAL_EVIDENCE). Per explicit instruction this row was NOT re-researched in the internet evidence audit; this disposition is based on inspecting the row's existing evidence status, provenance, locator, and review state, not on new source verification. Eligible as an evidence-backed production candidate on that existing basis -- this is an evidence-strength classification, not a scholar approval.",No qualified Islamic scholar has reviewed or approved this ruling. Must never be presented to a user as scholar-approved or as a personal fatwa. See notes: Scholar to approve exact app definition.,"Primary: حاشية الدسوقي, كتاب الطهارة, فصل الحيض والنفاس والاستحاضة, ص168 (https://islamweb.net/ar/library/content/13/310/%D8%A8%D9%8A%D8%A7%D9%86-%D8%A7%D9%84%D8%AD%D9%8A%D8%B6-%D9%88%D9%85%D8%A7-%D9%8A%D8%AA%D8%B9%D9%84%D9%82-%D8%A8%D9%87) | Secondary: مواهب الجليل, كتاب الطهارة, فصل في حكم الحيض والنفاس (https://islamweb.net/ar/library/content/19/412/%D9%81%D8%B5%D9%84-%D9%81%D9%8A-%D8%A8%D9%8A%D8%A7%D9%86-%D8%AD%D9%83%D9%85-%D8%A7%D9%84%D8%AD%D9%8A%D8%B6-%D9%88%D8%A7%D9%84%D9%86%D9%81%D8%A7%D8%B3)"
MLK-HAID-02,FIQH,maliki,Mawahib excludes blood of a clearly prepubescent child from Haid and records differing age boundaries; it emphasizes puberty signs and consultation with knowledgeable women rather than a single universal age cutoff.,SCHOLAR_CLARIFICATION_REQUIRED,CONFLICT_OR_JUDGMENT_REQUIRED,NOT_REVIEWED,FAIL_CLOSED,"Mawahib al-Jalil is described as recording DIFFERING age boundaries and emphasizing puberty signs/consultation with knowledgeable women rather than one cutoff -- the row's own note ('do not hard-code age nine') confirms this is a genuine multi-position area, not a sourcing gap.",Independently internet-verified this audit wave; still requires qualified Islamic scholar review before any production use. Must never be presented to a user as scholar-approved or as a personal fatwa. See notes: Do not hard-code age nine as an unconditional Maliki rule.,"Primary: مواهب الجليل, فصل في حكم الحيض والنفاس (https://islamweb.net/ar/library/content/19/412/%D9%81%D8%B5%D9%84-%D9%81%D9%8A-%D8%A8%D9%8A%D8%A7%D9%86-%D8%AD%D9%83%D9%85-%D8%A7%D9%84%D8%AD%D9%8A%D8%B6-%D9%88%D8%A7%D9%84%D9%86%D9%81%D8%A7%D8%B3)"
MLK-HAID-03,FIQH,maliki,The Maliki school recognizes menstruation during pregnancy; Dasuqi gives pregnancy-stage-specific maximum durations for continued bleeding.,LOCATOR_VERIFIED,NOT_REAUDITED_PRE_ESTABLISHED_EVIDENCE,NOT_REVIEWED,PRODUCTION_ELIGIBLE,"Pre-existing evidence-pack status is LOCATOR_VERIFIED (source located and matched to the proposition; never flagged as SCHOLAR_CLARIFICATION_REQUIRED or PARTIAL_EVIDENCE). Per explicit instruction this row was NOT re-researched in the internet evidence audit; this disposition is based on inspecting the row's existing evidence status, provenance, locator, and review state, not on new source verification. Eligible as an evidence-backed production candidate on that existing basis -- this is an evidence-strength classification, not a scholar approval.",No qualified Islamic scholar has reviewed or approved this ruling. Must never be presented to a user as scholar-approved or as a personal fatwa. See notes: Major Madhhab difference; never import Hanafi rule.,"Primary: حاشية الدسوقي, مدة الحيض, ص170 (https://www.islamweb.net/ar/library/content/13/313/%D9%85%D8%AF%D8%A9-%D8%A7%D9%84%D8%AD%D9%8A%D8%B6)"
MLK-HAID-04,FIQH,maliki,"For worship rulings, the Maliki school has no minimum duration measured by time; even a single discharge/brief occurrence can count as Haid, while 'one complete menstrual period' for iddah is a separate question.",LOCATOR_VERIFIED,NOT_REAUDITED_PRE_ESTABLISHED_EVIDENCE,NOT_REVIEWED,PRODUCTION_ELIGIBLE,"Pre-existing evidence-pack status is LOCATOR_VERIFIED (source located and matched to the proposition; never flagged as SCHOLAR_CLARIFICATION_REQUIRED or PARTIAL_EVIDENCE). Per explicit instruction this row was NOT re-researched in the internet evidence audit; this disposition is based on inspecting the row's existing evidence status, provenance, locator, and review state, not on new source verification. Eligible as an evidence-backed production candidate on that existing basis -- this is an evidence-strength classification, not a scholar approval.","No qualified Islamic scholar has reviewed or approved this ruling. Must never be presented to a user as scholar-approved or as a personal fatwa. See notes: Product scope is worship/Fiqh tracking, not iddah.","Primary: مواهب الجليل, كتاب الطهارة, فصل حكم الحيض والنفاس (https://islamweb.net/ar/library/content/19/412/%D9%81%D8%B5%D9%84-%D9%81%D9%8A-%D8%A8%D9%8A%D8%A7%D9%86-%D8%AD%D9%83%D9%85-%D8%A7%D9%84%D8%AD%D9%8A%D8%B6-%D9%88%D8%A7%D9%84%D9%86%D9%81%D8%A7%D8%B3) | Secondary: مواهب الجليل, باب العدة, مسألة قدر الحيض في العدة, ص147 (https://www.islamweb.net/ar/library/content/19/2844/%D9%85%D8%B3%D8%A3%D9%84%D8%A9-%D9%82%D8%AF%D8%B1-%D8%A7%D9%84%D8%AD%D9%8A%D8%B6-%D9%81%D9%8A-%D8%A7%D9%84%D8%B9%D8%AF%D8%A9)"
MLK-HAID-05,FIQH,maliki,"For a nonpregnant beginner, maximum Haid is fifteen days. For an established habit, the rule uses the longest prior habit plus up to three days of istizhar without exceeding fifteen; pregnancy has separate longer limits.",SCHOLAR_CLARIFICATION_REQUIRED,CONFLICT_OR_JUDGMENT_REQUIRED,NOT_REVIEWED,FAIL_CLOSED,"Independently cross-checked via search: the istizhar mechanism (habit-based cap, +3 days precaution, 15-day absolute ceiling, separate pregnancy rules) is real and matches Hashiyat al-Dasuqi's known content. However the row itself states 'one maximum-Haid field is insufficient for Maliki logic; context matters' -- i.e. the SAME classical rule branches by beginner/habituated/pregnant status, which is exactly the multi-branch complexity the directive says to keep fail-closed for, not a disagreement about the rule's existence.",Independently internet-verified this audit wave; still requires qualified Islamic scholar review before any production use. Must never be presented to a user as scholar-approved or as a personal fatwa. See notes: One 'maximum Haid' field is insufficient for Maliki logic; context matters.,"Primary: حاشية الدسوقي, مدة الحيض, ص169-170 (https://www.islamweb.net/amp/ar/library/content/13/313/%D9%85%D8%AF%D8%A9-%D8%A7%D9%84%D8%AD%D9%8A%D8%B6)"
MLK-HAID-06,FIQH,maliki,The minimum complete purity interval separating menstrual episodes is fifteen days.,LOCATOR_VERIFIED,NOT_REAUDITED_PRE_ESTABLISHED_EVIDENCE,NOT_REVIEWED,PRODUCTION_ELIGIBLE,"Pre-existing evidence-pack status is LOCATOR_VERIFIED (source located and matched to the proposition; never flagged as SCHOLAR_CLARIFICATION_REQUIRED or PARTIAL_EVIDENCE). Per explicit instruction this row was NOT re-researched in the internet evidence audit; this disposition is based on inspecting the row's existing evidence status, provenance, locator, and review state, not on new source verification. Eligible as an evidence-backed production candidate on that existing basis -- this is an evidence-strength classification, not a scholar approval.",No qualified Islamic scholar has reviewed or approved this ruling. Must never be presented to a user as scholar-approved or as a personal fatwa. See notes: (none),"Primary: حاشية الدسوقي, مدة الحيض, ص169 (https://www.islamweb.net/amp/ar/library/content/13/313/%D9%85%D8%AF%D8%A9-%D8%A7%D9%84%D8%AD%D9%8A%D8%B6)"
MLK-HAID-07,FIQH,maliki,The Maliki source states there is no maximum duration of purity.,LOCATOR_VERIFIED,NOT_REAUDITED_PRE_ESTABLISHED_EVIDENCE,NOT_REVIEWED,PRODUCTION_ELIGIBLE,"Pre-existing evidence-pack status is LOCATOR_VERIFIED (source located and matched to the proposition; never flagged as SCHOLAR_CLARIFICATION_REQUIRED or PARTIAL_EVIDENCE). Per explicit instruction this row was NOT re-researched in the internet evidence audit; this disposition is based on inspecting the row's existing evidence status, provenance, locator, and review state, not on new source verification. Eligible as an evidence-backed production candidate on that existing basis -- this is an evidence-strength classification, not a scholar approval.",No qualified Islamic scholar has reviewed or approved this ruling. Must never be presented to a user as scholar-approved or as a personal fatwa. See notes: (none),"Primary: حاشية الدسوقي, مدة الحيض, ص169 (https://www.islamweb.net/amp/ar/library/content/13/313/%D9%85%D8%AF%D8%A9-%D8%A7%D9%84%D8%AD%D9%8A%D8%B6)"
MLK-HAID-08,FIQH,maliki,"The famous Maliki position treats yellow and brown discharge as Haid, not only red blood.",LOCATOR_VERIFIED,NOT_REAUDITED_PRE_ESTABLISHED_EVIDENCE,NOT_REVIEWED,PRODUCTION_ELIGIBLE,"Pre-existing evidence-pack status is LOCATOR_VERIFIED (source located and matched to the proposition; never flagged as SCHOLAR_CLARIFICATION_REQUIRED or PARTIAL_EVIDENCE). Per explicit instruction this row was NOT re-researched in the internet evidence audit; this disposition is based on inspecting the row's existing evidence status, provenance, locator, and review state, not on new source verification. Eligible as an evidence-backed production candidate on that existing basis -- this is an evidence-strength classification, not a scholar approval.",No qualified Islamic scholar has reviewed or approved this ruling. Must never be presented to a user as scholar-approved or as a personal fatwa. See notes: (none),"Primary: حاشية الدسوقي, بيان الحيض, ص168 (https://islamweb.net/ar/library/content/13/310/%D8%A8%D9%8A%D8%A7%D9%86-%D8%A7%D9%84%D8%AD%D9%8A%D8%B6-%D9%88%D9%85%D8%A7-%D9%8A%D8%AA%D8%B9%D9%84%D9%82-%D8%A8%D9%87) | Secondary: مواهب الجليل, فصل حكم الحيض والنفاس (https://islamweb.net/ar/library/content/19/412/%D9%81%D8%B5%D9%84-%D9%81%D9%8A-%D8%A8%D9%8A%D8%A7%D9%86-%D8%AD%D9%83%D9%85-%D8%A7%D9%84%D8%AD%D9%8A%D8%B6-%D9%88%D8%A7%D9%84%D9%86%D9%81%D8%A7%D8%B3)"
MLK-HAID-09,FIQH,maliki,"Mawahib records the famous position as treating yellow/brown discharge as Haid even after a purity sign, while also documenting a contrary intra-school view after ghusl/purity.",SCHOLAR_CLARIFICATION_REQUIRED,CONFLICT_OR_JUDGMENT_REQUIRED,NOT_REVIEWED,FAIL_CLOSED,"Row explicitly documents 'a contrary intra-school view after ghusl/purity' alongside the famous position -- genuine two-position case, matches the general pattern independently found (search) for yellow/brown-after-purity being a recognized cross-madhhab area of nuance.",Independently internet-verified this audit wave; still requires qualified Islamic scholar review before any production use. Must never be presented to a user as scholar-approved or as a personal fatwa. See notes: Need relied-upon formulation and conditions for app state transitions.,"Primary: مواهب الجليل, فصل حكم الحيض والنفاس (https://islamweb.net/ar/library/content/19/412/%D9%81%D8%B5%D9%84-%D9%81%D9%8A-%D8%A8%D9%8A%D8%A7%D9%86-%D8%AD%D9%83%D9%85-%D8%A7%D9%84%D8%AD%D9%8A%D8%B6-%D9%88%D8%A7%D9%84%D9%86%D9%81%D8%A7%D8%B3) | Secondary: حاشية الدسوقي, بيان الحيض (https://islamweb.net/ar/library/content/13/310/%D8%A8%D9%8A%D8%A7%D9%86-%D8%A7%D9%84%D8%AD%D9%8A%D8%B6-%D9%88%D9%85%D8%A7-%D9%8A%D8%AA%D8%B9%D9%84%D9%82-%D8%A8%D9%87)"
MLK-HAID-12,FIQH,maliki,"When bleeding and purity alternate before a full fifteen-day purity, the relied-upon Maliki rule aggregates only the bleeding days toward the applicable Haid limit; she performs ghusl and resumes prayer/fasting when blood stops.",LOCATOR_VERIFIED,NOT_REAUDITED_PRE_ESTABLISHED_EVIDENCE,NOT_REVIEWED,PRODUCTION_ELIGIBLE,"Pre-existing evidence-pack status is LOCATOR_VERIFIED (source located and matched to the proposition; never flagged as SCHOLAR_CLARIFICATION_REQUIRED or PARTIAL_EVIDENCE). Per explicit instruction this row was NOT re-researched in the internet evidence audit; this disposition is based on inspecting the row's existing evidence status, provenance, locator, and review state, not on new source verification. Eligible as an evidence-backed production candidate on that existing basis -- this is an evidence-strength classification, not a scholar approval.",No qualified Islamic scholar has reviewed or approved this ruling. Must never be presented to a user as scholar-approved or as a personal fatwa. See notes: Known as talfiq; product needs non-contiguous episode support.,"Primary: حاشية الدسوقي, مدة الحيض, ص171 (https://www.islamweb.net/ar/library/content/13/316/%D9%85%D8%AF%D8%A9-%D8%A7%D9%84%D8%AD%D9%8A%D8%B6)"
MLK-HAID-13,FIQH,maliki,"If blood returns before a complete fifteen-day Tuhr, the Maliki talfiq rules may attach it to the prior menstrual episode, subject to the person's applicable Haid limit; after a complete fifteen-day Tuhr, later qualifying blood can begin a new Haid.",LOCATOR_VERIFIED,NOT_REAUDITED_PRE_ESTABLISHED_EVIDENCE,NOT_REVIEWED,PRODUCTION_ELIGIBLE,"Pre-existing evidence-pack status is LOCATOR_VERIFIED (source located and matched to the proposition; never flagged as SCHOLAR_CLARIFICATION_REQUIRED or PARTIAL_EVIDENCE). Per explicit instruction this row was NOT re-researched in the internet evidence audit; this disposition is based on inspecting the row's existing evidence status, provenance, locator, and review state, not on new source verification. Eligible as an evidence-backed production candidate on that existing basis -- this is an evidence-strength classification, not a scholar approval.",No qualified Islamic scholar has reviewed or approved this ruling. Must never be presented to a user as scholar-approved or as a personal fatwa. See notes: (none),"Primary: حاشية الدسوقي, مدة الحيض, ص171 (https://www.islamweb.net/ar/library/content/13/316/%D9%85%D8%AF%D8%A9-%D8%A7%D9%84%D8%AD%D9%8A%D8%B6) | Secondary: حاشية الدسوقي, مدة الحيض, ص169 (https://www.islamweb.net/amp/ar/library/content/13/313/%D9%85%D8%AF%D8%A9-%D8%A7%D9%84%D8%AD%D9%8A%D8%B6)"
MLK-HAID-14,FIQH,maliki,A nonpregnant beginner with continued bleeding counts qualifying blood up to fifteen days; after the applicable maximum she is treated as mustahada.,LOCATOR_VERIFIED,NOT_REAUDITED_PRE_ESTABLISHED_EVIDENCE,NOT_REVIEWED,PRODUCTION_ELIGIBLE,"Pre-existing evidence-pack status is LOCATOR_VERIFIED (source located and matched to the proposition; never flagged as SCHOLAR_CLARIFICATION_REQUIRED or PARTIAL_EVIDENCE). Per explicit instruction this row was NOT re-researched in the internet evidence audit; this disposition is based on inspecting the row's existing evidence status, provenance, locator, and review state, not on new source verification. Eligible as an evidence-backed production candidate on that existing basis -- this is an evidence-strength classification, not a scholar approval.",No qualified Islamic scholar has reviewed or approved this ruling. Must never be presented to a user as scholar-approved or as a personal fatwa. See notes: If bleeding stops earlier she becomes pure at cessation.,"Primary: حاشية الدسوقي, مدة الحيض, ص169 (https://www.islamweb.net/amp/ar/library/content/13/313/%D9%85%D8%AF%D8%A9-%D8%A7%D9%84%D8%AD%D9%8A%D8%B6)"
MLK-HAID-15,FIQH,maliki,The Maliki menstrual habit is established by one prior occurrence.,LOCATOR_VERIFIED,NOT_REAUDITED_PRE_ESTABLISHED_EVIDENCE,NOT_REVIEWED,PRODUCTION_ELIGIBLE,"Pre-existing evidence-pack status is LOCATOR_VERIFIED (source located and matched to the proposition; never flagged as SCHOLAR_CLARIFICATION_REQUIRED or PARTIAL_EVIDENCE). Per explicit instruction this row was NOT re-researched in the internet evidence audit; this disposition is based on inspecting the row's existing evidence status, provenance, locator, and review state, not on new source verification. Eligible as an evidence-backed production candidate on that existing basis -- this is an evidence-strength classification, not a scholar approval.",No qualified Islamic scholar has reviewed or approved this ruling. Must never be presented to a user as scholar-approved or as a personal fatwa. See notes: (none),"Primary: حاشية الدسوقي, مدة الحيض, ص169 (https://www.islamweb.net/amp/ar/library/content/13/313/%D9%85%D8%AF%D8%A9-%D8%A7%D9%84%D8%AD%D9%8A%D8%B6)"
MLK-HAID-16,FIQH,maliki,"The located Maliki material clearly governs duration changes through the longest prior habit and istizhar, but a production-grade rule for a pure shift in calendar timing needs a more atom-specific locator.",PARTIAL_EVIDENCE,CONFLICT_OR_JUDGMENT_REQUIRED,NOT_REVIEWED,FAIL_CLOSED,"Row states the located material clearly governs DURATION changes but a 'production-grade rule for a pure shift in calendar TIMING needs a more atom-specific locator' -- the specific proposition needed is not yet pinned to a locator distinct from the duration-change discussion, and the row separately warns not to assume Hanafi timing-habit mechanics apply. Kept fail-closed pending that more precise citation.",Independently internet-verified this audit wave; still requires qualified Islamic scholar review before any production use. Must never be presented to a user as scholar-approved or as a personal fatwa. See notes: Do not assume Hanafi timing-habit mechanics.,"Primary: حاشية الدسوقي, مدة الحيض, ص169 (https://www.islamweb.net/amp/ar/library/content/13/313/%D9%85%D8%AF%D8%A9-%D8%A7%D9%84%D8%AD%D9%8A%D8%B6)"
MLK-HAID-17,FIQH,maliki,"For a habitual nonpregnant woman whose bleeding continues beyond her longest prior habit, she adds up to three days of istizhar, never exceeding fifteen days; a longer valid occurrence can become her new maximum habit.",LOCATOR_VERIFIED,NOT_REAUDITED_PRE_ESTABLISHED_EVIDENCE,NOT_REVIEWED,PRODUCTION_ELIGIBLE,"Pre-existing evidence-pack status is LOCATOR_VERIFIED (source located and matched to the proposition; never flagged as SCHOLAR_CLARIFICATION_REQUIRED or PARTIAL_EVIDENCE). Per explicit instruction this row was NOT re-researched in the internet evidence audit; this disposition is based on inspecting the row's existing evidence status, provenance, locator, and review state, not on new source verification. Eligible as an evidence-backed production candidate on that existing basis -- this is an evidence-strength classification, not a scholar approval.",No qualified Islamic scholar has reviewed or approved this ruling. Must never be presented to a user as scholar-approved or as a personal fatwa. See notes: (none),"Primary: حاشية الدسوقي, مدة الحيض, ص169 (https://www.islamweb.net/amp/ar/library/content/13/313/%D9%85%D8%AF%D8%A9-%D8%A7%D9%84%D8%AD%D9%8A%D8%B6)"
MLK-HAID-18,FIQH,maliki,"After the applicable Maliki maximum—beginner's fifteen days, habitual duration plus permitted istizhar up to fifteen, or pregnancy-specific limit—the continuing blood is treated as Istihada.",LOCATOR_VERIFIED,NOT_REAUDITED_PRE_ESTABLISHED_EVIDENCE,NOT_REVIEWED,PRODUCTION_ELIGIBLE,"Pre-existing evidence-pack status is LOCATOR_VERIFIED (source located and matched to the proposition; never flagged as SCHOLAR_CLARIFICATION_REQUIRED or PARTIAL_EVIDENCE). Per explicit instruction this row was NOT re-researched in the internet evidence audit; this disposition is based on inspecting the row's existing evidence status, provenance, locator, and review state, not on new source verification. Eligible as an evidence-backed production candidate on that existing basis -- this is an evidence-strength classification, not a scholar approval.",No qualified Islamic scholar has reviewed or approved this ruling. Must never be presented to a user as scholar-approved or as a personal fatwa. See notes: (none),"Primary: حاشية الدسوقي, مدة الحيض, ص169-170 (https://www.islamweb.net/amp/ar/library/content/13/313/%D9%85%D8%AF%D8%A9-%D8%A7%D9%84%D8%AD%D9%8A%D8%B6)"
MLK-HAID-19,FIQH,maliki,"In an established Istihada state, Maliki texts recognize tamyiz by change in smell, color, thinness/thickness, or pain after a complete fifteen-day purity; quantity alone is not the criterion. How this interacts with prior habit requires careful sequencing.",SCHOLAR_CLARIFICATION_REQUIRED,CONFLICT_OR_JUDGMENT_REQUIRED,NOT_REVIEWED,FAIL_CLOSED,"Row explicitly calls for 'a decision tree, not a single generic priority rule' for how smell/color/thickness/pain-based tamyiz interacts with prior habit -- genuine sequencing complexity.","Independently internet-verified this audit wave; still requires qualified Islamic scholar review before any production use. Must never be presented to a user as scholar-approved or as a personal fatwa. See notes: Requires decision tree, not a single generic priority rule.","Primary: حاشية الدسوقي, مدة الحيض, تمييز المستحاضة (https://www.islamweb.net/ar/library/content/13/317/%D9%85%D8%AF%D8%A9-%D8%A7%D9%84%D8%AD%D9%8A%D8%B6)"
MLK-ISTI-20,FIQH,maliki,"Continued blood after the applicable Haid maximum, or non-menstrual bleeding that fails the required menstrual conditions, is treated as Istihada; the source explicitly calls the post-limit woman mustahada.",LOCATOR_VERIFIED,NOT_REAUDITED_PRE_ESTABLISHED_EVIDENCE,NOT_REVIEWED,PRODUCTION_ELIGIBLE,"Pre-existing evidence-pack status is LOCATOR_VERIFIED (source located and matched to the proposition; never flagged as SCHOLAR_CLARIFICATION_REQUIRED or PARTIAL_EVIDENCE). Per explicit instruction this row was NOT re-researched in the internet evidence audit; this disposition is based on inspecting the row's existing evidence status, provenance, locator, and review state, not on new source verification. Eligible as an evidence-backed production candidate on that existing basis -- this is an evidence-strength classification, not a scholar approval.",No qualified Islamic scholar has reviewed or approved this ruling. Must never be presented to a user as scholar-approved or as a personal fatwa. See notes: (none),"Primary: حاشية الدسوقي, مدة الحيض, ص169 and tميز section (https://www.islamweb.net/amp/ar/library/content/13/313/%D9%85%D8%AF%D8%A9-%D8%A7%D9%84%D8%AD%D9%8A%D8%B6) | Secondary: حاشية الدسوقي, مدة الحيض, تمييز المستحاضة (https://www.islamweb.net/ar/library/content/13/317/%D9%85%D8%AF%D8%A9-%D8%A7%D9%84%D8%AD%D9%8A%D8%B6)"
MLK-ISTI-21,FIQH,maliki,"For a habitual nonpregnant woman, continued bleeding is treated as Haid through her longest habit plus up to three days of istizhar, capped at fifteen; continuation beyond that is Istihada.",LOCATOR_VERIFIED,NOT_REAUDITED_PRE_ESTABLISHED_EVIDENCE,NOT_REVIEWED,PRODUCTION_ELIGIBLE,"Pre-existing evidence-pack status is LOCATOR_VERIFIED (source located and matched to the proposition; never flagged as SCHOLAR_CLARIFICATION_REQUIRED or PARTIAL_EVIDENCE). Per explicit instruction this row was NOT re-researched in the internet evidence audit; this disposition is based on inspecting the row's existing evidence status, provenance, locator, and review state, not on new source verification. Eligible as an evidence-backed production candidate on that existing basis -- this is an evidence-strength classification, not a scholar approval.",No qualified Islamic scholar has reviewed or approved this ruling. Must never be presented to a user as scholar-approved or as a personal fatwa. See notes: Pregnant woman follows separate pregnancy limits.,"Primary: حاشية الدسوقي, مدة الحيض, ص169 (https://www.islamweb.net/amp/ar/library/content/13/313/%D9%85%D8%AF%D8%A9-%D8%A7%D9%84%D8%AD%D9%8A%D8%B6)"
MLK-ISTI-22,FIQH,maliki,"A mustahada may use a changed smell, color, thinness/thickness, or associated pain as tamyiz after a complete fifteen-day Tuhr; amount/quantity alone is not treated as tamyiz.",LOCATOR_VERIFIED,NOT_REAUDITED_PRE_ESTABLISHED_EVIDENCE,NOT_REVIEWED,PRODUCTION_ELIGIBLE,"Pre-existing evidence-pack status is LOCATOR_VERIFIED (source located and matched to the proposition; never flagged as SCHOLAR_CLARIFICATION_REQUIRED or PARTIAL_EVIDENCE). Per explicit instruction this row was NOT re-researched in the internet evidence audit; this disposition is based on inspecting the row's existing evidence status, provenance, locator, and review state, not on new source verification. Eligible as an evidence-backed production candidate on that existing basis -- this is an evidence-strength classification, not a scholar approval.",No qualified Islamic scholar has reviewed or approved this ruling. Must never be presented to a user as scholar-approved or as a personal fatwa. See notes: (none),"Primary: حاشية الدسوقي, مدة الحيض, تمييز المستحاضة (https://www.islamweb.net/ar/library/content/13/317/%D9%85%D8%AF%D8%A9-%D8%A7%D9%84%D8%AD%D9%8A%D8%B6)"
MLK-ISTI-23,FIQH,maliki,"Where a mustahada cannot distinguish qualifying menstrual blood, the cited Dasuqi text says she remains mustahada; a beginner reaches Istihada after the fifteen-day maximum.",LOCATOR_VERIFIED,NOT_REAUDITED_PRE_ESTABLISHED_EVIDENCE,NOT_REVIEWED,PRODUCTION_ELIGIBLE,"Pre-existing evidence-pack status is LOCATOR_VERIFIED (source located and matched to the proposition; never flagged as SCHOLAR_CLARIFICATION_REQUIRED or PARTIAL_EVIDENCE). Per explicit instruction this row was NOT re-researched in the internet evidence audit; this disposition is based on inspecting the row's existing evidence status, provenance, locator, and review state, not on new source verification. Eligible as an evidence-backed production candidate on that existing basis -- this is an evidence-strength classification, not a scholar approval.",No qualified Islamic scholar has reviewed or approved this ruling. Must never be presented to a user as scholar-approved or as a personal fatwa. See notes: Further forgotten-habit subtypes may need separate scholar rules if product supports them.,"Primary: حاشية الدسوقي, مدة الحيض, تمييز المستحاضة (https://www.islamweb.net/ar/library/content/13/317/%D9%85%D8%AF%D8%A9-%D8%A7%D9%84%D8%AD%D9%8A%D8%B6) | Secondary: حاشية الدسوقي, مدة الحيض, ص169 (https://www.islamweb.net/amp/ar/library/content/13/313/%D9%85%D8%AF%D8%A9-%D8%A7%D9%84%D8%AD%D9%8A%D8%B6)"
MLK-ISTI-24,FIQH,maliki,"Istihada does not bar Salah; once blood is classified as Istihada rather than Haid/Nifas, prayer obligations resume subject to purification rules.",LOCATOR_VERIFIED,NOT_REAUDITED_PRE_ESTABLISHED_EVIDENCE,NOT_REVIEWED,PRODUCTION_ELIGIBLE,"Pre-existing evidence-pack status is LOCATOR_VERIFIED (source located and matched to the proposition; never flagged as SCHOLAR_CLARIFICATION_REQUIRED or PARTIAL_EVIDENCE). Per explicit instruction this row was NOT re-researched in the internet evidence audit; this disposition is based on inspecting the row's existing evidence status, provenance, locator, and review state, not on new source verification. Eligible as an evidence-backed production candidate on that existing basis -- this is an evidence-strength classification, not a scholar approval.",No qualified Islamic scholar has reviewed or approved this ruling. Must never be presented to a user as scholar-approved or as a personal fatwa. See notes: (none),"Primary: حاشية الدسوقي, مدة الحيض, ص169-171 (https://www.islamweb.net/ar/library/content/13/316/%D9%85%D8%AF%D8%A9-%D8%A7%D9%84%D8%AD%D9%8A%D8%B6)"
MLK-ISTI-25,FIQH,maliki,"Maliki law treats persistent Istihada under continuous-excuse/sals rules: renewed wudu for each prayer is recommended where the discharge occupies half or more of the time, while less frequent discharge can invalidate wudu. Exact thresholds and exceptions require scholar-approved implementation.",SCHOLAR_CLARIFICATION_REQUIRED,CONFLICT_OR_JUDGMENT_REQUIRED,NOT_REVIEWED,FAIL_CLOSED,Row explicitly states 'exact thresholds and exceptions require scholar-approved implementation' and warns against implementing 'mandatory new wudu every prayer' as a universal rule -- the half-or-more-of-time threshold and its exceptions are not yet a single settled implementable rule.,Independently internet-verified this audit wave; still requires qualified Islamic scholar review before any production use. Must never be presented to a user as scholar-approved or as a personal fatwa. See notes: Do not implement 'mandatory new wudu every prayer' as a universal Maliki rule.,"Primary: مواهب الجليل, فرائض الوضوء وسننه وفضائله (https://islamweb.net/ar/library/content/19/251/%D9%81%D8%B5%D9%84-%D9%81%D8%B1%D8%A7%D8%A6%D8%B6-%D8%A7%D9%84%D9%88%D8%B6%D9%88%D8%A1-%D9%88%D8%B3%D9%86%D9%86%D9%87-%D9%88%D9%81%D8%B6%D8%A7%D8%A6%D9%84%D9%87) | Secondary: حاشية الدسوقي, نواقض الوضوء / السلس (https://islamweb.net/ar/library/content/13/138/%D9%81%D8%B5%D9%84-%D9%81%D9%8A-%D9%86%D9%88%D8%A7%D9%82%D8%B6-%D8%A7%D9%84%D9%88%D8%B6%D9%88%D8%A1)"
MLK-ISTI-26,FIQH,maliki,Istihada does not bar fasting; the talfiq discussion explicitly has the woman fast during purity/after the menstrual limit while continuing blood is treated as Istihada.,LOCATOR_VERIFIED,NOT_REAUDITED_PRE_ESTABLISHED_EVIDENCE,NOT_REVIEWED,PRODUCTION_ELIGIBLE,"Pre-existing evidence-pack status is LOCATOR_VERIFIED (source located and matched to the proposition; never flagged as SCHOLAR_CLARIFICATION_REQUIRED or PARTIAL_EVIDENCE). Per explicit instruction this row was NOT re-researched in the internet evidence audit; this disposition is based on inspecting the row's existing evidence status, provenance, locator, and review state, not on new source verification. Eligible as an evidence-backed production candidate on that existing basis -- this is an evidence-strength classification, not a scholar approval.",No qualified Islamic scholar has reviewed or approved this ruling. Must never be presented to a user as scholar-approved or as a personal fatwa. See notes: (none),"Primary: حاشية الدسوقي, مدة الحيض, ص169-171 (https://www.islamweb.net/ar/library/content/13/316/%D9%85%D8%AF%D8%A9-%D8%A7%D9%84%D8%AD%D9%8A%D8%B6)"
MLK-ISTI-27,FIQH,maliki,Ghusl is required when the actual Haid/Nifas state ends; ongoing Istihada itself is not a recurring cause of Ghusl. The source directly makes cessation of Haid/Nifas a condition for valid Ghusl.,PARTIAL_EVIDENCE,PRIMARY_SOURCE_VERIFIED,NOT_REVIEWED,FAIL_CLOSED,"The cited passage directly and singularly makes cessation of Haid/Nifas -- not ongoing Istihada -- the condition for valid Ghusl; no competing position is named in this row. Remaining gap is 'concise transition wording' for the app, per the row's own note. Still FAIL_CLOSED pending that scholar-approved wording.",Independently internet-verified this audit wave; still requires qualified Islamic scholar review before any production use. Must never be presented to a user as scholar-approved or as a personal fatwa. See notes: Scholar should approve concise transition wording for continuing Istihada.,"Primary: حاشية الدسوقي, موجبات الطهارة الكبرى (https://www.islamweb.net/ar/library/content/13/176/%D9%81%D8%B5%D9%84-%D9%85%D9%88%D8%AC%D8%A8%D8%A7%D8%AA-%D8%A7%D9%84%D8%B7%D9%87%D8%A7%D8%B1%D8%A9-%D8%A7%D9%84%D9%83%D8%A8%D8%B1%D9%89)"
MLK-NIFAS-28,FIQH,maliki,"Nifas is blood/yellow/brown discharge associated with childbirth, occurring with or after birth; pre-birth blood has a separate disputed treatment and is not simply counted in the sixty days on the cited preferred framing.",LOCATOR_VERIFIED,NOT_REAUDITED_PRE_ESTABLISHED_EVIDENCE,NOT_REVIEWED,PRODUCTION_ELIGIBLE,"Pre-existing evidence-pack status is LOCATOR_VERIFIED (source located and matched to the proposition; never flagged as SCHOLAR_CLARIFICATION_REQUIRED or PARTIAL_EVIDENCE). Per explicit instruction this row was NOT re-researched in the internet evidence audit; this disposition is based on inspecting the row's existing evidence status, provenance, locator, and review state, not on new source verification. Eligible as an evidence-backed production candidate on that existing basis -- this is an evidence-strength classification, not a scholar approval.",No qualified Islamic scholar has reviewed or approved this ruling. Must never be presented to a user as scholar-approved or as a personal fatwa. See notes: (none),"Primary: حاشية الدسوقي, بيان النفاس, ص175 (https://www.islamweb.net/ar/library/content/13/323/%D8%A8%D9%8A%D8%A7%D9%86-%D8%A7%D9%84%D9%86%D9%81%D8%A7%D8%B3-%D9%88%D9%85%D8%A7-%D9%8A%D8%AA%D8%B9%D9%84%D9%82-%D8%A8%D9%87) | Secondary: مواهب الجليل, فصل حكم الحيض والنفاس (https://www.islamweb.net/ar/library/content/19/422/%D9%81%D8%B5%D9%84-%D9%81%D9%8A-%D8%A8%D9%8A%D8%A7%D9%86-%D8%AD%D9%83%D9%85-%D8%A7%D9%84%D8%AD%D9%8A%D8%B6-%D9%88%D8%A7%D9%84%D9%86%D9%81%D8%A7%D8%B3)"
MLK-NIFAS-29,FIQH,maliki,Maliki sources treat expulsion of a legally recognized pregnancy as childbirth for related legal effects even at an early form; al-Dusuqi states that a pregnancy can be recognized even as a coagulated blood mass that does not dissolve in hot water. The Kuwaiti Fiqh Encyclopedia explicitly attributes to the Malikis that an expelled alaqah can establish the postpartum ruling. Exact product mapping to modern miscarriage terminology still requires scholar and medical review.,PARTIAL_EVIDENCE,CONFLICT_OR_JUDGMENT_REQUIRED,NOT_REVIEWED,FAIL_CLOSED,"Independently corroborated that the Kuwaiti Fiqh Encyclopedia (الموسوعة الفقهية الكويتية) is a real, major 45-volume comparative-fiqh publication of the Kuwaiti Ministry of Awqaf (confirmed via search: archive.org, shamela.ws, and the Ministry's own awqaf.gov.kw hosting all independently list/host it) -- so the citation is institutionally genuine. The specific PDF page could not be directly re-fetched this pass (file exceeds this tool's 10MB content limit). Regardless of citation strength, the row's own note is explicit that 'exact product mapping to modern miscarriage terminology still requires scholar AND medical review' -- a clinical-classification judgment call, not resolvable by any amount of internet source-checking. Kept fail-closed.","Independently internet-verified this audit wave; still requires qualified Islamic scholar review before any production use. Must never be presented to a user as scholar-approved or as a personal fatwa. See notes: Primary locator is now established, but the exact clinical-to-fiqh mapping for miscarriage states must not be automated without qualified scholar + medical review.",Primary: حاشية الدسوقي على الشرح الكبير، عدة الحرة، ج2 ص474 (الحمل وإن دما اجتمع) (https://islamweb.net/ar/library/content/13/3063/%D8%B9%D8%AF%D8%A9-%D8%A7%D9%84%D8%AD%D8%B1%D8%A9) | Secondary: الموسوعة الفقهية الكويتية، مادة نفاس، إحالة إلى الدسوقي 2/474 والخرشي 4/143 (https://content.awqaf.gov.kw/BasicPages/2020/9/3f1343c6e40f40bcbe66c8c36fc24bee.pdf)
MLK-NIFAS-30,FIQH,maliki,The Maliki minimum Nifas has no fixed time limit; a single occurrence can constitute Nifas.,LOCATOR_VERIFIED,NOT_REAUDITED_PRE_ESTABLISHED_EVIDENCE,NOT_REVIEWED,PRODUCTION_ELIGIBLE,"Pre-existing evidence-pack status is LOCATOR_VERIFIED (source located and matched to the proposition; never flagged as SCHOLAR_CLARIFICATION_REQUIRED or PARTIAL_EVIDENCE). Per explicit instruction this row was NOT re-researched in the internet evidence audit; this disposition is based on inspecting the row's existing evidence status, provenance, locator, and review state, not on new source verification. Eligible as an evidence-backed production candidate on that existing basis -- this is an evidence-strength classification, not a scholar approval.",No qualified Islamic scholar has reviewed or approved this ruling. Must never be presented to a user as scholar-approved or as a personal fatwa. See notes: (none),"Primary: حاشية الدسوقي, بيان النفاس, ص175 (https://www.islamweb.net/ar/library/content/13/323/%D8%A8%D9%8A%D8%A7%D9%86-%D8%A7%D9%84%D9%86%D9%81%D8%A7%D8%B3-%D9%88%D9%85%D8%A7-%D9%8A%D8%AA%D8%B9%D9%84%D9%82-%D8%A8%D9%87) | Secondary: مواهب الجليل, فصل حكم الحيض والنفاس (https://www.islamweb.net/ar/library/content/19/423/?idfrom=&idto=&start=)"
MLK-NIFAS-31,FIQH,maliki,"The Maliki maximum Nifas duration is sixty days, with no istizhar beyond it.",LOCATOR_VERIFIED,NOT_REAUDITED_PRE_ESTABLISHED_EVIDENCE,NOT_REVIEWED,PRODUCTION_ELIGIBLE,"Pre-existing evidence-pack status is LOCATOR_VERIFIED (source located and matched to the proposition; never flagged as SCHOLAR_CLARIFICATION_REQUIRED or PARTIAL_EVIDENCE). Per explicit instruction this row was NOT re-researched in the internet evidence audit; this disposition is based on inspecting the row's existing evidence status, provenance, locator, and review state, not on new source verification. Eligible as an evidence-backed production candidate on that existing basis -- this is an evidence-strength classification, not a scholar approval.",No qualified Islamic scholar has reviewed or approved this ruling. Must never be presented to a user as scholar-approved or as a personal fatwa. See notes: (none),"Primary: حاشية الدسوقي, بيان النفاس, ص175 (https://www.islamweb.net/ar/library/content/13/323/%D8%A8%D9%8A%D8%A7%D9%86-%D8%A7%D9%84%D9%86%D9%81%D8%A7%D8%B3-%D9%88%D9%85%D8%A7-%D9%8A%D8%AA%D8%B9%D9%84%D9%82-%D8%A8%D9%87) | Secondary: مواهب الجليل, فصل حكم الحيض والنفاس (https://www.islamweb.net/ar/library/content/19/423/?idfrom=&idto=&start=)"
MLK-NIFAS-32,FIQH,maliki,"If Nifas blood stops before sixty days, she performs Ghusl and resumes Salah/fasting; if bleeding returns before a complete fifteen-day purity, Nifas can be aggregated by talfiq up to sixty days.",LOCATOR_VERIFIED,NOT_REAUDITED_PRE_ESTABLISHED_EVIDENCE,NOT_REVIEWED,PRODUCTION_ELIGIBLE,"Pre-existing evidence-pack status is LOCATOR_VERIFIED (source located and matched to the proposition; never flagged as SCHOLAR_CLARIFICATION_REQUIRED or PARTIAL_EVIDENCE). Per explicit instruction this row was NOT re-researched in the internet evidence audit; this disposition is based on inspecting the row's existing evidence status, provenance, locator, and review state, not on new source verification. Eligible as an evidence-backed production candidate on that existing basis -- this is an evidence-strength classification, not a scholar approval.",No qualified Islamic scholar has reviewed or approved this ruling. Must never be presented to a user as scholar-approved or as a personal fatwa. See notes: (none),"Primary: حاشية الدسوقي, بيان النفاس, ص175 (https://www.islamweb.net/ar/library/content/13/323/%D8%A8%D9%8A%D8%A7%D9%86-%D8%A7%D9%84%D9%86%D9%81%D8%A7%D8%B3-%D9%88%D9%85%D8%A7-%D9%8A%D8%AA%D8%B9%D9%84%D9%82-%D8%A8%D9%87)"
MLK-NIFAS-33,FIQH,maliki,"Interrupted Nifas is treated like interrupted Haid: bleeding days are aggregated toward sixty while sub-fifteen-day purity intervals do not create a wholly separate state; after a full fifteen-day purity, later qualifying blood is a new Haid.",LOCATOR_VERIFIED,NOT_REAUDITED_PRE_ESTABLISHED_EVIDENCE,NOT_REVIEWED,PRODUCTION_ELIGIBLE,"Pre-existing evidence-pack status is LOCATOR_VERIFIED (source located and matched to the proposition; never flagged as SCHOLAR_CLARIFICATION_REQUIRED or PARTIAL_EVIDENCE). Per explicit instruction this row was NOT re-researched in the internet evidence audit; this disposition is based on inspecting the row's existing evidence status, provenance, locator, and review state, not on new source verification. Eligible as an evidence-backed production candidate on that existing basis -- this is an evidence-strength classification, not a scholar approval.",No qualified Islamic scholar has reviewed or approved this ruling. Must never be presented to a user as scholar-approved or as a personal fatwa. See notes: (none),"Primary: حاشية الدسوقي, بيان النفاس, ص175 (https://www.islamweb.net/ar/library/content/13/323/%D8%A8%D9%8A%D8%A7%D9%86-%D8%A7%D9%84%D9%86%D9%81%D8%A7%D8%B3-%D9%88%D9%85%D8%A7-%D9%8A%D8%AA%D8%B9%D9%84%D9%82-%D8%A8%D9%87)"
MLK-NIFAS-34,FIQH,maliki,"After sixty aggregate Nifas days, continuing blood is no longer Nifas; the woman is treated under Istihada/other bleeding rules.",LOCATOR_VERIFIED,NOT_REAUDITED_PRE_ESTABLISHED_EVIDENCE,NOT_REVIEWED,PRODUCTION_ELIGIBLE,"Pre-existing evidence-pack status is LOCATOR_VERIFIED (source located and matched to the proposition; never flagged as SCHOLAR_CLARIFICATION_REQUIRED or PARTIAL_EVIDENCE). Per explicit instruction this row was NOT re-researched in the internet evidence audit; this disposition is based on inspecting the row's existing evidence status, provenance, locator, and review state, not on new source verification. Eligible as an evidence-backed production candidate on that existing basis -- this is an evidence-strength classification, not a scholar approval.",No qualified Islamic scholar has reviewed or approved this ruling. Must never be presented to a user as scholar-approved or as a personal fatwa. See notes: (none),"Primary: حاشية الدسوقي, بيان النفاس, ص175 (https://www.islamweb.net/ar/library/content/13/323/%D8%A8%D9%8A%D8%A7%D9%86-%D8%A7%D9%84%D9%86%D9%81%D8%A7%D8%B3-%D9%88%D9%85%D8%A7-%D9%8A%D8%AA%D8%B9%D9%84%D9%82-%D8%A8%D9%87)"
MLK-NIFAS-35,FIQH,maliki,"The Maliki sources record disagreement for twins/multiples: blood between twins is treated as Nifas on the famous framing, but whether the second birth starts a fresh sixty-day Nifas can depend on the interval; a full sixty-day separation clearly produces two Nifas periods.",SCHOLAR_CLARIFICATION_REQUIRED,CONFLICT_OR_JUDGMENT_REQUIRED,NOT_REVIEWED,FAIL_CLOSED,"Row explicitly states Maliki sources 'record disagreement for twins/multiples' and that whether a second birth starts a fresh 60-day nifas 'can depend on the interval' -- genuine, named intra-school disagreement.",Independently internet-verified this audit wave; still requires qualified Islamic scholar review before any production use. Must never be presented to a user as scholar-approved or as a personal fatwa. See notes: Needs exact relied-upon decision table.,"Primary: حاشية الدسوقي, بيان النفاس, ص175 (https://www.islamweb.net/ar/library/content/13/324/%D8%A8%D9%8A%D8%A7%D9%86-%D8%A7%D9%84%D9%86%D9%81%D8%A7%D8%B3-%D9%88%D9%85%D8%A7-%D9%8A%D8%AA%D8%B9%D9%84%D9%82-%D8%A8%D9%87) | Secondary: مواهب الجليل, فصل حكم الحيض والنفاس (https://www.islamweb.net/ar/library/content/19/423/?idfrom=&idto=&start=)"
MLK-NIFAS-36,FIQH,maliki,"Nifas prevents the same core acts as Haid: Salah and fasting are not valid/obligatory during it; after cessation, ordinary obligations resume.",LOCATOR_VERIFIED,NOT_REAUDITED_PRE_ESTABLISHED_EVIDENCE,NOT_REVIEWED,PRODUCTION_ELIGIBLE,"Pre-existing evidence-pack status is LOCATOR_VERIFIED (source located and matched to the proposition; never flagged as SCHOLAR_CLARIFICATION_REQUIRED or PARTIAL_EVIDENCE). Per explicit instruction this row was NOT re-researched in the internet evidence audit; this disposition is based on inspecting the row's existing evidence status, provenance, locator, and review state, not on new source verification. Eligible as an evidence-backed production candidate on that existing basis -- this is an evidence-strength classification, not a scholar approval.",No qualified Islamic scholar has reviewed or approved this ruling. Must never be presented to a user as scholar-approved or as a personal fatwa. See notes: (none),"Primary: حاشية الدسوقي, بيان النفاس, ص175 (https://www.islamweb.net/ar/library/content/13/324/%D8%A8%D9%8A%D8%A7%D9%86-%D8%A7%D9%84%D9%86%D9%81%D8%A7%D8%B3-%D9%88%D9%85%D8%A7-%D9%8A%D8%AA%D8%B9%D9%84%D9%82-%D8%A8%D9%87) | Secondary: حاشية الدسوقي, موانع الحيض, ص173 (https://islamweb.net/ar/library/content/13/321/%D9%85%D9%88%D8%A7%D9%86%D8%B9-%D8%A7%D9%84%D8%AD%D9%8A%D8%B6)"
MLK-NIFAS-37,FIQH,maliki,Ghusl is required for Nifas and becomes valid after the bleeding has ceased; Dasuqi explicitly lists Nifas among causes of major purification.,LOCATOR_VERIFIED,NOT_REAUDITED_PRE_ESTABLISHED_EVIDENCE,NOT_REVIEWED,PRODUCTION_ELIGIBLE,"Pre-existing evidence-pack status is LOCATOR_VERIFIED (source located and matched to the proposition; never flagged as SCHOLAR_CLARIFICATION_REQUIRED or PARTIAL_EVIDENCE). Per explicit instruction this row was NOT re-researched in the internet evidence audit; this disposition is based on inspecting the row's existing evidence status, provenance, locator, and review state, not on new source verification. Eligible as an evidence-backed production candidate on that existing basis -- this is an evidence-strength classification, not a scholar approval.",No qualified Islamic scholar has reviewed or approved this ruling. Must never be presented to a user as scholar-approved or as a personal fatwa. See notes: (none),"Primary: حاشية الدسوقي, موجبات الطهارة الكبرى (https://www.islamweb.net/ar/library/content/13/176/%D9%81%D8%B5%D9%84-%D9%85%D9%88%D8%AC%D8%A8%D8%A7%D8%AA-%D8%A7%D9%84%D8%B7%D9%87%D8%A7%D8%B1%D8%A9-%D8%A7%D9%84%D9%83%D8%A8%D8%B1%D9%89) | Secondary: حاشية الدسوقي, بيان النفاس (https://www.islamweb.net/ar/library/content/13/323/%D8%A8%D9%8A%D8%A7%D9%86-%D8%A7%D9%84%D9%86%D9%81%D8%A7%D8%B3-%D9%88%D9%85%D8%A7-%D9%8A%D8%AA%D8%B9%D9%84%D9%82-%D8%A8%D9%87)"
MLK-TAHARA-10,FIQH,maliki,Complete dryness—no blood/yellow/brown contamination on the checking material—is a recognized sign of Tahara in the Maliki school.,LOCATOR_VERIFIED,NOT_REAUDITED_PRE_ESTABLISHED_EVIDENCE,NOT_REVIEWED,PRODUCTION_ELIGIBLE,"Pre-existing evidence-pack status is LOCATOR_VERIFIED (source located and matched to the proposition; never flagged as SCHOLAR_CLARIFICATION_REQUIRED or PARTIAL_EVIDENCE). Per explicit instruction this row was NOT re-researched in the internet evidence audit; this disposition is based on inspecting the row's existing evidence status, provenance, locator, and review state, not on new source verification. Eligible as an evidence-backed production candidate on that existing basis -- this is an evidence-strength classification, not a scholar approval.",No qualified Islamic scholar has reviewed or approved this ruling. Must never be presented to a user as scholar-approved or as a personal fatwa. See notes: (none),"Primary: حاشية الدسوقي, مدة الحيض, ص172 (https://www.islamweb.net/ar/library/content/13/319/%D9%85%D8%AF%D8%A9-%D8%A7%D9%84%D8%AD%D9%8A%D8%B6)"
MLK-TAHARA-11,FIQH,maliki,The white discharge (al-qassah al-bayda') is a recognized sign of Tahara and is described as stronger/more conclusive for a woman accustomed to it; details vary by her customary sign.,LOCATOR_VERIFIED,NOT_REAUDITED_PRE_ESTABLISHED_EVIDENCE,NOT_REVIEWED,PRODUCTION_ELIGIBLE,"Pre-existing evidence-pack status is LOCATOR_VERIFIED (source located and matched to the proposition; never flagged as SCHOLAR_CLARIFICATION_REQUIRED or PARTIAL_EVIDENCE). Per explicit instruction this row was NOT re-researched in the internet evidence audit; this disposition is based on inspecting the row's existing evidence status, provenance, locator, and review state, not on new source verification. Eligible as an evidence-backed production candidate on that existing basis -- this is an evidence-strength classification, not a scholar approval.",No qualified Islamic scholar has reviewed or approved this ruling. Must never be presented to a user as scholar-approved or as a personal fatwa. See notes: App should track customary purity sign if product chooses to automate this nuance.,"Primary: حاشية الدسوقي, مدة الحيض, ص172 (https://www.islamweb.net/ar/library/content/13/319/%D9%85%D8%AF%D8%A9-%D8%A7%D9%84%D8%AD%D9%8A%D8%B6)"
MLK-TRANS-38,FIQH,maliki,A menstruating woman who becomes pure before the end of the prayer's necessary time owes the prayer if enough time remains for required purification plus the Maliki minimum amount by which the prayer is considered caught; paired-prayer rules can require one or both prayers depending on remaining time.,SCHOLAR_CLARIFICATION_REQUIRED,CONFLICT_OR_JUDGMENT_REQUIRED,NOT_REVIEWED,FAIL_CLOSED,"Row explicitly requires 'a precise prayer-time decision table; not a simple yes/no' for how much remaining time obligates one or both paired prayers -- multi-branch timing logic, not a single rule.",Independently internet-verified this audit wave; still requires qualified Islamic scholar review before any production use. Must never be presented to a user as scholar-approved or as a personal fatwa. See notes: Needs precise prayer-time decision table; not a simple yes/no.,"Primary: حاشية الدسوقي, بيان أوقات الصلاة, ص182-184 (https://www.islamweb.net/amp/ar/library/content/13/350/%D8%A8%D9%8A%D8%A7%D9%86-%D8%A3%D9%88%D9%82%D8%A7%D8%AA-%D8%A7%D9%84%D8%B5%D9%84%D8%A7%D8%A9) | Secondary: حاشية الدسوقي, بيان أوقات الصلاة, ص183 (https://www.islamweb.net/ar/library/content/13/335/%D8%A8%D9%8A%D8%A7%D9%86-%D8%A3%D9%88%D9%82%D8%A7%D8%AA-%D8%A7%D9%84%D8%B5%D9%84%D8%A7%D8%A9)"
MLK-TRANS-39,FIQH,maliki,"When Haid begins during the prayer time, Maliki liability depends on how much time remained and the paired-prayer timing rules; Dasuqi gives explicit drop/retention logic and records some intra-school disagreement for bleeding occurring after part of a prayer is performed.",SCHOLAR_CLARIFICATION_REQUIRED,CONFLICT_OR_JUDGMENT_REQUIRED,NOT_REVIEWED,FAIL_CLOSED,"Row explicitly states Dasuqi 'records some intra-school disagreement for bleeding occurring after part of a prayer is performed' -- named disagreement, kept fail-closed.",Independently internet-verified this audit wave; still requires qualified Islamic scholar review before any production use. Must never be presented to a user as scholar-approved or as a personal fatwa. See notes: Requires implementation table and relied-upon view.,"Primary: حاشية الدسوقي, بيان أوقات الصلاة, ص186 (https://islamweb.net/amp/ar/library/content/13/357/%D8%A8%D9%8A%D8%A7%D9%86-%D8%A3%D9%88%D9%82%D8%A7%D8%AA-%D8%A7%D9%84%D8%B5%D9%84%D8%A7%D8%A9) | Secondary: مواهب الجليل, فاجأ المرأة الحيض في الصلاة (https://www.islamweb.net/ar/library/content/19/463/%D9%81%D8%B1%D8%B9-%D9%81%D8%A7%D8%AC%D8%A3-%D8%A7%D9%84%D9%85%D8%B1%D8%A3%D8%A9-%D8%A7%D9%84%D8%AD%D9%8A%D8%B6-%D9%81%D9%8A-%D8%A7%D9%84%D8%B5%D9%84%D8%A7%D8%A9)"
MLK-TRANS-40,FIQH,maliki,If Tahara from Haid/Nifas is established before Fajr—even immediately before it—the Ramadan fast is obligatory/valid with the required intention; Ghusl itself may occur after Fajr.,LOCATOR_VERIFIED,NOT_REAUDITED_PRE_ESTABLISHED_EVIDENCE,NOT_REVIEWED,PRODUCTION_ELIGIBLE,"Pre-existing evidence-pack status is LOCATOR_VERIFIED (source located and matched to the proposition; never flagged as SCHOLAR_CLARIFICATION_REQUIRED or PARTIAL_EVIDENCE). Per explicit instruction this row was NOT re-researched in the internet evidence audit; this disposition is based on inspecting the row's existing evidence status, provenance, locator, and review state, not on new source verification. Eligible as an evidence-backed production candidate on that existing basis -- this is an evidence-strength classification, not a scholar approval.",No qualified Islamic scholar has reviewed or approved this ruling. Must never be presented to a user as scholar-approved or as a personal fatwa. See notes: (none),"Primary: حاشية الدسوقي, باب الصيام, شرط صحة الصوم, ص522 (https://g1.islamweb.net/ar/library/content/13/1163/%D8%B4%D8%B1%D8%B7-%D8%B5%D8%AD%D8%A9-%D8%A7%D9%84%D8%B5%D9%88%D9%85)"
MLK-TRANS-41,FIQH,maliki,"Purity from Haid/Nifas is a condition for a valid fast. If the woman is still menstruating/nifas at Fajr and becomes pure afterward, that day's obligatory fast is not counted as a valid Ramadan fast; separate abstention etiquette/qada details should be scholar-confirmed.",PARTIAL_EVIDENCE,PRIMARY_SOURCE_VERIFIED,NOT_REVIEWED,FAIL_CLOSED,"The core proposition -- purity from Haid/Nifas at Fajr is a condition for that day's fast to count -- is described as 'strongly established' with no competing Maliki position named. The remaining gap ('separate abstention etiquette/qada details') is a wording/scope-completeness question the row itself defers to a reviewer, not a disputed ruling. Still FAIL_CLOSED pending that reviewer confirmation.",Independently internet-verified this audit wave; still requires qualified Islamic scholar review before any production use. Must never be presented to a user as scholar-approved or as a personal fatwa. See notes: Direct source strongly establishes pre-Fajr purity as condition; exact post-Fajr abstention wording needs reviewer.,"Primary: حاشية الدسوقي, باب الصيام, شرط صحة الصوم, ص522 (https://g1.islamweb.net/ar/library/content/13/1163/%D8%B4%D8%B1%D8%B7-%D8%B5%D8%AD%D8%A9-%D8%A7%D9%84%D8%B5%D9%88%D9%85)"
MLK-TRANS-42,FIQH,maliki,"Haid/Nifas prevents validity of fasting; if qualifying Haid/Nifas begins before sunset, that day's obligatory fast is not valid and is later made up.",LOCATOR_VERIFIED,NOT_REAUDITED_PRE_ESTABLISHED_EVIDENCE,NOT_REVIEWED,PRODUCTION_ELIGIBLE,"Pre-existing evidence-pack status is LOCATOR_VERIFIED (source located and matched to the proposition; never flagged as SCHOLAR_CLARIFICATION_REQUIRED or PARTIAL_EVIDENCE). Per explicit instruction this row was NOT re-researched in the internet evidence audit; this disposition is based on inspecting the row's existing evidence status, provenance, locator, and review state, not on new source verification. Eligible as an evidence-backed production candidate on that existing basis -- this is an evidence-strength classification, not a scholar approval.",No qualified Islamic scholar has reviewed or approved this ruling. Must never be presented to a user as scholar-approved or as a personal fatwa. See notes: (none),"Primary: حاشية الدسوقي, موانع الحيض, ص173 (https://islamweb.net/ar/library/content/13/321/%D9%85%D9%88%D8%A7%D9%86%D8%B9-%D8%A7%D9%84%D8%AD%D9%8A%D8%B6) | Secondary: حاشية الدسوقي, شرط صحة الصوم (https://g1.islamweb.net/ar/library/content/13/1163/%D8%B4%D8%B1%D8%B7-%D8%B5%D8%AD%D8%A9-%D8%A7%D9%84%D8%B5%D9%88%D9%85)"
MLK-TRANS-43,FIQH,maliki,Missed prayers during valid Haid/Nifas are not made up merely because of the menstruation/postpartum state; special boundary cases at onset/cessation are governed by the prayer-time rules.,LOCATOR_VERIFIED,NOT_REAUDITED_PRE_ESTABLISHED_EVIDENCE,NOT_REVIEWED,PRODUCTION_ELIGIBLE,"Pre-existing evidence-pack status is LOCATOR_VERIFIED (source located and matched to the proposition; never flagged as SCHOLAR_CLARIFICATION_REQUIRED or PARTIAL_EVIDENCE). Per explicit instruction this row was NOT re-researched in the internet evidence audit; this disposition is based on inspecting the row's existing evidence status, provenance, locator, and review state, not on new source verification. Eligible as an evidence-backed production candidate on that existing basis -- this is an evidence-strength classification, not a scholar approval.",No qualified Islamic scholar has reviewed or approved this ruling. Must never be presented to a user as scholar-approved or as a personal fatwa. See notes: (none),"Primary: حاشية الدسوقي, موانع الحيض, ص173 (https://islamweb.net/ar/library/content/13/321/%D9%85%D9%88%D8%A7%D9%86%D8%B9-%D8%A7%D9%84%D8%AD%D9%8A%D8%B6) | Secondary: حاشية الدسوقي, أوقات الصلاة (https://islamweb.net/amp/ar/library/content/13/357/%D8%A8%D9%8A%D8%A7%D9%86-%D8%A3%D9%88%D9%82%D8%A7%D8%AA-%D8%A7%D9%84%D8%B5%D9%84%D8%A7%D8%A9)"
MLK-TRANS-44,FIQH,maliki,Obligatory Ramadan fasts missed because of valid Haid/Nifas are made up later; the source expressly contrasts this with missed prayers.,LOCATOR_VERIFIED,NOT_REAUDITED_PRE_ESTABLISHED_EVIDENCE,NOT_REVIEWED,PRODUCTION_ELIGIBLE,"Pre-existing evidence-pack status is LOCATOR_VERIFIED (source located and matched to the proposition; never flagged as SCHOLAR_CLARIFICATION_REQUIRED or PARTIAL_EVIDENCE). Per explicit instruction this row was NOT re-researched in the internet evidence audit; this disposition is based on inspecting the row's existing evidence status, provenance, locator, and review state, not on new source verification. Eligible as an evidence-backed production candidate on that existing basis -- this is an evidence-strength classification, not a scholar approval.",No qualified Islamic scholar has reviewed or approved this ruling. Must never be presented to a user as scholar-approved or as a personal fatwa. See notes: (none),"Primary: حاشية الدسوقي, موانع الحيض, ص173 (https://islamweb.net/ar/library/content/13/321/%D9%85%D9%88%D8%A7%D9%86%D8%B9-%D8%A7%D9%84%D8%AD%D9%8A%D8%B6)"
MLK-TRANS-45,FIQH,maliki,"Maliki sources preserve uncertainty rather than forcing a categorical answer: if she doubts whether purity occurred before or after Fajr, she abstains/fasts with qada, while doubtful prayer liability is treated differently. Niswah must expose uncertainty and apply the specific rule rather than invent a timestamp.",LOCATOR_VERIFIED,NOT_REAUDITED_PRE_ESTABLISHED_EVIDENCE,NOT_REVIEWED,PRODUCTION_ELIGIBLE,"Pre-existing evidence-pack status is LOCATOR_VERIFIED (source located and matched to the proposition; never flagged as SCHOLAR_CLARIFICATION_REQUIRED or PARTIAL_EVIDENCE). Per explicit instruction this row was NOT re-researched in the internet evidence audit; this disposition is based on inspecting the row's existing evidence status, provenance, locator, and review state, not on new source verification. Eligible as an evidence-backed production candidate on that existing basis -- this is an evidence-strength classification, not a scholar approval.","No qualified Islamic scholar has reviewed or approved this ruling. Must never be presented to a user as scholar-approved or as a personal fatwa. See notes: Product should store uncertainty as uncertainty, not backfill a fabricated exact time.","Primary: حاشية الدسوقي, شرط صحة الصوم, ص522 (https://g1.islamweb.net/ar/library/content/13/1163/%D8%B4%D8%B1%D8%B7-%D8%B5%D8%AD%D8%A9-%D8%A7%D9%84%D8%B5%D9%88%D9%85) | Secondary: حاشية الدسوقي, علامة انتهاء الحيض, ص172 (https://www.islamweb.net/ar/library/content/13/319/%D9%85%D8%AF%D8%A9-%D8%A7%D9%84%D8%AD%D9%8A%D8%B6)"
SHF-HAID-01,FIQH,shafii,Later Shafi'i references define Haid as natural uterine blood occurring at legally possible times; blood seen in a valid age/time window is provisionally treated as Haid unless later evidence prevents that classification.,LOCATOR_VERIFIED,NOT_REAUDITED_PRE_ESTABLISHED_EVIDENCE,NOT_REVIEWED,PRODUCTION_ELIGIBLE,"Pre-existing evidence-pack status is LOCATOR_VERIFIED (source located and matched to the proposition; never flagged as SCHOLAR_CLARIFICATION_REQUIRED or PARTIAL_EVIDENCE). Per explicit instruction this row was NOT re-researched in the internet evidence audit; this disposition is based on inspecting the row's existing evidence status, provenance, locator, and review state, not on new source verification. Eligible as an evidence-backed production candidate on that existing basis -- this is an evidence-strength classification, not a scholar approval.",No qualified Islamic scholar has reviewed or approved this ruling. Must never be presented to a user as scholar-approved or as a personal fatwa. See notes: Scholar to approve final app wording.,Primary: المجموع، كتاب الحيض، رأت المرأة الدم لزمان يصح أن يكون حيضا، ج2 ص416 (https://islamweb.net/ar/library/content/14/1090/%D8%B1%D8%A3%D8%AA-%D8%A7%D9%84%D9%85%D8%B1%D8%A3%D8%A9-%D8%A7%D9%84%D8%AF%D9%85-%D9%84%D8%B2%D9%85%D8%A7%D9%86-%D9%8A%D8%B5%D8%AD-%D8%A3%D9%86-%D9%8A%D9%83%D9%88%D9%86-%D8%AD%D9%8A%D8%B6%D8%A7) | Secondary: نهاية المحتاج، باب الحيض، ج1 ص323 (https://www.islamweb.net/ar/library/content/25/495/%D8%A8%D8%A7%D8%A8-%D8%A7%D9%84%D8%AD%D9%8A%D8%B6-%D9%88%D9%85%D8%A7-%D9%8A%D8%B0%D9%83%D8%B1-%D9%85%D8%B9%D9%87-%D9%85%D9%86-%D8%A7%D9%84%D8%A7%D8%B3%D8%AA%D8%AD%D8%A7%D8%B6%D8%A9-%D9%88%D8%A7%D9%84%D9%86%D9%81%D8%A7%D8%B3)
SHF-HAID-02,FIQH,shafii,The minimum age at which bleeding can be Haid in the cited Shafi'i source is nine years; bleeding below that is treated as فساد rather than Haid.,LOCATOR_VERIFIED,NOT_REAUDITED_PRE_ESTABLISHED_EVIDENCE,NOT_REVIEWED,PRODUCTION_ELIGIBLE,"Pre-existing evidence-pack status is LOCATOR_VERIFIED (source located and matched to the proposition; never flagged as SCHOLAR_CLARIFICATION_REQUIRED or PARTIAL_EVIDENCE). Per explicit instruction this row was NOT re-researched in the internet evidence audit; this disposition is based on inspecting the row's existing evidence status, provenance, locator, and review state, not on new source verification. Eligible as an evidence-backed production candidate on that existing basis -- this is an evidence-strength classification, not a scholar approval.",No qualified Islamic scholar has reviewed or approved this ruling. Must never be presented to a user as scholar-approved or as a personal fatwa. See notes: Exact age calculation convention should be scholar-reviewed before coding.,Primary: المجموع، أقل سن يمكن فيه الحيض، ج2 ص400 (https://islamweb.net/ar/library/content/14/1082/%D8%A3%D9%82%D9%84-%D8%B3%D9%86-%D9%8A%D9%85%D9%83%D9%86-%D9%81%D9%8A%D9%87-%D8%A7%D9%84%D8%AD%D9%8A%D8%B6)
SHF-HAID-03,FIQH,shafii,Al-Majmu' records two Shafi'i positions on bleeding during pregnancy; later Shafi'i commentary identifies as the more apparent position that qualifying pregnancy bleeding can be Haid.,SCHOLAR_CLARIFICATION_REQUIRED,CONFLICT_OR_JUDGMENT_REQUIRED,NOT_REVIEWED,FAIL_CLOSED,"Row explicitly documents 'two Shafi'i positions' on pregnancy bleeding as Haid, calling it a 'high-impact internal two-qawl issue' requiring the reviewer to pick the relied-upon formulation -- textbook genuine-disagreement case, correctly kept fail-closed.",Independently internet-verified this audit wave; still requires qualified Islamic scholar review before any production use. Must never be presented to a user as scholar-approved or as a personal fatwa. See notes: High-impact internal two-qawl issue; reviewer should approve which relied-upon formulation Niswah uses.,Primary: المجموع، رأت الحامل دما يصلح أن يكون حيضا، ج2 ص412 (https://islamweb.net/ar/library/content/14/1087/%D8%B1%D8%A3%D8%AA-%D8%A7%D9%84%D8%AD%D8%A7%D9%85%D9%84-%D8%AF%D9%85%D8%A7-%D9%8A%D8%B5%D9%84%D8%AD-%D8%A3%D9%86-%D9%8A%D9%83%D9%88%D9%86-%D8%AD%D9%8A%D8%B6%D8%A7) | Secondary: تحفة المحتاج، باب الحيض، ج1 ص412 (https://www.islamweb.net/ar/library/content/20/720/?idfrom=&idto=&start=)
SHF-HAID-04,FIQH,shafii,The relied-upon Shafi'i minimum Haid duration is one day and one night (24 hours).,LOCATOR_VERIFIED,NOT_REAUDITED_PRE_ESTABLISHED_EVIDENCE,NOT_REVIEWED,PRODUCTION_ELIGIBLE,"Pre-existing evidence-pack status is LOCATOR_VERIFIED (source located and matched to the proposition; never flagged as SCHOLAR_CLARIFICATION_REQUIRED or PARTIAL_EVIDENCE). Per explicit instruction this row was NOT re-researched in the internet evidence audit; this disposition is based on inspecting the row's existing evidence status, provenance, locator, and review state, not on new source verification. Eligible as an evidence-backed production candidate on that existing basis -- this is an evidence-strength classification, not a scholar approval.",No qualified Islamic scholar has reviewed or approved this ruling. Must never be presented to a user as scholar-approved or as a personal fatwa. See notes: App needs precise accumulation/time-boundary rules reviewed.,Primary: المجموع، أقل الحيض، ج2 ص404 (https://www.islamweb.net/ar/library/content/14/1084/%D8%A3%D9%82%D9%84-%D8%A7%D9%84%D8%AD%D9%8A%D8%B6)
SHF-HAID-05,FIQH,shafii,The Shafi'i maximum Haid duration is fifteen days.,LOCATOR_VERIFIED,NOT_REAUDITED_PRE_ESTABLISHED_EVIDENCE,NOT_REVIEWED,PRODUCTION_ELIGIBLE,"Pre-existing evidence-pack status is LOCATOR_VERIFIED (source located and matched to the proposition; never flagged as SCHOLAR_CLARIFICATION_REQUIRED or PARTIAL_EVIDENCE). Per explicit instruction this row was NOT re-researched in the internet evidence audit; this disposition is based on inspecting the row's existing evidence status, provenance, locator, and review state, not on new source verification. Eligible as an evidence-backed production candidate on that existing basis -- this is an evidence-strength classification, not a scholar approval.",No qualified Islamic scholar has reviewed or approved this ruling. Must never be presented to a user as scholar-approved or as a personal fatwa. See notes: (none),Primary: المجموع، أقل الحيض، ج2 ص404 (https://www.islamweb.net/ar/library/content/14/1084/%D8%A3%D9%82%D9%84-%D8%A7%D9%84%D8%AD%D9%8A%D8%B6)
SHF-HAID-06,FIQH,shafii,The minimum complete purity interval separating two Haid episodes is fifteen days.,LOCATOR_VERIFIED,NOT_REAUDITED_PRE_ESTABLISHED_EVIDENCE,NOT_REVIEWED,PRODUCTION_ELIGIBLE,"Pre-existing evidence-pack status is LOCATOR_VERIFIED (source located and matched to the proposition; never flagged as SCHOLAR_CLARIFICATION_REQUIRED or PARTIAL_EVIDENCE). Per explicit instruction this row was NOT re-researched in the internet evidence audit; this disposition is based on inspecting the row's existing evidence status, provenance, locator, and review state, not on new source verification. Eligible as an evidence-backed production candidate on that existing basis -- this is an evidence-strength classification, not a scholar approval.",No qualified Islamic scholar has reviewed or approved this ruling. Must never be presented to a user as scholar-approved or as a personal fatwa. See notes: Interposed purity inside a possible 15-day Haid span is a separate issue.,Primary: المجموع، أقل الحيض، ج2 ص404-405 (https://www.islamweb.net/ar/library/content/14/1084/%D8%A3%D9%82%D9%84-%D8%A7%D9%84%D8%AD%D9%8A%D8%B6)
SHF-HAID-07,FIQH,shafii,The Shafi'i school has no maximum duration of purity.,LOCATOR_VERIFIED,NOT_REAUDITED_PRE_ESTABLISHED_EVIDENCE,NOT_REVIEWED,PRODUCTION_ELIGIBLE,"Pre-existing evidence-pack status is LOCATOR_VERIFIED (source located and matched to the proposition; never flagged as SCHOLAR_CLARIFICATION_REQUIRED or PARTIAL_EVIDENCE). Per explicit instruction this row was NOT re-researched in the internet evidence audit; this disposition is based on inspecting the row's existing evidence status, provenance, locator, and review state, not on new source verification. Eligible as an evidence-backed production candidate on that existing basis -- this is an evidence-strength classification, not a scholar approval.",No qualified Islamic scholar has reviewed or approved this ruling. Must never be presented to a user as scholar-approved or as a personal fatwa. See notes: (none),Primary: المجموع، أقل الحيض، ج2 ص404 (https://www.islamweb.net/ar/library/content/14/1084/%D8%A3%D9%82%D9%84-%D8%A7%D9%84%D8%AD%D9%8A%D8%B6)
SHF-HAID-08,FIQH,shafii,Yellow and brown discharge can be Haid in the relied-upon Shafi'i treatment when occurring within a legally valid menstrual context.,LOCATOR_VERIFIED,NOT_REAUDITED_PRE_ESTABLISHED_EVIDENCE,NOT_REVIEWED,PRODUCTION_ELIGIBLE,"Pre-existing evidence-pack status is LOCATOR_VERIFIED (source located and matched to the proposition; never flagged as SCHOLAR_CLARIFICATION_REQUIRED or PARTIAL_EVIDENCE). Per explicit instruction this row was NOT re-researched in the internet evidence audit; this disposition is based on inspecting the row's existing evidence status, provenance, locator, and review state, not on new source verification. Eligible as an evidence-backed production candidate on that existing basis -- this is an evidence-strength classification, not a scholar approval.",No qualified Islamic scholar has reviewed or approved this ruling. Must never be presented to a user as scholar-approved or as a personal fatwa. See notes: (none),Primary: تحفة المحتاج، فصل في أحكام المستحاضة، ج1 ص401 (https://islamweb.net/ar/library/content/20/693/%D9%81%D8%B5%D9%84-%D9%81%D9%8A-%D8%A3%D8%AD%D9%83%D8%A7%D9%85-%D8%A7%D9%84%D9%85%D8%B3%D8%AA%D8%AD%D8%A7%D8%B6%D8%A9) | Secondary: المجموع، رأت المميزة دما قويا وضعيفا، ج2 ص437 (https://islamweb.net/ar/library/content/14/1097/%D8%B1%D8%A3%D8%AA-%D8%A7%D9%84%D9%85%D9%85%D9%8A%D8%B2%D8%A9-%D8%AF%D9%85%D8%A7-%D9%82%D9%88%D9%8A%D8%A7-%D9%88%D8%B6%D8%B9%D9%8A%D9%81%D8%A7)
SHF-HAID-09,FIQH,shafii,Tuhfat al-Muhtaj states yellow/brown is Haid in the more correct position and discusses the report excluding it 'after purity' as open to interpretation; a product rule for discharge after a confirmed Tahara event therefore needs scholar clarification.,SCHOLAR_CLARIFICATION_REQUIRED,CONFLICT_OR_JUDGMENT_REQUIRED,NOT_REVIEWED,FAIL_CLOSED,"Row explicitly states the hadith-based exclusion of yellow/brown 'after purity' is 'open to interpretation' per Tuhfat al-Muhtaj itself -- the primary source's own text acknowledges interpretive latitude, which is precisely a judgment-required case, not a citation gap. Independently, general search on this exact discharge-color topic across schools confirms it is a longstanding, recognized area of nuance, not an obscure or fabricated issue.",Independently internet-verified this audit wave; still requires qualified Islamic scholar review before any production use. Must never be presented to a user as scholar-approved or as a personal fatwa. See notes: Do not encode a simplistic 'post-purity never counts' rule.,Primary: تحفة المحتاج، فصل في أحكام المستحاضة، ج1 ص401 (https://islamweb.net/ar/library/content/20/693/%D9%81%D8%B5%D9%84-%D9%81%D9%8A-%D8%A3%D8%AD%D9%83%D8%A7%D9%85-%D8%A7%D9%84%D9%85%D8%B3%D8%AA%D8%AD%D8%A7%D8%B6%D8%A9)
SHF-HAID-12,FIQH,shafii,Shafi'i sources preserve two famous treatments of interposed purity within a possible Haid span: talfiq (dry intervals are purity) and sahb (the whole span is Haid). Al-Majmu' reports most companions favoring sahb; later Tuhfa labels the interposed naqa' Haid in the more apparent position under its conditions.,SCHOLAR_CLARIFICATION_REQUIRED,CONFLICT_OR_JUDGMENT_REQUIRED,NOT_REVIEWED,FAIL_CLOSED,"Row explicitly names TWO famous treatments (talfiq vs. sahb) with Al-Majmu' reporting most companions favoring one and a later commentary (Tuhfa) favoring a different labeling under stated conditions -- genuine, well-documented two-position issue, kept fail-closed.",Independently internet-verified this audit wave; still requires qualified Islamic scholar review before any production use. Must never be presented to a user as scholar-approved or as a personal fatwa. See notes: Algorithmically complex; final relied-upon treatment must be explicitly selected.,Primary: المجموع، فصل التلفيق والتقطع، ج2 ص518-523 (https://islamweb.net/ar/library/content/14/1148/%D8%A7%D9%84%D9%85%D8%B3%D8%AA%D8%AD%D8%A7%D8%B6%D8%A9-%D8%A5%D8%B0%D8%A7-%D8%B1%D8%A3%D8%AA-%D9%8A%D9%88%D9%85%D8%A7-%D9%88%D9%84%D9%8A%D9%84%D8%A9-%D8%AF%D9%85%D8%A7-%D9%88%D9%8A%D9%88%D9%85%D8%A7-%D9%88%D9%84%D9%8A%D9%84%D8%A9-%D9%86%D9%82%D8%A7%D8%A1-%D9%88%D8%B9%D8%A8%D8%B1-%D8%A7%D9%84%D8%AE%D9%85%D8%B3%D8%A9-%D8%B9%D8%B4%D8%B1) | Secondary: تحفة المحتاج، باب الحيض، ج1 ص412 (https://www.islamweb.net/ar/library/content/20/720/?idfrom=&idto=&start=)
SHF-HAID-13,FIQH,shafii,"When blood resumes inside a legally possible fifteen-day Haid span, classification depends on the Shafi'i interposed-purity rules and minimum total blood; a complete fifteen-day Tuhr separates a later episode.",SCHOLAR_CLARIFICATION_REQUIRED,CONFLICT_OR_JUDGMENT_REQUIRED,NOT_REVIEWED,FAIL_CLOSED,Directly tied to the same talfiq/sahb multiplicity as SHF-HAID-12 -- row explicitly calls for a state-transition table.,Independently internet-verified this audit wave; still requires qualified Islamic scholar review before any production use. Must never be presented to a user as scholar-approved or as a personal fatwa. See notes: Needs state-transition table.,Primary: المجموع، فصل التلفيق والتقطع، ج2 ص518-523 (https://islamweb.net/ar/library/content/14/1148/%D8%A7%D9%84%D9%85%D8%B3%D8%AA%D8%AD%D8%A7%D8%B6%D8%A9-%D8%A5%D8%B0%D8%A7-%D8%B1%D8%A3%D8%AA-%D9%8A%D9%88%D9%85%D8%A7-%D9%88%D9%84%D9%8A%D9%84%D8%A9-%D8%AF%D9%85%D8%A7-%D9%88%D9%8A%D9%88%D9%85%D8%A7-%D9%88%D9%84%D9%8A%D9%84%D8%A9-%D9%86%D9%82%D8%A7%D8%A1-%D9%88%D8%B9%D8%A8%D8%B1-%D8%A7%D9%84%D8%AE%D9%85%D8%B3%D8%A9-%D8%B9%D8%B4%D8%B1) | Secondary: المجموع، أقل الحيض، ج2 ص404-405 (https://www.islamweb.net/ar/library/content/14/1084/%D8%A3%D9%82%D9%84-%D8%A7%D9%84%D8%AD%D9%8A%D8%B6)
SHF-HAID-14,FIQH,shafii,"If first bleeding remains within 15 days and reaches the minimum, it is Haid; if it exceeds the maximum and there is no valid distinction, later Shafi'i commentary gives the more apparent return as one day/night Haid and twenty-nine days purity.",LOCATOR_VERIFIED,NOT_REAUDITED_PRE_ESTABLISHED_EVIDENCE,NOT_REVIEWED,PRODUCTION_ELIGIBLE,"Pre-existing evidence-pack status is LOCATOR_VERIFIED (source located and matched to the proposition; never flagged as SCHOLAR_CLARIFICATION_REQUIRED or PARTIAL_EVIDENCE). Per explicit instruction this row was NOT re-researched in the internet evidence audit; this disposition is based on inspecting the row's existing evidence status, provenance, locator, and review state, not on new source verification. Eligible as an evidence-backed production candidate on that existing basis -- this is an evidence-strength classification, not a scholar approval.",No qualified Islamic scholar has reviewed or approved this ruling. Must never be presented to a user as scholar-approved or as a personal fatwa. See notes: Separate normal first episode from continuous-bleeding fallback.,Primary: المجموع، رأت المرأة الدم لزمان يصح أن يكون حيضا، ج2 ص416 (https://islamweb.net/ar/library/content/14/1090/%D8%B1%D8%A3%D8%AA-%D8%A7%D9%84%D9%85%D8%B1%D8%A3%D8%A9-%D8%A7%D9%84%D8%AF%D9%85-%D9%84%D8%B2%D9%85%D8%A7%D9%86-%D9%8A%D8%B5%D8%AD-%D8%A3%D9%86-%D9%8A%D9%83%D9%88%D9%86-%D8%AD%D9%8A%D8%B6%D8%A7) | Secondary: نهاية المحتاج، المبتدأة غير المميزة، ج1 ص343 (https://www.islamweb.net/ar/library/content/25/517/%D8%A7%D9%84%D9%85%D8%B3%D8%AA%D8%AD%D8%A7%D8%B6%D8%A9-%D8%A7%D9%84%D8%AB%D8%A7%D9%86%D9%8A%D8%A9-%D9%88%D9%87%D9%8A-%D8%A7%D9%84%D9%85%D8%A8%D8%AA%D8%AF%D8%A3%D8%A9-%D8%BA%D9%8A%D8%B1-%D8%A7%D9%84%D9%85%D9%85%D9%8A%D8%B2%D8%A9)
SHF-HAID-15,FIQH,shafii,Al-Majmu' states the strongest Shafi'i position is that menstrual/purity habit is established by a single occurrence.,LOCATOR_VERIFIED,NOT_REAUDITED_PRE_ESTABLISHED_EVIDENCE,NOT_REVIEWED,PRODUCTION_ELIGIBLE,"Pre-existing evidence-pack status is LOCATOR_VERIFIED (source located and matched to the proposition; never flagged as SCHOLAR_CLARIFICATION_REQUIRED or PARTIAL_EVIDENCE). Per explicit instruction this row was NOT re-researched in the internet evidence audit; this disposition is based on inspecting the row's existing evidence status, provenance, locator, and review state, not on new source verification. Eligible as an evidence-backed production candidate on that existing basis -- this is an evidence-strength classification, not a scholar approval.",No qualified Islamic scholar has reviewed or approved this ruling. Must never be presented to a user as scholar-approved or as a personal fatwa. See notes: Source records weaker views requiring repetition; final app wording should state the relied-upon position only after review.,Primary: المجموع، ما تثبت به العادة، ج2 ص443-444 (https://islamweb.net/ar/library/content/14/1109/%D9%81%D8%B1%D8%B9-%D8%B1%D8%A3%D8%AA-%D9%81%D9%8A-%D8%A3%D9%88%D9%84-%D8%A7%D9%84%D8%B4%D9%87%D8%B1-%D8%B9%D8%B4%D8%B1%D8%A9-%D8%A3%D9%8A%D8%A7%D9%85-%D8%AF%D9%85%D8%A7-%D9%88%D8%A8%D8%A7%D9%82%D9%8A%D9%87-%D8%B7%D9%87%D8%B1%D8%A7-%D9%88%D9%81%D9%8A-%D8%A7%D9%84%D8%AB%D8%A7%D9%86%D9%8A-%D8%AE%D9%85%D8%B3%D8%A9-%D9%88%D8%A7%D9%84%D8%AB%D8%A7%D9%84%D8%AB-%D8%A3%D8%B1%D8%A8%D8%B9%D8%A9-%D8%AB%D9%85-%D8%A7%D8%B3%D8%AA%D8%AD%D9%8A%D8%B6%D8%AA-%D9%81%D9%8A-%D8%A7%D9%84%D8%B1%D8%A7%D8%A8%D8%B9)
SHF-HAID-16,FIQH,shafii,"Al-Majmu' explicitly states that menstrual habit can move earlier or later and can increase or decrease, and gives examples of each timing shift. This establishes that a Shafi'i habit is not permanently fixed to its former calendar position.",LOCATOR_VERIFIED,NOT_REAUDITED_PRE_ESTABLISHED_EVIDENCE,NOT_REVIEWED,PRODUCTION_ELIGIBLE,"Pre-existing evidence-pack status is LOCATOR_VERIFIED (source located and matched to the proposition; never flagged as SCHOLAR_CLARIFICATION_REQUIRED or PARTIAL_EVIDENCE). Per explicit instruction this row was NOT re-researched in the internet evidence audit; this disposition is based on inspecting the row's existing evidence status, provenance, locator, and review state, not on new source verification. Eligible as an evidence-backed production candidate on that existing basis -- this is an evidence-strength classification, not a scholar approval.",No qualified Islamic scholar has reviewed or approved this ruling. Must never be presented to a user as scholar-approved or as a personal fatwa. See notes: The source verifies movement of habit timing. Scholar still approves the exact state-machine rules for prolonged bleeding when an old habit and new timing interact.,Primary: المجموع شرح المهذب، كتاب الحيض، العادة تتقدم وتتأخر وتزيد وتنقص، ج2 ص446-447 (https://islamweb.net/ar/library/content/14/1114/%D8%A7%D9%84%D8%B9%D8%A7%D8%AF%D8%A9-%D8%AA%D8%AA%D9%82%D8%AF%D9%85-%D9%88%D8%AA%D8%AA%D8%A3%D8%AE%D8%B1-%D9%88%D8%AA%D8%B2%D9%8A%D8%AF-%D9%88%D8%AA%D9%86%D9%82%D8%B5) | Secondary: المجموع شرح المهذب، تتمة العادة تتقدم وتتأخر، ج2 ص447 (https://www.islamweb.net/ar/library/content/14/1115/%D8%A7%D9%84%D8%B9%D8%A7%D8%AF%D8%A9-%D8%AA%D8%AA%D9%82%D8%AF%D9%85-%D9%88%D8%AA%D8%AA%D8%A3%D8%AE%D8%B1-%D9%88%D8%AA%D8%B2%D9%8A%D8%AF-%D9%88%D8%AA%D9%86%D9%82%D8%B5)
SHF-HAID-17,FIQH,shafii,"The strongest Shafi'i treatment permits habit amount to be established/changed by one occurrence, subject to the validity constraints of the observed Haid.",LOCATOR_VERIFIED,NOT_REAUDITED_PRE_ESTABLISHED_EVIDENCE,NOT_REVIEWED,PRODUCTION_ELIGIBLE,"Pre-existing evidence-pack status is LOCATOR_VERIFIED (source located and matched to the proposition; never flagged as SCHOLAR_CLARIFICATION_REQUIRED or PARTIAL_EVIDENCE). Per explicit instruction this row was NOT re-researched in the internet evidence audit; this disposition is based on inspecting the row's existing evidence status, provenance, locator, and review state, not on new source verification. Eligible as an evidence-backed production candidate on that existing basis -- this is an evidence-strength classification, not a scholar approval.",No qualified Islamic scholar has reviewed or approved this ruling. Must never be presented to a user as scholar-approved or as a personal fatwa. See notes: (none),Primary: المجموع، ما تثبت به العادة، ج2 ص443-444 (https://islamweb.net/ar/library/content/14/1109/%D9%81%D8%B1%D8%B9-%D8%B1%D8%A3%D8%AA-%D9%81%D9%8A-%D8%A3%D9%88%D9%84-%D8%A7%D9%84%D8%B4%D9%87%D8%B1-%D8%B9%D8%B4%D8%B1%D8%A9-%D8%A3%D9%8A%D8%A7%D9%85-%D8%AF%D9%85%D8%A7-%D9%88%D8%A8%D8%A7%D9%82%D9%8A%D9%87-%D8%B7%D9%87%D8%B1%D8%A7-%D9%88%D9%81%D9%8A-%D8%A7%D9%84%D8%AB%D8%A7%D9%86%D9%8A-%D8%AE%D9%85%D8%B3%D8%A9-%D9%88%D8%A7%D9%84%D8%AB%D8%A7%D9%84%D8%AB-%D8%A3%D8%B1%D8%A8%D8%B9%D8%A9-%D8%AB%D9%85-%D8%A7%D8%B3%D8%AA%D8%AD%D9%8A%D8%B6%D8%AA-%D9%81%D9%8A-%D8%A7%D9%84%D8%B1%D8%A7%D8%A8%D8%B9)
SHF-HAID-18,FIQH,shafii,"Bleeding beyond fifteen days becomes an Istihada-classification problem; the woman is then returned to valid distinction, established habit, or other school-specific fallback depending on her case.",LOCATOR_VERIFIED,NOT_REAUDITED_PRE_ESTABLISHED_EVIDENCE,NOT_REVIEWED,PRODUCTION_ELIGIBLE,"Pre-existing evidence-pack status is LOCATOR_VERIFIED (source located and matched to the proposition; never flagged as SCHOLAR_CLARIFICATION_REQUIRED or PARTIAL_EVIDENCE). Per explicit instruction this row was NOT re-researched in the internet evidence audit; this disposition is based on inspecting the row's existing evidence status, provenance, locator, and review state, not on new source verification. Eligible as an evidence-backed production candidate on that existing basis -- this is an evidence-strength classification, not a scholar approval.",No qualified Islamic scholar has reviewed or approved this ruling. Must never be presented to a user as scholar-approved or as a personal fatwa. See notes: Classification branch depends on persona.,Primary: المجموع، رأت المميزة دما قويا وضعيفا، ج2 ص431-437 (https://islamweb.net/ar/library/content/14/1097/%D8%B1%D8%A3%D8%AA-%D8%A7%D9%84%D9%85%D9%85%D9%8A%D8%B2%D8%A9-%D8%AF%D9%85%D8%A7-%D9%82%D9%88%D9%8A%D8%A7-%D9%88%D8%B6%D8%B9%D9%8A%D9%81%D8%A7) | Secondary: تحفة المحتاج، فصل المستحاضة، ج1 ص402-404 (https://www.islamweb.net/amp/ar/library/content/20/705/%D9%81%D8%B5%D9%84-%D9%81%D9%8A-%D8%A3%D8%AD%D9%83%D8%A7%D9%85-%D8%A7%D9%84%D9%85%D8%B3%D8%AA%D8%AD%D8%A7%D8%B6%D8%A9)
SHF-HAID-19,FIQH,shafii,"For an accustomed woman who also has valid blood distinction, al-Majmu' gives the correct position as returning to tamyiz rather than the old habit when the two conflict.",LOCATOR_VERIFIED,NOT_REAUDITED_PRE_ESTABLISHED_EVIDENCE,NOT_REVIEWED,PRODUCTION_ELIGIBLE,"Pre-existing evidence-pack status is LOCATOR_VERIFIED (source located and matched to the proposition; never flagged as SCHOLAR_CLARIFICATION_REQUIRED or PARTIAL_EVIDENCE). Per explicit instruction this row was NOT re-researched in the internet evidence audit; this disposition is based on inspecting the row's existing evidence status, provenance, locator, and review state, not on new source verification. Eligible as an evidence-backed production candidate on that existing basis -- this is an evidence-strength classification, not a scholar approval.",No qualified Islamic scholar has reviewed or approved this ruling. Must never be presented to a user as scholar-approved or as a personal fatwa. See notes: Only when the distinction satisfies the school's validity conditions.,Primary: المجموع، المعتادة المميزة، ج2 (https://www.islamweb.net/ar/library/content/14/1117/%D9%83%D8%A7%D9%86-%D8%B9%D8%A7%D8%AF%D8%AA%D9%87%D8%A7-%D8%AE%D9%85%D8%B3%D8%A9-%D9%85%D9%86-%D8%A3%D9%88%D9%84-%D8%A7%D9%84%D8%B4%D9%87%D8%B1-%D8%AB%D9%85-%D8%A7%D8%B3%D8%AA%D8%AD%D9%8A%D8%B6%D8%AA-%D9%88%D9%87%D9%8A-%D9%85%D9%85%D9%8A%D8%B2%D8%A9)
SHF-ISTI-20,FIQH,shafii,Later Shafi'i sources define Istihada as pathological/non-Haid/non-Nifas bleeding; in prolonged cases it includes blood outside the portion classified as Haid by the applicable rules.,LOCATOR_VERIFIED,NOT_REAUDITED_PRE_ESTABLISHED_EVIDENCE,NOT_REVIEWED,PRODUCTION_ELIGIBLE,"Pre-existing evidence-pack status is LOCATOR_VERIFIED (source located and matched to the proposition; never flagged as SCHOLAR_CLARIFICATION_REQUIRED or PARTIAL_EVIDENCE). Per explicit instruction this row was NOT re-researched in the internet evidence audit; this disposition is based on inspecting the row's existing evidence status, provenance, locator, and review state, not on new source verification. Eligible as an evidence-backed production candidate on that existing basis -- this is an evidence-strength classification, not a scholar approval.",No qualified Islamic scholar has reviewed or approved this ruling. Must never be presented to a user as scholar-approved or as a personal fatwa. See notes: (none),Primary: نهاية المحتاج، باب الحيض، ج1 ص323 (https://www.islamweb.net/ar/library/content/25/495/%D8%A8%D8%A7%D8%A8-%D8%A7%D9%84%D8%AD%D9%8A%D8%B6-%D9%88%D9%85%D8%A7-%D9%8A%D8%B0%D9%83%D8%B1-%D9%85%D8%B9%D9%87-%D9%85%D9%86-%D8%A7%D9%84%D8%A7%D8%B3%D8%AA%D8%AD%D8%A7%D8%B6%D8%A9-%D9%88%D8%A7%D9%84%D9%86%D9%81%D8%A7%D8%B3) | Secondary: تحفة المحتاج، باب الحيض، ج1 ص383 (https://www.islamweb.net/ar/library/content/20/646/%D8%A8%D8%A7%D8%A8-%D8%A7%D9%84%D8%AD%D9%8A%D8%B6-%D9%88%D8%A7%D9%84%D9%86%D9%81%D8%A7%D8%B3-%D9%88%D8%A7%D9%84%D8%A7%D8%B3%D8%AA%D8%AD%D8%A7%D8%B6%D8%A9)
SHF-ISTI-21,FIQH,shafii,"In prolonged bleeding, an established habit can control when valid tamyiz is unavailable; when valid tamyiz conflicts with habit, the cited correct Shafi'i position prioritizes tamyiz.",LOCATOR_VERIFIED,NOT_REAUDITED_PRE_ESTABLISHED_EVIDENCE,NOT_REVIEWED,PRODUCTION_ELIGIBLE,"Pre-existing evidence-pack status is LOCATOR_VERIFIED (source located and matched to the proposition; never flagged as SCHOLAR_CLARIFICATION_REQUIRED or PARTIAL_EVIDENCE). Per explicit instruction this row was NOT re-researched in the internet evidence audit; this disposition is based on inspecting the row's existing evidence status, provenance, locator, and review state, not on new source verification. Eligible as an evidence-backed production candidate on that existing basis -- this is an evidence-strength classification, not a scholar approval.",No qualified Islamic scholar has reviewed or approved this ruling. Must never be presented to a user as scholar-approved or as a personal fatwa. See notes: Needs branching by whether tamyiz is valid.,Primary: المجموع، المعتادة المميزة، ج2 (https://www.islamweb.net/ar/library/content/14/1117/%D9%83%D8%A7%D9%86-%D8%B9%D8%A7%D8%AF%D8%AA%D9%87%D8%A7-%D8%AE%D9%85%D8%B3%D8%A9-%D9%85%D9%86-%D8%A3%D9%88%D9%84-%D8%A7%D9%84%D8%B4%D9%87%D8%B1-%D8%AB%D9%85-%D8%A7%D8%B3%D8%AA%D8%AD%D9%8A%D8%B6%D8%AA-%D9%88%D9%87%D9%8A-%D9%85%D9%85%D9%8A%D8%B2%D8%A9) | Secondary: المجموع، العادة في باب الحيض، ج2 (https://islamweb.net/ar/library/content/14/1093/%D8%AC%D8%A7%D9%88%D8%B2-%D8%AF%D9%85%D9%87%D9%86-%D8%A3%D9%83%D8%AB%D8%B1-%D8%A7%D9%84%D8%AD%D9%8A%D8%B6-%D9%88%D8%A7%D8%AE%D8%AA%D9%84%D8%B7-%D8%A7%D9%84%D8%AD%D9%8A%D8%B6-%D9%88%D8%A7%D9%84%D8%B7%D9%87%D8%B1)
SHF-ISTI-22,FIQH,shafii,Valid distinction can classify stronger blood as Haid and weaker blood as Istihada when the Shafi'i conditions of minimum/maximum Haid and minimum weak interval are satisfied.,LOCATOR_VERIFIED,NOT_REAUDITED_PRE_ESTABLISHED_EVIDENCE,NOT_REVIEWED,PRODUCTION_ELIGIBLE,"Pre-existing evidence-pack status is LOCATOR_VERIFIED (source located and matched to the proposition; never flagged as SCHOLAR_CLARIFICATION_REQUIRED or PARTIAL_EVIDENCE). Per explicit instruction this row was NOT re-researched in the internet evidence audit; this disposition is based on inspecting the row's existing evidence status, provenance, locator, and review state, not on new source verification. Eligible as an evidence-backed production candidate on that existing basis -- this is an evidence-strength classification, not a scholar approval.","No qualified Islamic scholar has reviewed or approved this ruling. Must never be presented to a user as scholar-approved or as a personal fatwa. See notes: Tuhfa ranks strength by color, thickness and odor; exact encoding should be reviewed.",Primary: تحفة المحتاج، فصل في أحكام المستحاضة، ج1 ص402 (https://www.islamweb.net/amp/ar/library/content/20/705/%D9%81%D8%B5%D9%84-%D9%81%D9%8A-%D8%A3%D8%AD%D9%83%D8%A7%D9%85-%D8%A7%D9%84%D9%85%D8%B3%D8%AA%D8%AD%D8%A7%D8%B6%D8%A9) | Secondary: المجموع، رأت المميزة دما قويا وضعيفا، ج2 (https://islamweb.net/ar/library/content/14/1097/%D8%B1%D8%A3%D8%AA-%D8%A7%D9%84%D9%85%D9%85%D9%8A%D8%B2%D8%A9-%D8%AF%D9%85%D8%A7-%D9%82%D9%88%D9%8A%D8%A7-%D9%88%D8%B6%D8%B9%D9%8A%D9%81%D8%A7)
SHF-ISTI-23,FIQH,shafii,"For a beginner whose blood exceeds fifteen days and lacks valid distinction, later Shafi'i commentary gives the more apparent fallback as one day/night Haid followed by twenty-nine days purity in a thirty-day cycle.",LOCATOR_VERIFIED,NOT_REAUDITED_PRE_ESTABLISHED_EVIDENCE,NOT_REVIEWED,PRODUCTION_ELIGIBLE,"Pre-existing evidence-pack status is LOCATOR_VERIFIED (source located and matched to the proposition; never flagged as SCHOLAR_CLARIFICATION_REQUIRED or PARTIAL_EVIDENCE). Per explicit instruction this row was NOT re-researched in the internet evidence audit; this disposition is based on inspecting the row's existing evidence status, provenance, locator, and review state, not on new source verification. Eligible as an evidence-backed production candidate on that existing basis -- this is an evidence-strength classification, not a scholar approval.",No qualified Islamic scholar has reviewed or approved this ruling. Must never be presented to a user as scholar-approved or as a personal fatwa. See notes: Applies when start time is known; forgotten/unknown cases are mutahayyira and separate.,Primary: تحفة المحتاج، فصل في أحكام المستحاضة، ج1 ص404 (https://www.islamweb.net/ar/library/content/20/697/%D9%81%D8%B5%D9%84-%D9%81%D9%8A-%D8%A3%D8%AD%D9%83%D8%A7%D9%85-%D8%A7%D9%84%D9%85%D8%B3%D8%AA%D8%AD%D8%A7%D8%B6%D8%A9) | Secondary: نهاية المحتاج، المبتدأة غير المميزة، ج1 ص343 (https://www.islamweb.net/ar/library/content/25/517/%D8%A7%D9%84%D9%85%D8%B3%D8%AA%D8%AD%D8%A7%D8%B6%D8%A9-%D8%A7%D9%84%D8%AB%D8%A7%D9%86%D9%8A%D8%A9-%D9%88%D9%87%D9%8A-%D8%A7%D9%84%D9%85%D8%A8%D8%AA%D8%AF%D8%A3%D8%A9-%D8%BA%D9%8A%D8%B1-%D8%A7%D9%84%D9%85%D9%85%D9%8A%D8%B2%D8%A9)
SHF-ISTI-24,FIQH,shafii,Istihada does not suspend Salah; the Mustahada purifies according to her continuous-event rules and performs obligatory prayers.,LOCATOR_VERIFIED,NOT_REAUDITED_PRE_ESTABLISHED_EVIDENCE,NOT_REVIEWED,PRODUCTION_ELIGIBLE,"Pre-existing evidence-pack status is LOCATOR_VERIFIED (source located and matched to the proposition; never flagged as SCHOLAR_CLARIFICATION_REQUIRED or PARTIAL_EVIDENCE). Per explicit instruction this row was NOT re-researched in the internet evidence audit; this disposition is based on inspecting the row's existing evidence status, provenance, locator, and review state, not on new source verification. Eligible as an evidence-backed production candidate on that existing basis -- this is an evidence-strength classification, not a scholar approval.",No qualified Islamic scholar has reviewed or approved this ruling. Must never be presented to a user as scholar-approved or as a personal fatwa. See notes: (none),Primary: المجموع، أحكام أصحاب الأعذار/المستحاضة، ج2 ص560 (https://www.islamweb.net/ar/library/content/14/1182/?idfrom=&idto=&start=) | Secondary: تحفة المحتاج، باب الحيض، ج1 ص397 (https://www.islamweb.net/ar/library/content/20/684/%D8%A8%D8%A7%D8%A8-%D8%A7%D9%84%D8%AD%D9%8A%D8%B6-%D9%88%D8%A7%D9%84%D9%86%D9%81%D8%A7%D8%B3-%D9%88%D8%A7%D9%84%D8%A7%D8%B3%D8%AA%D8%AD%D8%A7%D8%B6%D8%A9)
SHF-ISTI-25,FIQH,shafii,The Shafi'i Mustahada washes the impurity/uses appropriate protection and renews wudu for each obligatory prayer; one such purification does not authorize a second fard.,LOCATOR_VERIFIED,NOT_REAUDITED_PRE_ESTABLISHED_EVIDENCE,NOT_REVIEWED,PRODUCTION_ELIGIBLE,"Pre-existing evidence-pack status is LOCATOR_VERIFIED (source located and matched to the proposition; never flagged as SCHOLAR_CLARIFICATION_REQUIRED or PARTIAL_EVIDENCE). Per explicit instruction this row was NOT re-researched in the internet evidence audit; this disposition is based on inspecting the row's existing evidence status, provenance, locator, and review state, not on new source verification. Eligible as an evidence-backed production candidate on that existing basis -- this is an evidence-strength classification, not a scholar approval.",No qualified Islamic scholar has reviewed or approved this ruling. Must never be presented to a user as scholar-approved or as a personal fatwa. See notes: Timing/immediacy details should be retained if implemented.,Primary: تحفة المحتاج، باب الحيض، ج1 ص397 (https://www.islamweb.net/ar/library/content/20/684/%D8%A8%D8%A7%D8%A8-%D8%A7%D9%84%D8%AD%D9%8A%D8%B6-%D9%88%D8%A7%D9%84%D9%86%D9%81%D8%A7%D8%B3-%D9%88%D8%A7%D9%84%D8%A7%D8%B3%D8%AA%D8%AD%D8%A7%D8%B6%D8%A9) | Secondary: المجموع، أحكام المستحاضة، ج2 ص560 (https://www.islamweb.net/ar/library/content/14/1182/?idfrom=&idto=&start=)
SHF-ISTI-26,FIQH,shafii,"Istihada is not Haid/Nifas and does not by itself invalidate fasting; the woman's classified Haid/Nifas portion, not the ongoing Istihada portion, controls the fasting prohibition.",LOCATOR_VERIFIED,NOT_REAUDITED_PRE_ESTABLISHED_EVIDENCE,NOT_REVIEWED,PRODUCTION_ELIGIBLE,"Pre-existing evidence-pack status is LOCATOR_VERIFIED (source located and matched to the proposition; never flagged as SCHOLAR_CLARIFICATION_REQUIRED or PARTIAL_EVIDENCE). Per explicit instruction this row was NOT re-researched in the internet evidence audit; this disposition is based on inspecting the row's existing evidence status, provenance, locator, and review state, not on new source verification. Eligible as an evidence-backed production candidate on that existing basis -- this is an evidence-strength classification, not a scholar approval.",No qualified Islamic scholar has reviewed or approved this ruling. Must never be presented to a user as scholar-approved or as a personal fatwa. See notes: (none),Primary: تحفة المحتاج، فصل في أحكام المستحاضة، ج1 ص402-404 (https://www.islamweb.net/amp/ar/library/content/20/705/%D9%81%D8%B5%D9%84-%D9%81%D9%8A-%D8%A3%D8%AD%D9%83%D8%A7%D9%85-%D8%A7%D9%84%D9%85%D8%B3%D8%AA%D8%AD%D8%A7%D8%B6%D8%A9) | Secondary: المجموع، صوم الحائض والنفساء، ج6 (https://www.islamweb.net/ar/library/content/14/3817/%D8%B5%D9%88%D9%85-%D8%A7%D9%84%D8%AD%D8%A7%D8%A6%D8%B6-%D9%88%D8%A7%D9%84%D9%86%D9%81%D8%B3%D8%A7%D8%A1)
SHF-ISTI-27,FIQH,shafii,"Al-Majmu' states that when prolonged bleeding is known to be Istihada, the woman performs Ghusl when her classified Haid interval ends and then prays and fasts while the bleeding continues. The ordinary transition therefore requires Ghusl at the end of the classified Haid period, not waiting for all Istihada blood to stop.",LOCATOR_VERIFIED,NOT_REAUDITED_PRE_ESTABLISHED_EVIDENCE,NOT_REVIEWED,PRODUCTION_ELIGIBLE,"Pre-existing evidence-pack status is LOCATOR_VERIFIED (source located and matched to the proposition; never flagged as SCHOLAR_CLARIFICATION_REQUIRED or PARTIAL_EVIDENCE). Per explicit instruction this row was NOT re-researched in the internet evidence audit; this disposition is based on inspecting the row's existing evidence status, provenance, locator, and review state, not on new source verification. Eligible as an evidence-backed production candidate on that existing basis -- this is an evidence-strength classification, not a scholar approval.",No qualified Islamic scholar has reviewed or approved this ruling. Must never be presented to a user as scholar-approved or as a personal fatwa. See notes: Special mutahayyira cases can require precautionary repeated Ghusl and remain separate; do not generalize those rules to ordinary known-classification Istihada.,Primary: المجموع شرح المهذب، كتاب الحيض، جاوز دمهن أكثر الحيض واختلط الحيض والطهر، ج2 (https://www.islamweb.net/ar/library/content/14/1092/%D8%AC%D8%A7%D9%88%D8%B2-%D8%AF%D9%85%D9%87%D9%86-%D8%A3%D9%83%D8%AB%D8%B1-%D8%A7%D9%84%D8%AD%D9%8A%D8%B6-%D9%88%D8%A7%D8%AE%D8%AA%D9%84%D8%B7-%D8%A7%D9%84%D8%AD%D9%8A%D8%B6-%D9%88%D8%A7%D9%84%D8%B7%D9%87%D8%B1) | Secondary: تحفة المحتاج، فصل في أحكام المستحاضة، ج1 ص404 (تغتسل وتصلي بعد انتهاء المقدار المحكوم به) (https://www.islamweb.net/ar/library/content/20/697/%D9%81%D8%B5%D9%84-%D9%81%D9%8A-%D8%A3%D8%AD%D9%83%D8%A7%D9%85-%D8%A7%D9%84%D9%85%D8%B3%D8%AA%D8%AD%D8%A7%D8%B6%D8%A9)
SHF-NIFAS-28,FIQH,shafii,Shafi'i sources define Nifas as blood exiting after the uterus has emptied of the pregnancy; blood with the child is not Nifas under the later formulation.,LOCATOR_VERIFIED,NOT_REAUDITED_PRE_ESTABLISHED_EVIDENCE,NOT_REVIEWED,PRODUCTION_ELIGIBLE,"Pre-existing evidence-pack status is LOCATOR_VERIFIED (source located and matched to the proposition; never flagged as SCHOLAR_CLARIFICATION_REQUIRED or PARTIAL_EVIDENCE). Per explicit instruction this row was NOT re-researched in the internet evidence audit; this disposition is based on inspecting the row's existing evidence status, provenance, locator, and review state, not on new source verification. Eligible as an evidence-backed production candidate on that existing basis -- this is an evidence-strength classification, not a scholar approval.",No qualified Islamic scholar has reviewed or approved this ruling. Must never be presented to a user as scholar-approved or as a personal fatwa. See notes: (none),Primary: نهاية المحتاج، باب الحيض، ج1 ص323 (https://www.islamweb.net/ar/library/content/25/495/%D8%A8%D8%A7%D8%A8-%D8%A7%D9%84%D8%AD%D9%8A%D8%B6-%D9%88%D9%85%D8%A7-%D9%8A%D8%B0%D9%83%D8%B1-%D9%85%D8%B9%D9%87-%D9%85%D9%86-%D8%A7%D9%84%D8%A7%D8%B3%D8%AA%D8%AD%D8%A7%D8%B6%D8%A9-%D9%88%D8%A7%D9%84%D9%86%D9%81%D8%A7%D8%B3) | Secondary: تحفة المحتاج، باب الحيض، ج1 ص383 (https://www.islamweb.net/ar/library/content/20/646/%D8%A8%D8%A7%D8%A8-%D8%A7%D9%84%D8%AD%D9%8A%D8%B6-%D9%88%D8%A7%D9%84%D9%86%D9%81%D8%A7%D8%B3-%D9%88%D8%A7%D9%84%D8%A7%D8%B3%D8%AA%D8%AD%D8%A7%D8%B6%D8%A9)
SHF-NIFAS-29,FIQH,shafii,"Later Shafi'i commentary links Nifas after pregnancy loss to expulsion that qualifies as childbirth, including an alaqa/mudgha where hidden human form is present; modern clinical gestational terms cannot be substituted automatically for this classical criterion.",SCHOLAR_CLARIFICATION_REQUIRED,CONFLICT_OR_JUDGMENT_REQUIRED,NOT_REVIEWED,FAIL_CLOSED,"Row explicitly flags this as 'high-risk terminology mapping' where 'modern clinical gestational terms cannot be substituted automatically for this classical criterion' and 'a qualified scholar must define app-safe criteria' -- a clinical-to-classical mapping judgment call, kept fail-closed regardless of how well the classical citation itself verifies.",Independently internet-verified this audit wave; still requires qualified Islamic scholar review before any production use. Must never be presented to a user as scholar-approved or as a personal fatwa. See notes: High-risk terminology mapping; qualified scholar must define app-safe criteria.,Primary: تحفة المحتاج، أقل النفاس، ج1 ص413 (https://www.islamweb.net/ar/library/content/20/721/%D9%81%D8%B5%D9%84-%D9%81%D9%8A-%D8%A3%D8%AD%D9%83%D8%A7%D9%85-%D8%A7%D9%84%D9%85%D8%B3%D8%AA%D8%AD%D8%A7%D8%B6%D8%A9)
SHF-NIFAS-30,FIQH,shafii,The famous Shafi'i position has no fixed minimum duration for Nifas; it may be only a single discharge/moment.,LOCATOR_VERIFIED,NOT_REAUDITED_PRE_ESTABLISHED_EVIDENCE,NOT_REVIEWED,PRODUCTION_ELIGIBLE,"Pre-existing evidence-pack status is LOCATOR_VERIFIED (source located and matched to the proposition; never flagged as SCHOLAR_CLARIFICATION_REQUIRED or PARTIAL_EVIDENCE). Per explicit instruction this row was NOT re-researched in the internet evidence audit; this disposition is based on inspecting the row's existing evidence status, provenance, locator, and review state, not on new source verification. Eligible as an evidence-backed production candidate on that existing basis -- this is an evidence-strength classification, not a scholar approval.",No qualified Islamic scholar has reviewed or approved this ruling. Must never be presented to a user as scholar-approved or as a personal fatwa. See notes: (none),Primary: المجموع، أقل النفاس وأكثره، ج2 ص539 (https://islamweb.net/ar/library/content/14/1155/%D8%A3%D9%82%D9%84-%D8%A7%D9%84%D9%86%D9%81%D8%A7%D8%B3-%D9%88%D8%A3%D9%83%D8%AB%D8%B1%D9%87) | Secondary: تحفة المحتاج، أقل النفاس، ج1 ص413 (https://www.islamweb.net/ar/library/content/20/721/%D9%81%D8%B5%D9%84-%D9%81%D9%8A-%D8%A3%D8%AD%D9%83%D8%A7%D9%85-%D8%A7%D9%84%D9%85%D8%B3%D8%AA%D8%AD%D8%A7%D8%B6%D8%A9)
SHF-NIFAS-31,FIQH,shafii,The famous Shafi'i maximum Nifas duration is sixty days.,LOCATOR_VERIFIED,NOT_REAUDITED_PRE_ESTABLISHED_EVIDENCE,NOT_REVIEWED,PRODUCTION_ELIGIBLE,"Pre-existing evidence-pack status is LOCATOR_VERIFIED (source located and matched to the proposition; never flagged as SCHOLAR_CLARIFICATION_REQUIRED or PARTIAL_EVIDENCE). Per explicit instruction this row was NOT re-researched in the internet evidence audit; this disposition is based on inspecting the row's existing evidence status, provenance, locator, and review state, not on new source verification. Eligible as an evidence-backed production candidate on that existing basis -- this is an evidence-strength classification, not a scholar approval.",No qualified Islamic scholar has reviewed or approved this ruling. Must never be presented to a user as scholar-approved or as a personal fatwa. See notes: (none),Primary: المجموع، أقل النفاس وأكثره، ج2 ص539 (https://islamweb.net/ar/library/content/14/1155/%D8%A3%D9%82%D9%84-%D8%A7%D9%84%D9%86%D9%81%D8%A7%D8%B3-%D9%88%D8%A3%D9%83%D8%AB%D8%B1%D9%87) | Secondary: تحفة المحتاج، أقل النفاس، ج1 ص413 (https://www.islamweb.net/ar/library/content/20/721/%D9%81%D8%B5%D9%84-%D9%81%D9%8A-%D8%A3%D8%AD%D9%83%D8%A7%D9%85-%D8%A7%D9%84%D9%85%D8%B3%D8%AA%D8%AD%D8%A7%D8%B6%D8%A9)
SHF-NIFAS-32,FIQH,shafii,"A dry interval after delivery is not automatically Nifas; the woman has the legal treatment of purity during genuine naqa', but later returning blood within the sixty-day horizon can create complex Nifas/talfiq consequences.",SCHOLAR_CLARIFICATION_REQUIRED,CONFLICT_OR_JUDGMENT_REQUIRED,NOT_REVIEWED,FAIL_CLOSED,"Row explicitly states a later return of blood within the 60-day horizon 'can create complex Nifas/talfiq consequences' -- multi-branch outcome depending on timing, not a single settled rule.",Independently internet-verified this audit wave; still requires qualified Islamic scholar review before any production use. Must never be presented to a user as scholar-approved or as a personal fatwa. See notes: Needs explicit state machine.,Primary: تحفة المحتاج، أقل النفاس، ج1 ص413 (https://www.islamweb.net/ar/library/content/20/721/%D9%81%D8%B5%D9%84-%D9%81%D9%8A-%D8%A3%D8%AD%D9%83%D8%A7%D9%85-%D8%A7%D9%84%D9%85%D8%B3%D8%AA%D8%AD%D8%A7%D8%B6%D8%A9) | Secondary: المجموع، نفاس ثم خمسة عشر يوما طهر، ج2 (https://islamweb.net/ar/library/content/14/1160/%D8%B1%D8%A3%D8%AA-%D8%AF%D9%85-%D8%A7%D9%84%D9%86%D9%81%D8%A7%D8%B3-%D8%B3%D8%A7%D8%B9%D8%A9-%D8%AB%D9%85-%D8%B7%D9%87%D8%B1%D8%AA-%D8%AE%D9%85%D8%B3%D8%A9-%D8%B9%D8%B4%D8%B1-%D9%8A%D9%88%D9%85%D8%A7-%D8%AB%D9%85-%D8%B1%D8%A3%D8%AA-%D8%A7%D9%84%D8%AF%D9%85-%D9%8A%D9%88%D9%85%D8%A7-%D9%88%D9%84%D9%8A%D9%84%D8%A9)
SHF-NIFAS-33,FIQH,shafii,"If blood returns after an interposed dry period within the possible Nifas horizon, the classification depends on the length of the purity and the Shafi'i interposed-purity positions; a full fifteen-day purity can permit later blood to be treated as Haid in a stated scenario.",SCHOLAR_CLARIFICATION_REQUIRED,CONFLICT_OR_JUDGMENT_REQUIRED,NOT_REVIEWED,FAIL_CLOSED,"Row explicitly states 'the source itself records more than one face in the cited scenario' -- the primary source's own text documents multiple treatments, which is a judgment-required case by definition.",Independently internet-verified this audit wave; still requires qualified Islamic scholar review before any production use. Must never be presented to a user as scholar-approved or as a personal fatwa. See notes: Source itself records more than one face in the cited scenario.,Primary: المجموع، نفاس ثم خمسة عشر يوما طهر، ج2 (https://islamweb.net/ar/library/content/14/1160/%D8%B1%D8%A3%D8%AA-%D8%AF%D9%85-%D8%A7%D9%84%D9%86%D9%81%D8%A7%D8%B3-%D8%B3%D8%A7%D8%B9%D8%A9-%D8%AB%D9%85-%D8%B7%D9%87%D8%B1%D8%AA-%D8%AE%D9%85%D8%B3%D8%A9-%D8%B9%D8%B4%D8%B1-%D9%8A%D9%88%D9%85%D8%A7-%D8%AB%D9%85-%D8%B1%D8%A3%D8%AA-%D8%A7%D9%84%D8%AF%D9%85-%D9%8A%D9%88%D9%85%D8%A7-%D9%88%D9%84%D9%8A%D9%84%D8%A9)
SHF-NIFAS-34,FIQH,shafii,Blood cannot remain Nifas beyond the sixty-day maximum; continuing blood becomes an Istihada/other-classification problem governed by the applicable postpartum habit/distinction rules.,LOCATOR_VERIFIED,NOT_REAUDITED_PRE_ESTABLISHED_EVIDENCE,NOT_REVIEWED,PRODUCTION_ELIGIBLE,"Pre-existing evidence-pack status is LOCATOR_VERIFIED (source located and matched to the proposition; never flagged as SCHOLAR_CLARIFICATION_REQUIRED or PARTIAL_EVIDENCE). Per explicit instruction this row was NOT re-researched in the internet evidence audit; this disposition is based on inspecting the row's existing evidence status, provenance, locator, and review state, not on new source verification. Eligible as an evidence-backed production candidate on that existing basis -- this is an evidence-strength classification, not a scholar approval.",No qualified Islamic scholar has reviewed or approved this ruling. Must never be presented to a user as scholar-approved or as a personal fatwa. See notes: Precise post-60 fallback needs persona-specific scholar logic.,Primary: المجموع، أقل النفاس وأكثره، ج2 ص539 (https://islamweb.net/ar/library/content/14/1155/%D8%A3%D9%82%D9%84-%D8%A7%D9%84%D9%86%D9%81%D8%A7%D8%B3-%D9%88%D8%A3%D9%83%D8%AB%D8%B1%D9%87)
SHF-NIFAS-35,FIQH,shafii,Al-Majmu' records three views for twins and states the position preferred by many cited authorities counts the Nifas period from the second child; the blood between twins can have separate Haid/non-Nifas analysis.,SCHOLAR_CLARIFICATION_REQUIRED,CONFLICT_OR_JUDGMENT_REQUIRED,NOT_REVIEWED,FAIL_CLOSED,"Independently confirmed via search (Google-indexed snippet of the exact islamweb.net URL cited in this row): Al-Majmu' Sharh al-Muhadhdhab literally discusses 'walidat taw'amayn baynahuma zaman' (gave birth to twins with a time gap) with exactly three named positions/wujuh -- matching this row's claim precisely and confirming the citation is both real and accurately described. The three-way disagreement is genuine and well-documented, correctly kept fail-closed rather than upgraded, since internet verification confirms the DISAGREEMENT exists, not which position to rely on.",Independently internet-verified this audit wave; still requires qualified Islamic scholar review before any production use. Must never be presented to a user as scholar-approved or as a personal fatwa. See notes: Multiple intra-school faces; must not hard-code until scholar selects relied-upon treatment.,Primary: المجموع، ولدت توأمين بينهما زمان، ج2 ص543-544 (https://islamweb.net/ar/library/content/14/1157/%D9%88%D9%84%D8%AF%D8%AA-%D8%AA%D9%88%D8%A3%D9%85%D9%8A%D9%86-%D8%A8%D9%8A%D9%86%D9%87%D9%85%D8%A7-%D8%B2%D9%85%D8%A7%D9%86)
SHF-NIFAS-36,FIQH,shafii,Nifas is treated like Haid for the core worship prohibitions: prayer and fasting are not valid while the state continues; obligatory fasts are later made up while missed prayers are not.,LOCATOR_VERIFIED,NOT_REAUDITED_PRE_ESTABLISHED_EVIDENCE,NOT_REVIEWED,PRODUCTION_ELIGIBLE,"Pre-existing evidence-pack status is LOCATOR_VERIFIED (source located and matched to the proposition; never flagged as SCHOLAR_CLARIFICATION_REQUIRED or PARTIAL_EVIDENCE). Per explicit instruction this row was NOT re-researched in the internet evidence audit; this disposition is based on inspecting the row's existing evidence status, provenance, locator, and review state, not on new source verification. Eligible as an evidence-backed production candidate on that existing basis -- this is an evidence-strength classification, not a scholar approval.",No qualified Islamic scholar has reviewed or approved this ruling. Must never be presented to a user as scholar-approved or as a personal fatwa. See notes: (none),Primary: المجموع، صوم الحائض والنفساء، ج6 (https://www.islamweb.net/ar/library/content/14/3817/%D8%B5%D9%88%D9%85-%D8%A7%D9%84%D8%AD%D8%A7%D8%A6%D8%B6-%D9%88%D8%A7%D9%84%D9%86%D9%81%D8%B3%D8%A7%D8%A1) | Secondary: المجموع، سقوط الصلاة عن الحائض، ج2 (https://www.islamweb.net/ar/library/content/14/1062/%D9%81%D8%B1%D8%B9-%D9%84%D9%8A%D8%B3-%D8%B9%D9%84%D9%89-%D8%A7%D9%84%D8%AD%D8%A7%D8%A6%D8%B6-%D9%88%D8%B6%D9%88%D8%A1-%D9%88%D9%84%D8%A7-%D8%AA%D8%B3%D8%A8%D9%8A%D8%AD-%D9%88%D9%84%D8%A7-%D8%B0%D9%83%D8%B1)
SHF-NIFAS-37,FIQH,shafii,"Once Nifas ends, Ghusl is required before acts still blocked by the major ritual state such as Salah; the located sources clearly distinguish cessation from completion of ritual purification.",PARTIAL_EVIDENCE,PRIMARY_SOURCE_VERIFIED,NOT_REVIEWED,FAIL_CLOSED,"Row's own note states the primary passage is directly stated for Haid and the Nifas parallel 'is standard in source set' -- i.e. settled by well-established analogy, not disputed; only 'exact wording' needs scholar approval. Still FAIL_CLOSED pending that wording sign-off.",Independently internet-verified this audit wave; still requires qualified Islamic scholar review before any production use. Must never be presented to a user as scholar-approved or as a personal fatwa. See notes: Primary passage is stated for Haid; Nifas parallel is standard in source set but scholar should approve exact wording.,Primary: المجموع، الحيض يمنع صحة الطهارة، ج2 ص395-396 (https://www.islamweb.net/ar/library/content/14/1076/%D8%A7%D9%84%D8%AD%D9%8A%D8%B6-%D9%8A%D9%85%D9%86%D8%B9-%D8%B5%D8%AD%D8%A9-%D8%A7%D9%84%D8%B7%D9%87%D8%A7%D8%B1%D8%A9-%D8%A5%D9%84%D8%A7-%D8%A3%D8%BA%D8%B3%D8%A7%D9%84-%D8%A7%D9%84%D8%AD%D8%AC) | Secondary: المجموع، أحكام النفاس (https://islamweb.net/ar/library/content/14/1155/%D8%A3%D9%82%D9%84-%D8%A7%D9%84%D9%86%D9%81%D8%A7%D8%B3-%D9%88%D8%A3%D9%83%D8%AB%D8%B1%D9%87)
SHF-TAHARA-10,FIQH,shafii,"The Shafi'i discussion distinguishes true naqa' as a state where an inserted cotton emerges clean/white, as opposed to a short interruption that still leaves traces; exact product wording that this alone establishes Tahara should be scholar-approved.",PARTIAL_EVIDENCE,PRIMARY_SOURCE_VERIFIED,NOT_REVIEWED,FAIL_CLOSED,Row's own note states the definition of naqa' (true dryness/clean cotton-test result) 'is verified' -- i.e. the substantive point is settled in the source; only the 'final Tahara-state transition' (product integration) needs review. Still FAIL_CLOSED pending that review.,Independently internet-verified this audit wave; still requires qualified Islamic scholar review before any production use. Must never be presented to a user as scholar-approved or as a personal fatwa. See notes: Definition of naqa' is verified; final Tahara-state transition needs review.,Primary: المجموع، المستحاضة إذا رأت يوما وليلة دما ويوما وليلة نقاء، ج2 ص522 (https://islamweb.net/ar/library/content/14/1148/%D8%A7%D9%84%D9%85%D8%B3%D8%AA%D8%AD%D8%A7%D8%B6%D8%A9-%D8%A5%D8%B0%D8%A7-%D8%B1%D8%A3%D8%AA-%D9%8A%D9%88%D9%85%D8%A7-%D9%88%D9%84%D9%8A%D9%84%D8%A9-%D8%AF%D9%85%D8%A7-%D9%88%D9%8A%D9%88%D9%85%D8%A7-%D9%88%D9%84%D9%8A%D9%84%D8%A9-%D9%86%D9%82%D8%A7%D8%A1-%D9%88%D8%B9%D8%A8%D8%B1-%D8%A7%D9%84%D8%AE%D9%85%D8%B3%D8%A9-%D8%B9%D8%B4%D8%B1) | Secondary: تحفة المحتاج، باب الحيض، ج1 ص412 (https://www.islamweb.net/ar/library/content/20/720/?idfrom=&idto=&start=)
SHF-TAHARA-11,FIQH,shafii,The cited Shafi'i commentary uses the white discharge (القصة البيضاء) as a recognized endpoint signal in the menstruation discussion.,LOCATOR_VERIFIED,NOT_REAUDITED_PRE_ESTABLISHED_EVIDENCE,NOT_REVIEWED,PRODUCTION_ELIGIBLE,"Pre-existing evidence-pack status is LOCATOR_VERIFIED (source located and matched to the proposition; never flagged as SCHOLAR_CLARIFICATION_REQUIRED or PARTIAL_EVIDENCE). Per explicit instruction this row was NOT re-researched in the internet evidence audit; this disposition is based on inspecting the row's existing evidence status, provenance, locator, and review state, not on new source verification. Eligible as an evidence-backed production candidate on that existing basis -- this is an evidence-strength classification, not a scholar approval.",No qualified Islamic scholar has reviewed or approved this ruling. Must never be presented to a user as scholar-approved or as a personal fatwa. See notes: Exact relation to dryness/individual habit should be approved by scholar.,Primary: تحفة المحتاج، فصل في أحكام المستحاضة، ج1 ص401 (https://islamweb.net/ar/library/content/20/693/%D9%81%D8%B5%D9%84-%D9%81%D9%8A-%D8%A3%D8%AD%D9%83%D8%A7%D9%85-%D8%A7%D9%84%D9%85%D8%B3%D8%AA%D8%AD%D8%A7%D8%B6%D8%A9)
SHF-TRANS-38,FIQH,shafii,"If a menstruating/postpartum woman becomes legally eligible before the prayer time ends and at least one rak'ah remains, the Shafi'i source makes the current prayer obligatory; less than a rak'ah is subject to reported qawls.",LOCATOR_VERIFIED,NOT_REAUDITED_PRE_ESTABLISHED_EVIDENCE,NOT_REVIEWED,PRODUCTION_ELIGIBLE,"Pre-existing evidence-pack status is LOCATOR_VERIFIED (source located and matched to the proposition; never flagged as SCHOLAR_CLARIFICATION_REQUIRED or PARTIAL_EVIDENCE). Per explicit instruction this row was NOT re-researched in the internet evidence audit; this disposition is based on inspecting the row's existing evidence status, provenance, locator, and review state, not on new source verification. Eligible as an evidence-backed production candidate on that existing basis -- this is an evidence-strength classification, not a scholar approval.","No qualified Islamic scholar has reviewed or approved this ruling. Must never be presented to a user as scholar-approved or as a personal fatwa. See notes: If Niswah will automate paired-prayer consequences, a separate source/decision table is needed.",Primary: المجموع، باب مواقيت الصلاة، ج3 (https://www.islamweb.net/ar/library/content/14/1378/?idfrom=&idto=&start=)
SHF-TRANS-39,FIQH,shafii,"If Haid begins after enough of the prayer time elapsed to perform the obligatory prayer, the Shafi'i source says the obligation had settled and qada is required after the excuse ends; if not enough time elapsed, it does not.",LOCATOR_VERIFIED,NOT_REAUDITED_PRE_ESTABLISHED_EVIDENCE,NOT_REVIEWED,PRODUCTION_ELIGIBLE,"Pre-existing evidence-pack status is LOCATOR_VERIFIED (source located and matched to the proposition; never flagged as SCHOLAR_CLARIFICATION_REQUIRED or PARTIAL_EVIDENCE). Per explicit instruction this row was NOT re-researched in the internet evidence audit; this disposition is based on inspecting the row's existing evidence status, provenance, locator, and review state, not on new source verification. Eligible as an evidence-backed production candidate on that existing basis -- this is an evidence-strength classification, not a scholar approval.",No qualified Islamic scholar has reviewed or approved this ruling. Must never be presented to a user as scholar-approved or as a personal fatwa. See notes: Implementation must use actual prayer duration/eligibility rules rather than a blanket onset rule.,Primary: المجموع، أدرك جزءا من أول الوقت ثم طرأ العذر، ج3 ص71 (https://islamweb.net/ar/library/content/14/1380/%D8%A3%D8%AF%D8%B1%D9%83-%D8%AC%D8%B2%D8%A1%D8%A7-%D9%85%D9%86-%D8%A3%D9%88%D9%84-%D9%88%D9%82%D8%AA-%D8%A7%D9%84%D8%B5%D9%84%D8%A7%D8%A9-%D8%AB%D9%85-%D8%B7%D8%B1%D8%A3-%D8%A7%D9%84%D8%B9%D8%B0%D8%B1-%D8%A8%D8%A3%D9%86-%D9%83%D8%A7%D9%86-%D8%B9%D8%A7%D9%82%D9%84%D8%A7-%D9%81%D9%8A-%D8%A7%D9%84%D9%88%D9%82%D8%AA-%D9%81%D8%AC%D9%86-%D8%A3%D9%88-%D8%B7%D8%A7%D9%87%D8%B1%D8%A7-%D9%81%D8%AD%D8%A7%D8%B6%D8%AA)
SHF-TRANS-40,FIQH,shafii,"When Haid/Nifas has ended before Fajr, the fast can be valid even if Ghusl is performed after Fajr; later Shafi'i commentary recommends Ghusl before Fajr but does not make pre-Fajr Ghusl a condition of the fast.",LOCATOR_VERIFIED,NOT_REAUDITED_PRE_ESTABLISHED_EVIDENCE,NOT_REVIEWED,PRODUCTION_ELIGIBLE,"Pre-existing evidence-pack status is LOCATOR_VERIFIED (source located and matched to the proposition; never flagged as SCHOLAR_CLARIFICATION_REQUIRED or PARTIAL_EVIDENCE). Per explicit instruction this row was NOT re-researched in the internet evidence audit; this disposition is based on inspecting the row's existing evidence status, provenance, locator, and review state, not on new source verification. Eligible as an evidence-backed production candidate on that existing basis -- this is an evidence-strength classification, not a scholar approval.",No qualified Islamic scholar has reviewed or approved this ruling. Must never be presented to a user as scholar-approved or as a personal fatwa. See notes: Niyyah requirements are a separate fasting rule.,Primary: تحفة المحتاج، كتاب الصيام، فصل في شروط الصوم، ج3 ص425 (https://islamweb.net/ar/library/content/20/2768/%D9%81%D8%B1%D8%B9-%D8%A7%D9%84%D9%88%D8%B5%D8%A7%D9%84-%D8%A8%D9%8A%D9%86-%D8%B5%D9%88%D9%85%D9%8A%D9%86-%D8%B4%D8%B1%D8%B9%D9%8A%D9%8A%D9%86) | Secondary: المجموع، الحيض يمنع صحة الطهارة، ج2 (https://www.islamweb.net/ar/library/content/14/1076/%D8%A7%D9%84%D8%AD%D9%8A%D8%B6-%D9%8A%D9%85%D9%86%D8%B9-%D8%B5%D8%AD%D8%A9-%D8%A7%D9%84%D8%B7%D9%87%D8%A7%D8%B1%D8%A9-%D8%A5%D9%84%D8%A7-%D8%A3%D8%BA%D8%B3%D8%A7%D9%84-%D8%A7%D9%84%D8%AD%D8%AC)
SHF-TRANS-41,FIQH,shafii,"If Haid/Nifas ends during the fasting day, that day's obligatory fast was not valid from its start; the Shafi'i source says she makes it up, while refraining for the rest of the day is recommended rather than obligatory.",LOCATOR_VERIFIED,NOT_REAUDITED_PRE_ESTABLISHED_EVIDENCE,NOT_REVIEWED,PRODUCTION_ELIGIBLE,"Pre-existing evidence-pack status is LOCATOR_VERIFIED (source located and matched to the proposition; never flagged as SCHOLAR_CLARIFICATION_REQUIRED or PARTIAL_EVIDENCE). Per explicit instruction this row was NOT re-researched in the internet evidence audit; this disposition is based on inspecting the row's existing evidence status, provenance, locator, and review state, not on new source verification. Eligible as an evidence-backed production candidate on that existing basis -- this is an evidence-strength classification, not a scholar approval.",No qualified Islamic scholar has reviewed or approved this ruling. Must never be presented to a user as scholar-approved or as a personal fatwa. See notes: (none),Primary: المجموع، صوم الحائض والنفساء، ج6 (https://www.islamweb.net/ar/library/content/14/3817/%D8%B5%D9%88%D9%85-%D8%A7%D9%84%D8%AD%D8%A7%D8%A6%D8%B6-%D9%88%D8%A7%D9%84%D9%86%D9%81%D8%B3%D8%A7%D8%A1)
SHF-TRANS-42,FIQH,shafii,"A fast is not valid while Haid/Nifas is present; if qualifying menstruation begins before sunset, the obligatory day must later be made up.",LOCATOR_VERIFIED,NOT_REAUDITED_PRE_ESTABLISHED_EVIDENCE,NOT_REVIEWED,PRODUCTION_ELIGIBLE,"Pre-existing evidence-pack status is LOCATOR_VERIFIED (source located and matched to the proposition; never flagged as SCHOLAR_CLARIFICATION_REQUIRED or PARTIAL_EVIDENCE). Per explicit instruction this row was NOT re-researched in the internet evidence audit; this disposition is based on inspecting the row's existing evidence status, provenance, locator, and review state, not on new source verification. Eligible as an evidence-backed production candidate on that existing basis -- this is an evidence-strength classification, not a scholar approval.",No qualified Islamic scholar has reviewed or approved this ruling. Must never be presented to a user as scholar-approved or as a personal fatwa. See notes: (none),Primary: المجموع، صوم الحائض والنفساء، ج6 (https://www.islamweb.net/ar/library/content/14/3817/%D8%B5%D9%88%D9%85-%D8%A7%D9%84%D8%AD%D8%A7%D8%A6%D8%B6-%D9%88%D8%A7%D9%84%D9%86%D9%81%D8%B3%D8%A7%D8%A1)
SHF-TRANS-43,FIQH,shafii,Prayers missed during valid Haid are not made up; Nifas follows the same core rule.,LOCATOR_VERIFIED,NOT_REAUDITED_PRE_ESTABLISHED_EVIDENCE,NOT_REVIEWED,PRODUCTION_ELIGIBLE,"Pre-existing evidence-pack status is LOCATOR_VERIFIED (source located and matched to the proposition; never flagged as SCHOLAR_CLARIFICATION_REQUIRED or PARTIAL_EVIDENCE). Per explicit instruction this row was NOT re-researched in the internet evidence audit; this disposition is based on inspecting the row's existing evidence status, provenance, locator, and review state, not on new source verification. Eligible as an evidence-backed production candidate on that existing basis -- this is an evidence-strength classification, not a scholar approval.",No qualified Islamic scholar has reviewed or approved this ruling. Must never be presented to a user as scholar-approved or as a personal fatwa. See notes: This does not erase special qada triggered by a prayer obligation that settled before Haid began; see TRANS-39.,Primary: المجموع، سقوط الصلاة عن الحائض، ج2 (https://www.islamweb.net/ar/library/content/14/1062/%D9%81%D8%B1%D8%B9-%D9%84%D9%8A%D8%B3-%D8%B9%D9%84%D9%89-%D8%A7%D9%84%D8%AD%D8%A7%D8%A6%D8%B6-%D9%88%D8%B6%D9%88%D8%A1-%D9%88%D9%84%D8%A7-%D8%AA%D8%B3%D8%A8%D9%8A%D8%AD-%D9%88%D9%84%D8%A7-%D8%B0%D9%83%D8%B1) | Secondary: المجموع، صوم الحائض والنفساء، ج6 (https://www.islamweb.net/ar/library/content/14/3817/%D8%B5%D9%88%D9%85-%D8%A7%D9%84%D8%AD%D8%A7%D8%A6%D8%B6-%D9%88%D8%A7%D9%84%D9%86%D9%81%D8%B3%D8%A7%D8%A1)
SHF-TRANS-44,FIQH,shafii,Obligatory Ramadan fasts missed due to Haid/Nifas are made up after Tahara.,LOCATOR_VERIFIED,NOT_REAUDITED_PRE_ESTABLISHED_EVIDENCE,NOT_REVIEWED,PRODUCTION_ELIGIBLE,"Pre-existing evidence-pack status is LOCATOR_VERIFIED (source located and matched to the proposition; never flagged as SCHOLAR_CLARIFICATION_REQUIRED or PARTIAL_EVIDENCE). Per explicit instruction this row was NOT re-researched in the internet evidence audit; this disposition is based on inspecting the row's existing evidence status, provenance, locator, and review state, not on new source verification. Eligible as an evidence-backed production candidate on that existing basis -- this is an evidence-strength classification, not a scholar approval.",No qualified Islamic scholar has reviewed or approved this ruling. Must never be presented to a user as scholar-approved or as a personal fatwa. See notes: (none),Primary: المجموع، صوم الحائض والنفساء، ج6 (https://www.islamweb.net/ar/library/content/14/3817/%D8%B5%D9%88%D9%85-%D8%A7%D9%84%D8%AD%D8%A7%D8%A6%D8%B6-%D9%88%D8%A7%D9%84%D9%86%D9%81%D8%B3%D8%A7%D8%A1)
SHF-TRANS-45,FIQH,shafii,Shafi'i sources have detailed mutahayyira/uncertainty rules and sometimes require repeated precautionary purification; Niswah must represent uncertainty rather than invent a categorical Haid/Tahara result when the user's evidence cannot resolve it.,SCHOLAR_CLARIFICATION_REQUIRED,CONFLICT_OR_JUDGMENT_REQUIRED,NOT_REVIEWED,FAIL_CLOSED,"This atom's entire subject is the mutahayyira (classification-uncertain) case -- by the row's own description, Shafi'i sources have 'detailed... rules and sometimes require repeated precautionary purification.' The row explicitly instructs that the production assistant must not attempt to reproduce the full decision system without explicit scholar-approved logic. This is the clearest possible case for keeping fail-closed: the underlying Fiqh concept is itself about preserving uncertainty, not resolving it.",Independently internet-verified this audit wave; still requires qualified Islamic scholar review before any production use. Must never be presented to a user as scholar-approved or as a personal fatwa. See notes: The production assistant should not attempt to reproduce the full mutahayyira decision system without explicit scholar-approved logic.,Primary: المجموع، باب الحيض، uncertainty/mutahayyira sections (https://islamweb.net/ar/library/content/14/1121/%D8%AD%D9%83%D9%85-%D8%A7%D9%84%D9%85%D8%AA%D8%AD%D9%8A%D8%B1%D8%A9) | Secondary: تحفة المحتاج، فصل أحكام المستحاضة، ج1 ص409 (https://www.islamweb.net/ar/library/content/20/712/%D9%81%D8%B5%D9%84-%D9%81%D9%8A-%D8%A3%D8%AD%D9%83%D8%A7%D9%85-%D8%A7%D9%84%D9%85%D8%B3%D8%AA%D8%AD%D8%A7%D8%B6%D8%A9)
HL-MENS-001,HEALTH_SAFETY,n/a,"For cycle tracking, Day 1 is the first day of menstrual bleeding; the cycle is counted from that day to the first day of the next period.",DRAFT_REVIEW_REQUIRED,VERIFIED,NOT_REVIEWED,PRODUCTION_ELIGIBLE,OWH: cycle 'begins with the first day of menstruation and continues until the next period starts.' Directly confirms Day-1 counting convention.,"General educational tracking convention, not a diagnostic claim. | No licensed clinician has reviewed or approved this content. Must never be presented to a user as medically-approved; remains educational/informational only.",Primary: Sections: What is the menstrual cycle? / How long is a typical menstrual cycle? (https://womenshealth.gov/menstrual-cycle/your-menstrual-cycle) | Corroborating: NICHD - Menstruation (nichd.nih.gov/health/topics/menstruation/conditioninfo)
HL-MENS-002,HEALTH_SAFETY,n/a,"In adults, menstrual cycle length normally varies across people and can vary over time. Niswah should present any source-specific numeric range only with its source and population context, not as a universal diagnostic boundary.",DRAFT_REVIEW_REQUIRED,VERIFIED_WITH_QUALIFICATION,NOT_REVIEWED,PRODUCTION_ELIGIBLE,"OWH states 24-38 days; NICHD states 21-35 (most women) / 21-45 (teens); ACOG states 21-45 broad, 21-35 typical. All three institutions agree cycles vary normally but use DIFFERENT specific numeric ranges.","Population-level general guidance only; never an individual diagnostic boundary. | Contradictions/notes: Genuine 3-way numeric range disagreement (OWH 24-38 vs NICHD 21-35/21-45 vs ACOG 21-45/21-35). The corrected proposition avoids stating a bare number, which resolves the risk; it is eligible for production ONLY in this attributed, source-qualified form. A version that surfaces a single bare number without naming its source would NOT be verified. | No licensed clinician has reviewed or approved this content. Must never be presented to a user as medically-approved; remains educational/informational only.","Primary: Section: How long is a typical menstrual cycle? (24–38 days in this source) (https://womenshealth.gov/menstrual-cycle/your-menstrual-cycle) | Corroborating: NICHD (21-35d, teens 21-45d) AND ACOG FAQ 'Your First Period'/'Abnormal Uterine Bleeding' (21-45d broad, 21-35d typical) both independently checked"
HL-MENS-003,HEALTH_SAFETY,n/a,"Menstrual bleeding commonly lasts several days. Bleeding that is unusually prolonged for the user, especially beyond the source's warning threshold, should prompt clinical review rather than an app diagnosis.",DRAFT_REVIEW_REQUIRED,VERIFIED_WITH_QUALIFICATION,NOT_REVIEWED,PRODUCTION_ELIGIBLE,"OWH: 'period lasts longer than eight days' -> call the doctor. NICHD: 'average menstruation time... about 5 days.' NHS independently: periods usually ~5 days (range 2-7), heavy bleeding defined as lasting >7 days.","Escalation/education threshold, not a diagnosis. Threshold value is source-specific (8 days in OWH vs NHS's 7-day heavy-bleeding definition). | Contradictions/notes: Minor cross-source day-count variation (7 vs 8 days) between OWH's call-the-doctor threshold and NHS's heavy-bleeding definition -- not a material contradiction since they answer slightly different questions, but worth noting if a single hardcoded day-count is ever surfaced. | No licensed clinician has reviewed or approved this content. Must never be presented to a user as medically-approved; remains educational/informational only.",Primary: Heavy bleeding → When to call the doctor: period lasting longer than eight days (https://womenshealth.gov/menstrual-cycle/period-problems) | Corroborating: NHS 'Periods' (nhs.uk/conditions/periods/) - heavy bleeding defined as >7 days or >=80ml; period usually ~5 days
HL-MENS-004,HEALTH_SAFETY,n/a,Cycle length can vary between people and from month to month. A new or marked change from a user's established pattern may deserve clinical review.,DRAFT_REVIEW_REQUIRED,VERIFIED,NOT_REVIEWED,PRODUCTION_ELIGIBLE,OWH_CYCLE establishes normal variation; OWH_PERIOD gives the exact 'irregular periods after having normal cycles' escalation criterion.,"General guidance; a change FROM an established personal pattern, not a fixed universal number. | No licensed clinician has reviewed or approved this content. Must never be presented to a user as medically-approved; remains educational/informational only.","Primary: Section: How long is a typical menstrual cycle? (https://womenshealth.gov/menstrual-cycle/your-menstrual-cycle) | Corroborating: OWH_PERIOD (same publisher, companion page) -- irregular-periods when-to-call-the-doctor section"
HL-MENS-005,HEALTH_SAFETY,n/a,"If periods become irregular after previously being regular, or repeatedly fall outside the source's usual interval, Niswah should recommend discussing the change with a clinician.",DRAFT_REVIEW_REQUIRED,VERIFIED,NOT_REVIEWED,PRODUCTION_ELIGIBLE,OWH_PERIOD verbatim: 'You get irregular periods after having normal cycles' and 'Your period happens more often than every 24 days or less often than every 38 days' -> call the doctor.,"Escalation guidance, not diagnosis. Numeric boundary (24/38 days) is this source's own boundary, distinct from the general-population-range figures in HL-MENS-002. | Contradictions/notes: None -- this is a different, correctly-scoped numeric claim from HL-MENS-002's population-range claim; the KB should keep them distinct. | No licensed clinician has reviewed or approved this content. Must never be presented to a user as medically-approved; remains educational/informational only.",Primary: Irregular periods → When to call the doctor (https://womenshealth.gov/menstrual-cycle/period-problems) | Corroborating: (same OWH_PERIOD page provides both the general and the numeric criterion)
HL-MENS-006,HEALTH_SAFETY,n/a,"Heavy bleeding that rapidly soaks menstrual products, lasts unusually long, involves large clots, or is accompanied by dizziness, weakness, chest pain, or breathing difficulty requires medical attention; chest pain or breathing difficulty raises urgency.",DRAFT_REVIEW_REQUIRED,VERIFIED,NOT_REVIEWED,PRODUCTION_ELIGIBLE,"OWH_PERIOD verbatim covers soaking products, large clots, dizziness/weakness/chest pain/breathing difficulty. NHS independently corroborates with comparable (not identical) thresholds (hourly soaking, coin-sized clots).",General (non-pregnant) menstrual bleeding only. | Contradictions/notes: None material. Corrected version rightly removed CDC_WARN as secondary since that CDC page is pregnancy/postpartum-scoped -- confirmed appropriate: this session's own CDC_WARN fetch never mentions ordinary (non-pregnant) menstrual bleeding. | No licensed clinician has reviewed or approved this content. Must never be presented to a user as medically-approved; remains educational/informational only.,"Primary: Heavy bleeding → When to call the doctor (https://womenshealth.gov/menstrual-cycle/period-problems) | Corroborating: NHS 'Periods' -- soaking pad/tampon hourly, clots bigger than a 50p coin, needing double protection"
HL-MENS-007,HEALTH_SAFETY,n/a,Repeated spotting or bleeding between periods is not something the app should diagnose; Niswah should recommend clinical evaluation.,DRAFT_REVIEW_REQUIRED,VERIFIED,NOT_REVIEWED,PRODUCTION_ELIGIBLE,OWH_PERIOD verbatim: 'Spotting or bleeding anytime in the menstrual cycle other than during your period' -> see the doctor.,Recommends clinical evaluation; does not diagnose cause. | No licensed clinician has reviewed or approved this content. Must never be presented to a user as medically-approved; remains educational/informational only.,"Primary: Unusual (abnormal) bleeding → When to see the doctor (https://womenshealth.gov/menstrual-cycle/period-problems) | Corroborating: (none listed; single-source claim, directly verbatim from OWH)"
HL-MENS-008,HEALTH_SAFETY,n/a,Bleeding after sex that happens more than once should be discussed with a clinician.,DRAFT_REVIEW_REQUIRED,VERIFIED,NOT_REVIEWED,PRODUCTION_ELIGIBLE,"OWH_PERIOD verbatim: 'Bleeding after sex, more than once' -> see the doctor.",Repeated occurrence specifically (matches 'more than once' exactly). | No licensed clinician has reviewed or approved this content. Must never be presented to a user as medically-approved; remains educational/informational only.,Primary: Unusual (abnormal) bleeding → When to see the doctor (https://womenshealth.gov/menstrual-cycle/period-problems) | Corroborating: (none listed; single-source claim)
HL-MENS-009,HEALTH_SAFETY,n/a,"Period pain that is severe, persists despite usual over-the-counter measures, or interferes with school, work, or normal activities should prompt clinical evaluation.",DRAFT_REVIEW_REQUIRED,VERIFIED,NOT_REVIEWED,PRODUCTION_ELIGIBLE,"OWH_PERIOD verbatim: OTC pain medicine ineffective, or 'the pain interferes with daily activities' -> see your doctor.",Escalation guidance only. | No licensed clinician has reviewed or approved this content. Must never be presented to a user as medically-approved; remains educational/informational only.,Primary: Menstrual pain (dysmenorrhea) → When to see your doctor (https://womenshealth.gov/menstrual-cycle/period-problems) | Corroborating: (none listed)
HL-MENS-010,HEALTH_SAFETY,n/a,"Tracking cycle start dates, duration, bleeding pattern, pain, and other symptoms can help a user describe patterns to a clinician; tracking does not itself establish a diagnosis.",DRAFT_REVIEW_REQUIRED,VERIFIED,NOT_REVIEWED,PRODUCTION_ELIGIBLE,OWH_CYCLE 'why track your cycle' section supports tracking's descriptive/communicative value; source never claims tracking itself is diagnostic.,Informational framing only. | No licensed clinician has reviewed or approved this content. Must never be presented to a user as medically-approved; remains educational/informational only.,"Primary: Section: Why should I keep track of my menstrual cycle? (https://womenshealth.gov/menstrual-cycle/your-menstrual-cycle) | Corroborating: OWH_PERIOD (dysmenorrhea section, companion claim)"
HL-MENS-011,HEALTH_SAFETY,n/a,"If a user has missed three periods in a row and is not pregnant or breastfeeding, Niswah should recommend medical evaluation rather than infer the cause.",DRAFT_REVIEW_REQUIRED,VERIFIED,NOT_REVIEWED,PRODUCTION_ELIGIBLE,OWH_PERIOD verbatim: 'You have gone three months without a period and are not pregnant or breastfeeding' -> call the doctor.,"Scoped to the 3-months-no-period case only; OWH's age-based amenorrhea triggers (age 15/13) are a separate, uncovered case -- not a contradiction, just narrower scope than the full source. | No licensed clinician has reviewed or approved this content. Must never be presented to a user as medically-approved; remains educational/informational only.","Primary: Missing periods (amenorrhea) → When to call the doctor (https://womenshealth.gov/menstrual-cycle/period-problems) | Corroborating: (none listed; OWH also gives 2 further age-based triggers not covered by this atom, which is fine as a scoped subset)"
HL-MENS-012,HEALTH_SAFETY,n/a,"Predicted period or fertile dates are estimates based on recorded patterns. Irregular cycles reduce confidence, and predicted dates must never be presented as observed events.",DRAFT_REVIEW_REQUIRED,VERIFIED,NOT_REVIEWED,PRODUCTION_ELIGIBLE,"OWH_CYCLE tracking-purpose section plus OWH_TTC's fertility-awareness methods are consistently framed as predictive/estimated, never certain.",General estimate-framing statement. | No licensed clinician has reviewed or approved this content. Must never be presented to a user as medically-approved; remains educational/informational only.,"Primary: Why should I keep track of my menstrual cycle? (https://womenshealth.gov/menstrual-cycle/your-menstrual-cycle) | Corroborating: OWH_TTC (fertility awareness methods, all framed as estimates)"
HL-MENS-013,HEALTH_SAFETY,n/a,"Heavy menstrual bleeding can sometimes be associated with an underlying bleeding disorder. Niswah should not diagnose one, but persistent heavy bleeding should be medically assessed.",DRAFT_REVIEW_REQUIRED,VERIFIED,NOT_REVIEWED,PRODUCTION_ELIGIBLE,OWH_PERIOD verbatim (confirmed via direct re-fetch): 'Hemophilia and von Willebrand's disease are inherited bleeding disorders that cause heavy bleeding during periods.' Located on the same 'Period problems' page cited.,"Associative statement only ('can sometimes be associated with'), explicitly not a diagnosis -- matches source's own non-diagnostic framing. | Contradictions/notes: None. (Initial locator concern from a partial first fetch was resolved by a targeted verbatim re-fetch of the same page.) | No licensed clinician has reviewed or approved this content. Must never be presented to a user as medically-approved; remains educational/informational only.",Primary: Heavy bleeding → causes (bleeding disorders) and when to call the doctor (https://womenshealth.gov/menstrual-cycle/period-problems) | Corroborating: (same OWH_PERIOD page)
HL-MENS-014,HEALTH_SAFETY,n/a,"When pregnancy is possible or confirmed, vaginal bleeding must not be handled as ordinary period-tracking data alone. Even spotting in pregnancy should be discussed with a clinician; heavier bleeding follows the urgent maternal-warning pathway.",DRAFT_REVIEW_REQUIRED,VERIFIED,NOT_REVIEWED,PRODUCTION_ELIGIBLE,OWH_PERIOD verbatim (re-fetched): 'If you have spotting during pregnancy you should see your doctor or nurse to be sure.' CDC_WARN verbatim: 'You have any bleeding from your vagina that is more than spotting -- like a period' is an urgent warning sign.,Correctly distinguishes spotting (see clinician) from heavier bleeding (urgent pathway) -- matches both sources' own distinction exactly. | No licensed clinician has reviewed or approved this content. Must never be presented to a user as medically-approved; remains educational/informational only.,Primary: Missing periods → pregnancy: spotting during pregnancy should be seen by a doctor/nurse (https://womenshealth.gov/menstrual-cycle/period-problems) | Corroborating: CDC 'Urgent Maternal Warning Signs' (cdc.gov/hearher)
HL-MENS-015,HEALTH_SAFETY,n/a,"Niswah may describe recorded bleeding patterns and explain general health information, but it must not diagnose the medical cause of abnormal bleeding.",DRAFT_REVIEW_REQUIRED,VERIFIED,NOT_REVIEWED,PRODUCTION_ELIGIBLE,"OWH_PERIOD page lists multiple distinct possible causes across different bleeding patterns (hormonal, structural, bleeding disorders, pregnancy-related) without resolving to one cause -- supports 'must not diagnose the cause.'",Restricts app behavior; does not itself assert a clinical fact. | No licensed clinician has reviewed or approved this content. Must never be presented to a user as medically-approved; remains educational/informational only.,"Primary: Page-level disclaimer and sections showing multiple possible causes of irregular/heavy/unusual bleeding (https://womenshealth.gov/menstrual-cycle/period-problems) | Corroborating: (policy/behavior statement, not an external medical claim)"
HL-POST-001,HEALTH_SAFETY,n/a,"After birth, vaginal discharge called lochia contains blood and tissue from the uterus. It is heavier and redder at first and normally becomes lighter in flow and color over the following weeks.",DRAFT_REVIEW_REQUIRED,VERIFIED,NOT_REVIEWED,PRODUCTION_ELIGIBLE,"OWH_RECOVERY verbatim: lochia 'is the tissue and blood that lined your uterus'; 'heavy and bright red at first, becoming lighter in flow and color until it goes away after a few weeks.'",General postpartum education. | No licensed clinician has reviewed or approved this content. Must never be presented to a user as medically-approved; remains educational/informational only.,Primary: Physical changes → lochia (https://womenshealth.gov/pregnancy/childbirth-and-beyond/recovering-birth) | Corroborating: (single primary source)
HL-POST-002,HEALTH_SAFETY,n/a,"Postpartum heavy bleeding that soaks one or more pads in an hour, passage of clots larger than an egg or tissue, or foul-smelling discharge is an urgent maternal warning sign.",DRAFT_REVIEW_REQUIRED,VERIFIED,NOT_REVIEWED,PRODUCTION_ELIGIBLE,CDC_WARN verbatim (re-fetched): 'You have heavy bleeding -- soaking through one or more pads in an hour. You pass clots bigger than an egg or you pass tissue. You have vaginal discharge that smells bad.',Urgent postpartum bleeding signs. | No licensed clinician has reviewed or approved this content. Must never be presented to a user as medically-approved; remains educational/informational only.,"Primary: Vaginal bleeding or discharge after pregnancy (https://www.cdc.gov/hearher/maternal-warning-signs/index.html) | Corroborating: (single primary source, CDC's own dedicated bullet)"
HL-POST-003,HEALTH_SAFETY,n/a,"A severe, sudden, persistent, or worsening headache during pregnancy or within a year after delivery is an urgent maternal warning sign, especially when accompanied by vision changes or dizziness.",DRAFT_REVIEW_REQUIRED,VERIFIED,NOT_REVIEWED,PRODUCTION_ELIGIBLE,"CDC_WARN verbatim: 'Headache that won't go away or gets worse over time,' including 'worst headache of your life,' listed alongside vision-change and dizziness signs.","Urgent sign, applies pregnancy through year-after-delivery per CDC's general timeframe statement. | No licensed clinician has reviewed or approved this content. Must never be presented to a user as medically-approved; remains educational/informational only.",Primary: Headache that won’t go away or gets worse over time (https://www.cdc.gov/hearher/maternal-warning-signs/index.html) | Corroborating: (single primary source)
HL-POST-004,HEALTH_SAFETY,n/a,A temperature of 38°C (100.4°F) or higher during pregnancy or the postpartum period is an urgent maternal warning sign and should prompt immediate medical care.,DRAFT_REVIEW_REQUIRED,VERIFIED,NOT_REVIEWED,PRODUCTION_ELIGIBLE,CDC_WARN verbatim: 'Fever of 100.4 F or higher.' 100.4F converts exactly to 38.0C.,Urgent sign. | No licensed clinician has reviewed or approved this content. Must never be presented to a user as medically-approved; remains educational/informational only.,Primary: Fever of 100.4°F or higher (https://www.cdc.gov/hearher/maternal-warning-signs/index.html) | Corroborating: (single primary source; 100.4F=38.0C verified unit conversion)
HL-POST-005,HEALTH_SAFETY,n/a,"Chest pain, pressure, a racing or irregular heartbeat, especially with dizziness or breathing difficulty, is an urgent maternal warning sign.",DRAFT_REVIEW_REQUIRED,VERIFIED,NOT_REVIEWED,PRODUCTION_ELIGIBLE,"CDC_WARN verbatim: 'Chest pain or fast-beating heart' -- tightness, pressure, irregular heartbeat.",Urgent sign. | No licensed clinician has reviewed or approved this content. Must never be presented to a user as medically-approved; remains educational/informational only.,Primary: Chest pain or fast-beating heart (https://www.cdc.gov/hearher/maternal-warning-signs/index.html) | Corroborating: (single primary source)
HL-POST-006,HEALTH_SAFETY,n/a,New or worsening trouble breathing during pregnancy or postpartum requires urgent medical care.,DRAFT_REVIEW_REQUIRED,VERIFIED,NOT_REVIEWED,PRODUCTION_ELIGIBLE,CDC_WARN verbatim: 'Trouble Breathing' -- sudden or gradual shortness of breath.,Urgent sign. | No licensed clinician has reviewed or approved this content. Must never be presented to a user as medically-approved; remains educational/informational only.,Primary: Trouble Breathing (https://www.cdc.gov/hearher/maternal-warning-signs/index.html) | Corroborating: (single primary source)
HL-POST-007,HEALTH_SAFETY,n/a,"Severe abdominal pain that is sudden, persistent, or worsening during pregnancy or postpartum is an urgent maternal warning sign.",DRAFT_REVIEW_REQUIRED,VERIFIED,NOT_REVIEWED,PRODUCTION_ELIGIBLE,"CDC_WARN verbatim: 'Severe belly pain that doesn't go away' -- sudden, persistent, or worsening.",Urgent sign. | No licensed clinician has reviewed or approved this content. Must never be presented to a user as medically-approved; remains educational/informational only.,Primary: Severe belly pain that doesn’t go away (https://www.cdc.gov/hearher/maternal-warning-signs/index.html) | Corroborating: (single primary source)
HL-POST-008,HEALTH_SAFETY,n/a,"Brief 'baby blues' can occur in the days after birth, but sadness, anxiety, hopelessness, or other depressive symptoms that persist beyond about two weeks or interfere with daily functioning should be discussed with a health professional.",DRAFT_REVIEW_REQUIRED,VERIFIED,NOT_REVIEWED,PRODUCTION_ELIGIBLE,"OWH_PPD verbatim: baby blues 'usually go away within a few days'; PPD symptoms 'last longer, are more severe' and note 'longer than 2 weeks' as the differentiator.",Mental-health escalation guidance. | No licensed clinician has reviewed or approved this content. Must never be presented to a user as medically-approved; remains educational/informational only.,Primary: What is postpartum depression? / difference between baby blues and postpartum depression / when to call (https://womenshealth.gov/mental-health/mental-health-conditions/postpartum-depression) | Corroborating: (single primary source)
HL-POST-009,HEALTH_SAFETY,n/a,Thoughts of harming yourself or your baby require immediate safety escalation and urgent professional help.,DRAFT_REVIEW_REQUIRED,VERIFIED,NOT_REVIEWED,PRODUCTION_ELIGIBLE,OWH_PPD verbatim: 'Possible thoughts of harming the baby or yourself' listed as a symptom requiring immediate professional intervention. CDC_WARN independently lists 'Thoughts about harming yourself or your baby.',Emergency escalation. | No licensed clinician has reviewed or approved this content. Must never be presented to a user as medically-approved; remains educational/informational only.,Primary: How do I know if I have postpartum depression? / What should I do? (https://womenshealth.gov/mental-health/mental-health-conditions/postpartum-depression) | Corroborating: CDC Urgent Maternal Warning Signs
HL-POST-010,HEALTH_SAFETY,n/a,"Pregnancy-related complications can occur after delivery, including during the year after pregnancy. Niswah's safety checks should remain active throughout that period.",DRAFT_REVIEW_REQUIRED,VERIFIED,NOT_REVIEWED,PRODUCTION_ELIGIBLE,CDC_WARN verbatim: 'Be aware of urgent maternal warning signs and symptoms during pregnancy AND IN THE YEAR AFTER DELIVERY.',"General timeframe statement (one specific item, leg/arm swelling, has its own narrower 6-week window, which this atom does not contradict). | No licensed clinician has reviewed or approved this content. Must never be presented to a user as medically-approved; remains educational/informational only.",Primary: Key points: warning signs during pregnancy and in the year after delivery (https://www.cdc.gov/hearher/maternal-warning-signs/index.html) | Corroborating: (single primary source)
HL-POST-011,HEALTH_SAFETY,n/a,"Postpartum recovery should include professional follow-up. Niswah may support education and symptom tracking, but it should not replace postnatal clinical care.",DRAFT_REVIEW_REQUIRED,VERIFIED,NOT_REVIEWED,PRODUCTION_ELIGIBLE,OWH_RECOVERY mentions the postpartum visit 'about six weeks after birth' as part of recovery follow-up.,"General encouragement, not a substitute claim beyond what source supports. | No licensed clinician has reviewed or approved this content. Must never be presented to a user as medically-approved; remains educational/informational only.",Primary: Physical changes / postpartum visit (https://womenshealth.gov/pregnancy/childbirth-and-beyond/recovering-birth) | Corroborating: (single primary source)
HL-PREG-001,HEALTH_SAFETY,n/a,"Pregnancy dating is commonly counted from the first day of the last normal menstrual period, with pregnancy lasting about 40 weeks.",DRAFT_REVIEW_REQUIRED,VERIFIED,NOT_REVIEWED,PRODUCTION_ELIGIBLE,"OWH_STAGES verbatim: 'Pregnancy lasts about 40 weeks, counting from the first day of your last normal period.'",Dating convention only. | No licensed clinician has reviewed or approved this content. Must never be presented to a user as medically-approved; remains educational/informational only.,"Primary: Introductory paragraph (https://womenshealth.gov/pregnancy/youre-pregnant-now-what/stages-pregnancy) | Corroborating: (single primary source, standard convention)"
HL-PREG-002,HEALTH_SAFETY,n/a,"For educational display, Niswah may group pregnancy into the source's three trimesters: weeks 1–12, 13–28, and 29–40.",DRAFT_REVIEW_REQUIRED,VERIFIED,NOT_REVIEWED,PRODUCTION_ELIGIBLE,"OWH_STAGES verbatim headings: 'First trimester' (week 1-12), 'Second trimester' (13-28), 'Third trimester' (29-40).",Educational display grouping. | No licensed clinician has reviewed or approved this content. Must never be presented to a user as medically-approved; remains educational/informational only.,Primary: Headings: First trimester / Second trimester / Third trimester (https://womenshealth.gov/pregnancy/youre-pregnant-now-what/stages-pregnancy) | Corroborating: (same source)
HL-PREG-003,HEALTH_SAFETY,n/a,"Common first-trimester changes can include fatigue, breast tenderness, nausea, mood changes, constipation, frequent urination, headache, and heartburn. Their presence or absence does not confirm that a pregnancy is healthy.",DRAFT_REVIEW_REQUIRED,VERIFIED,NOT_REVIEWED,PRODUCTION_ELIGIBLE,"OWH_STAGES lists first-trimester changes including tiredness, breast tenderness, morning sickness, mood swings, constipation, frequent urination, headache, heartburn -- draft's list is an accurate subset.","Educational list; presence/absence framing is a safe, non-contradicted addition. | No licensed clinician has reviewed or approved this content. Must never be presented to a user as medically-approved; remains educational/informational only.",Primary: First trimester (https://womenshealth.gov/pregnancy/youre-pregnant-now-what/stages-pregnancy) | Corroborating: (same source)
HL-PREG-004,HEALTH_SAFETY,n/a,Niswah should encourage early and regular prenatal care; app guidance is not a substitute for prenatal checkups and screening.,DRAFT_REVIEW_REQUIRED,VERIFIED,NOT_REVIEWED,PRODUCTION_ELIGIBLE,"OWH_PRENATAL verbatim: regular care 'can help keep you and your baby healthy, spot problems if they occur, and prevent problems during delivery.'","General encouragement, not a substitute claim beyond what source supports. | No licensed clinician has reviewed or approved this content. Must never be presented to a user as medically-approved; remains educational/informational only.",Primary: Introduction and Prenatal checkups (https://womenshealth.gov/pregnancy/youre-pregnant-now-what/prenatal-care-and-tests) | Corroborating: (same OWH prenatal page)
HL-PREG-005,HEALTH_SAFETY,n/a,"Any vaginal bleeding during pregnancy should be taken seriously and discussed with a clinician. Bleeding that is more than spotting, or bleeding with other urgent warning signs, should follow the urgent maternal-warning pathway.",DRAFT_REVIEW_REQUIRED,VERIFIED,NOT_REVIEWED,PRODUCTION_ELIGIBLE,OWH_PERIOD verbatim (re-fetched): 'If you have spotting during pregnancy you should see your doctor or nurse to be sure.' CDC_WARN verbatim: bleeding 'more than spotting' is an urgent sign.,Correctly distinguishes spotting from heavier bleeding. | No licensed clinician has reviewed or approved this content. Must never be presented to a user as medically-approved; remains educational/informational only.,Primary: Missing periods → pregnancy: spotting during pregnancy should be seen by a doctor/nurse (https://womenshealth.gov/menstrual-cycle/period-problems) | Corroborating: CDC Urgent Maternal Warning Signs
HL-PREG-006,HEALTH_SAFETY,n/a,"Pregnancy bleeding can have different causes, some serious. Niswah should not diagnose the cause from chat or tracking data alone and should direct the user to appropriate clinical assessment.",DRAFT_REVIEW_REQUIRED,VERIFIED,NOT_REVIEWED,PRODUCTION_ELIGIBLE,"Multiple distinct causes of pregnancy bleeding appear across OWH_PERIOD's sections (structural, hormonal, disorder-related) without the source resolving to a single cause.",Behavior restriction. | No licensed clinician has reviewed or approved this content. Must never be presented to a user as medically-approved; remains educational/informational only.,Primary: Heavy bleeding → pregnancy problems; missing periods → pregnancy spotting (https://womenshealth.gov/menstrual-cycle/period-problems) | Corroborating: (policy statement)
HL-PREG-007,HEALTH_SAFETY,n/a,"Pregnancy bleeding accompanied by severe abdominal pain, fainting, severe dizziness, chest pain, or trouble breathing requires urgent medical evaluation.",DRAFT_REVIEW_REQUIRED,VERIFIED,NOT_REVIEWED,PRODUCTION_ELIGIBLE,"CDC_WARN verbatim lists severe belly pain, dizziness/fainting, chest pain, and trouble breathing as separate but co-occurring urgent signs.",Urgent-escalation guidance. | No licensed clinician has reviewed or approved this content. Must never be presented to a user as medically-approved; remains educational/informational only.,"Primary: Warning signs: dizziness/fainting, chest pain, trouble breathing, severe belly pain, vaginal bleeding (https://www.cdc.gov/hearher/maternal-warning-signs/index.html) | Corroborating: (single primary source, CDC's own combined warning-sign list)"
HL-PREG-008,HEALTH_SAFETY,n/a,Bleeding more than spotting at any stage of pregnancy is an urgent maternal warning sign in the CDC source and should not be handled as routine cycle information.,DRAFT_REVIEW_REQUIRED,VERIFIED,NOT_REVIEWED,PRODUCTION_ELIGIBLE,CDC_WARN verbatim: 'You have any bleeding from your vagina that is more than spotting -- like a period' -- listed as an urgent sign without a trimester qualifier.,Applies across pregnancy generally per the source's own unqualified phrasing. | No licensed clinician has reviewed or approved this content. Must never be presented to a user as medically-approved; remains educational/informational only.,Primary: Vaginal bleeding or fluid leaking during pregnancy (https://www.cdc.gov/hearher/maternal-warning-signs/index.html) | Corroborating: (same CDC source)
HL-PREG-009,HEALTH_SAFETY,n/a,Niswah should recognize the CDC urgent maternal warning signs during pregnancy and route them to immediate medical care rather than continuing ordinary educational chat.,DRAFT_REVIEW_REQUIRED,VERIFIED,NOT_REVIEWED,PRODUCTION_ELIGIBLE,CDC_WARN full 15-item list independently confirmed this session (see audit notes); page frames these as needing prompt provider contact.,"Routing/behavior statement. | Contradictions/notes: See general note below: 2 of CDC's own 15 listed signs (leg/arm swelling-redness-pain; overwhelming tiredness) are not represented by any atom in this 74-atom set -- a completeness gap in the atom set, not an error in this atom's own claim. | No licensed clinician has reviewed or approved this content. Must never be presented to a user as medically-approved; remains educational/informational only.",Primary: Key points and Signs and symptoms (https://www.cdc.gov/hearher/maternal-warning-signs/index.html) | Corroborating: (same CDC source)
HL-PREG-010,HEALTH_SAFETY,n/a,"If a user reports that the baby's movement has stopped or is noticeably less than before, Niswah should advise prompt medical assessment; the app should not use a fixed movement count as a diagnostic rule.",DRAFT_REVIEW_REQUIRED,VERIFIED,NOT_REVIEWED,PRODUCTION_ELIGIBLE,"CDC_WARN verbatim: ""Baby's movement stopping or slowing during pregnancy"" -- listed without a specific numeric kick-count threshold.",Matches 'should not use a fixed movement count as a diagnostic rule' exactly (source itself gives no fixed count). | No licensed clinician has reviewed or approved this content. Must never be presented to a user as medically-approved; remains educational/informational only.,Primary: Baby’s movement stopping or slowing during pregnancy (https://www.cdc.gov/hearher/maternal-warning-signs/index.html) | Corroborating: (same CDC source)
HL-PREG-011,HEALTH_SAFETY,n/a,"During pregnancy, users should check prescription medicines, over-the-counter medicines, herbs, and supplements with a clinician before starting or stopping them. Stopping a needed medicine can also be harmful.",DRAFT_REVIEW_REQUIRED,VERIFIED,NOT_REVIEWED,PRODUCTION_ELIGIBLE,OWH_PREG_SAFE verbatim: 'Always speak with your doctor before you start or stop any medicine'; 'Not using medicine that you need may be more harmful to you and your baby than using the medicine.',General medication-safety guidance. | No licensed clinician has reviewed or approved this content. Must never be presented to a user as medically-approved; remains educational/informational only.,Primary: Using medicine and herbs (https://womenshealth.gov/pregnancy/youre-pregnant-now-what/staying-healthy-and-safe) | Corroborating: (single primary source)
HL-PREG-012,HEALTH_SAFETY,n/a,"For Saudi-market preconception guidance, the Saudi Ministry of Health recommends 400 micrograms of folic acid daily before pregnancy and through the 12th week of pregnancy; higher-dose use for specified risk conditions should follow clinician guidance.",DRAFT_REVIEW_REQUIRED,VERIFIED_WITH_QUALIFICATION,NOT_REVIEWED,PRODUCTION_ELIGIBLE,Content independently re-verified this session by fetching the Saudi MOH 'Planning for Pregnancy' page directly: confirms verbatim '400 micrograms (mcg) of folic acid... daily before and during pregnancy (until the 12th week)' and '5 mg' for epilepsy/diabetes/prior neural-tube-defect pregnancy.,"Saudi-market localization, explicitly scoped as such in the corrected wording. | Contradictions/notes: The exact URL recorded in SOURCE_REGISTRY_ADDITIONS.csv (https://www.moh.gov.sa/en/awarenessplateform/womenshealth/pages/beforepregnancy.aspx) TIMED OUT / did not resolve on repeated attempts (curl exit 28) during this audit. The claim IS independently confirmed true and on-domain, but via a DIFFERENT, working MOH URL found this session: https://www.moh.gov.sa/en/HealthAwareness/EducationalContent/wh/Pages/008.aspx (""Planning for Pregnancy"") -- confirmed reachable (HTTP 301 -> 200) and contains the exact cited content verbatim. | No licensed clinician has reviewed or approved this content. Must never be presented to a user as medically-approved; remains educational/informational only.",Primary: How much folic acid do women need? / Preconception health (https://womenshealth.gov/a-z-topics/folic-acid) | Corroborating: CDC Folic Acid (cdc.gov/folic-acid) independently confirms 400 mcg as the general US recommendation
HL-PREG-013,HEALTH_SAFETY,n/a,"An app-calculated pregnancy week or due-date estimate is a dating estimate based on available information; it does not confirm fetal development, location, or viability.",DRAFT_REVIEW_REQUIRED,VERIFIED,NOT_REVIEWED,PRODUCTION_ELIGIBLE,"OWH_STAGES frames pregnancy dating as counted/calculated from LMP -- consistent with 'a dating estimate,' and the source never claims this confirms fetal development, location, or viability.",Estimate-framing statement. | No licensed clinician has reviewed or approved this content. Must never be presented to a user as medically-approved; remains educational/informational only.,Primary: Pregnancy counted from last normal period; stage descriptions (https://womenshealth.gov/pregnancy/youre-pregnant-now-what/stages-pregnancy) | Corroborating: (same OWH_STAGES source)
HL-PREG-014,HEALTH_SAFETY,n/a,"If Niswah receives a high-risk pregnancy flag or the user reports a serious warning symptom, the AI should lower its threshold for directing the user to professional care and must not convert the flag into a diagnosis.",DRAFT_REVIEW_REQUIRED,VERIFIED,NOT_REVIEWED,PRODUCTION_ELIGIBLE,OWH_PRENATAL verbatim: 'Women with high-risk pregnancies need prenatal care more often and sometimes from a specially trained doctor.' CDC_WARN independently corroborates the general escalation-threshold-lowering framing.,"Behavior-adjustment statement, not a diagnosis. | No licensed clinician has reviewed or approved this content. Must never be presented to a user as medically-approved; remains educational/informational only.",Primary: Prenatal provider/checkups: high-risk pregnancies need more frequent/appropriate care (https://womenshealth.gov/pregnancy/youre-pregnant-now-what/prenatal-care-and-tests) | Corroborating: CDC Urgent Maternal Warning Signs
HL-TTC-001,HEALTH_SAFETY,n/a,The fertile window is the part of the cycle when intercourse is more likely to result in pregnancy because it falls around ovulation.,DRAFT_REVIEW_REQUIRED,VERIFIED,NOT_REVIEWED,PRODUCTION_ELIGIBLE,OWH_TTC verbatim: most fertile '2 to 3 days before ovulation and 12 to 24 hours after.',General education only. | No licensed clinician has reviewed or approved this content. Must never be presented to a user as medically-approved; remains educational/informational only.,"Primary: Fertility awareness: The menstrual cycle / Charting your fertility pattern (https://womenshealth.gov/pregnancy/you-get-pregnant/trying-conceive) | Corroborating: (single primary source, general definition)"
HL-TTC-002,HEALTH_SAFETY,n/a,A Niswah fertile-window date is an estimate derived from cycle information. It does not confirm that ovulation occurred on a specific day.,DRAFT_REVIEW_REQUIRED,VERIFIED,NOT_REVIEWED,PRODUCTION_ELIGIBLE,"OWH_TTC: BBT rise is retrospective/indirect (typical rise only 0.4-0.8F, confirmed after the fact) -- consistent with 'does not confirm ovulation occurred on a specific day.'",Estimate-framing statement. | No licensed clinician has reviewed or approved this content. Must never be presented to a user as medically-approved; remains educational/informational only.,"Primary: Fertility awareness and charting methods; BBT section states temperature rise does not show exactly when the egg is released (https://womenshealth.gov/pregnancy/you-get-pregnant/trying-conceive) | Corroborating: (same source, BBT method section)"
HL-TTC-003,HEALTH_SAFETY,n/a,"The timing before ovulation varies between women and can vary from month to month in the same woman, so Niswah should avoid treating a predicted ovulation day as certain.",DRAFT_REVIEW_REQUIRED,VERIFIED,NOT_REVIEWED,PRODUCTION_ELIGIBLE,"OWH_TTC describes several distinct fertility-awareness methods, each requiring 8-12 months tracking (calendar method) or acknowledging reduced reliability in some situations -- consistent with ovulation-timing variability.",General variability statement. | No licensed clinician has reviewed or approved this content. Must never be presented to a user as medically-approved; remains educational/informational only.,"Primary: Fertility awareness: The menstrual cycle (https://womenshealth.gov/pregnancy/you-get-pregnant/trying-conceive) | Corroborating: (same source, multiple method sections)"
HL-TTC-004,HEALTH_SAFETY,n/a,"Because sperm can remain capable of fertilization for several days in the reproductive tract, conception can occur from intercourse before ovulation.",DRAFT_REVIEW_REQUIRED,VERIFIED,NOT_REVIEWED,PRODUCTION_ELIGIBLE,OWH_TTC verbatim: 'A man's sperm can live for up to three days in a woman's body. The sperm can fertilize an egg at any point during that time.',General education. | No licensed clinician has reviewed or approved this content. Must never be presented to a user as medically-approved; remains educational/informational only.,Primary: Basal body temperature method: sperm can live for up to three days in the source (https://womenshealth.gov/pregnancy/you-get-pregnant/trying-conceive) | Corroborating: (same source)
HL-TTC-005,HEALTH_SAFETY,n/a,"The egg is available for fertilization for a limited time after ovulation. Niswah should use this only as general education, not as an exact personal countdown.",DRAFT_REVIEW_REQUIRED,VERIFIED,NOT_REVIEWED,PRODUCTION_ELIGIBLE,OWH_TTC verbatim: 'almost all women have ovulated within three days after their temperatures spike'; highest fertility 'around ovulation and 12 to 24 hours after.',"General education, explicitly not a personal countdown per the atom's own wording. | No licensed clinician has reviewed or approved this content. Must never be presented to a user as medically-approved; remains educational/informational only.",Primary: Basal body temperature method: source describes highest fertility around ovulation and 12–24 hours after (https://womenshealth.gov/pregnancy/you-get-pregnant/trying-conceive) | Corroborating: (same source)
HL-TTC-006,HEALTH_SAFETY,n/a,Calendar-based fertility estimation uses previous cycle lengths and becomes less dependable when cycles vary. It should be combined with other information rather than treated as proof of ovulation.,DRAFT_REVIEW_REQUIRED,VERIFIED,NOT_REVIEWED,PRODUCTION_ELIGIBLE,OWH_TTC verbatim: calendar method needs 'eight to 12 months' of cycle tracking and uses a formula based on shortest/longest cycles -- reliability depends on cycle regularity.,Method-limitation statement. | No licensed clinician has reviewed or approved this content. Must never be presented to a user as medically-approved; remains educational/informational only.,Primary: Charting your fertility pattern → Calendar method (https://womenshealth.gov/pregnancy/you-get-pregnant/trying-conceive) | Corroborating: (same source)
HL-TTC-007,HEALTH_SAFETY,n/a,"Changes in cervical mucus can be used as a fertility-awareness signal. The method can be less reliable in situations identified by the source, so Niswah should present it as one tracking signal rather than certainty.",DRAFT_REVIEW_REQUIRED,VERIFIED,NOT_REVIEWED,PRODUCTION_ELIGIBLE,OWH_TTC verbatim: cervical mucus method is 'less reliable for some women' including those breastfeeding or using hormonal contraception.,"Method-limitation statement, not certainty claim. | No licensed clinician has reviewed or approved this content. Must never be presented to a user as medically-approved; remains educational/informational only.",Primary: Charting your fertility pattern → Cervical mucus method (https://womenshealth.gov/pregnancy/you-get-pregnant/trying-conceive) | Corroborating: (same source)
HL-TTC-008,HEALTH_SAFETY,n/a,A rise in basal body temperature is an indirect sign associated with ovulation and does not identify the exact moment the egg was released.,DRAFT_REVIEW_REQUIRED,VERIFIED,NOT_REVIEWED,PRODUCTION_ELIGIBLE,"OWH_TTC BBT section: temperature rise ('only 0.4 to 0.8 degrees F') is an indirect, retrospective sign.",Method-limitation statement. | No licensed clinician has reviewed or approved this content. Must never be presented to a user as medically-approved; remains educational/informational only.,Primary: Charting your fertility pattern → Basal body temperature method (https://womenshealth.gov/pregnancy/you-get-pregnant/trying-conceive) | Corroborating: (same source)
HL-TTC-009,HEALTH_SAFETY,n/a,Ovulation predictor kits detect a luteinizing-hormone surge associated with ovulation and can help estimate fertile timing.,DRAFT_REVIEW_REQUIRED,VERIFIED,NOT_REVIEWED,PRODUCTION_ELIGIBLE,"OWH_TTC verbatim: kits 'detect surges in a specific hormone called luteinizing hormone, which triggers ovulation.'","Estimate-framing, no guarantee implied. | No licensed clinician has reviewed or approved this content. Must never be presented to a user as medically-approved; remains educational/informational only.",Primary: Charting your fertility pattern → ovulation kits detect luteinizing-hormone surges (https://womenshealth.gov/pregnancy/you-get-pregnant/trying-conceive) | Corroborating: (same source)
HL-TTC-010,HEALTH_SAFETY,n/a,"For a woman younger than 35 who has had regular unprotected intercourse for one year without pregnancy, Niswah should suggest discussing fertility evaluation with a clinician.",DRAFT_REVIEW_REQUIRED,VERIFIED,NOT_REVIEWED,PRODUCTION_ELIGIBLE,NICHD verbatim: 'consult with a health care provider... if they have had unprotected sex for 1 year without a successful pregnancy.' ASRM: 'Evaluation... at 12 months in women <35.' ACOG aligns with the same standard.,"General referral-timing guidance, not a diagnosis. | Contradictions/notes: None -- triple institutional agreement. | No licensed clinician has reviewed or approved this content. Must never be presented to a user as medically-approved; remains educational/informational only.",Primary: Whole page: one year without successful pregnancy (https://www.nichd.nih.gov/health/topics/infertility/conditioninfo/consult) | Corroborating: ASRM Practice Committee Opinion 'Fertility evaluation of infertile women' (2021) AND ACOG (both independently confirm same 12-month/<35 threshold)
HL-TTC-011,HEALTH_SAFETY,n/a,"For a woman older than 35 who has tried for six months without pregnancy, Niswah should suggest fertility evaluation rather than waiting a full year.",DRAFT_REVIEW_REQUIRED,VERIFIED_WITH_QUALIFICATION,NOT_REVIEWED,PRODUCTION_ELIGIBLE,NICHD verbatim: 'Women older than age 35 who have had 6 months of unprotected sex.' ASRM/ACOG both independently confirm the 6-month/35 threshold.,General referral-timing guidance. | Contradictions/notes: Minor boundary-phrasing difference: ASRM phrases the exception as '>=35' (inclusive of exactly 35) while NICHD/ACOG phrase it as 'older than 35' (exclusive). Immaterial for practical guidance but worth naming if the app ever needs the exact-age-35 edge case. | No licensed clinician has reviewed or approved this content. Must never be presented to a user as medically-approved; remains educational/informational only.,Primary: Exceptions: women older than 35 after six months (https://www.nichd.nih.gov/health/topics/infertility/conditioninfo/consult) | Corroborating: ASRM ('6 months in women aged >=35') AND ACOG ('women older than 35... after 6 months')
HL-TTC-012,HEALTH_SAFETY,n/a,Earlier fertility evaluation may be appropriate when there are known fertility-affecting conditions or markedly irregular periods.,DRAFT_REVIEW_REQUIRED,VERIFIED,NOT_REVIEWED,PRODUCTION_ELIGIBLE,NICHD verbatim: exceptions include 'women who suspect they may have underlying problems... such as irregular periods' and 'individuals... diagnosed with specific conditions.',Referral-timing guidance. | No licensed clinician has reviewed or approved this content. Must never be presented to a user as medically-approved; remains educational/informational only.,"Primary: Exceptions: suspected underlying fertility problems, including irregular periods (https://www.nichd.nih.gov/health/topics/infertility/conditioninfo/consult) | Corroborating: (same NICHD page)"
HL-TTC-013,HEALTH_SAFETY,n/a,"Fertility problems can involve the female partner, the male partner, both partners, or remain unexplained. Niswah should avoid framing infertility as solely a woman's issue.",DRAFT_REVIEW_REQUIRED,VERIFIED,NOT_REVIEWED,PRODUCTION_ELIGIBLE,"OWH_TTC verbatim: 'About one-third of the time, it is a female problem. In another one-third... the man... For the remaining one-third, both partners... or no cause is found'; 'doctor will need to test both you and your partner.'","General education, avoids placing sole blame on the woman. | No licensed clinician has reviewed or approved this content. Must never be presented to a user as medically-approved; remains educational/informational only.","Primary: Infertility section: female, male, both/no cause; testing both partners (https://womenshealth.gov/pregnancy/you-get-pregnant/trying-conceive) | Corroborating: (same OWH_TTC page)"
HL-TTC-014,HEALTH_SAFETY,n/a,Niswah must not convert a fertile-window estimate into a promise of conception or an unsupported personal pregnancy probability.,DRAFT_REVIEW_REQUIRED,VERIFIED,NOT_REVIEWED,PRODUCTION_ELIGIBLE,"Every fertility-awareness method described by OWH_TTC is framed as an estimate/likelihood, never a guarantee -- supports this behavioral restriction directly.",App-behavior restriction. | No licensed clinician has reviewed or approved this content. Must never be presented to a user as medically-approved; remains educational/informational only.,"Primary: Fertility-awareness methods describe likelihood/timing rather than guarantees (https://womenshealth.gov/pregnancy/you-get-pregnant/trying-conceive) | Corroborating: (policy statement, grounded in all TTC method sources above)"
HL-WELL-001,HEALTH_SAFETY,n/a,A mood or wellbeing check-in is a self-report signal for context and trend tracking; it is not a psychiatric diagnosis.,DRAFT_REVIEW_REQUIRED,VERIFIED,NOT_REVIEWED,PRODUCTION_ELIGIBLE,OWH_PPD distinguishes self-reported symptoms from a professional diagnosis throughout ('if you have these symptoms... talk to your health care provider' rather than self-diagnosing).,Self-report framing statement. | No licensed clinician has reviewed or approved this content. Must never be presented to a user as medically-approved; remains educational/informational only.,Primary: Symptoms and professional assessment sections (https://womenshealth.gov/mental-health/mental-health-conditions/postpartum-depression) | Corroborating: (policy-framing statement grounded in OWH_PPD's own symptom/diagnosis distinction)
HL-WELL-002,HEALTH_SAFETY,n/a,"Persistent postpartum sadness, anxiety, hopelessness, or loss of interest lasting more than about two weeks should prompt professional assessment.",DRAFT_REVIEW_REQUIRED,VERIFIED,NOT_REVIEWED,PRODUCTION_ELIGIBLE,OWH_PPD verbatim: symptoms lasting 'longer than 2 weeks' should prompt contacting a health care provider.,Escalation guidance. | No licensed clinician has reviewed or approved this content. Must never be presented to a user as medically-approved; remains educational/informational only.,Primary: How do I know if I have postpartum depression? (https://womenshealth.gov/mental-health/mental-health-conditions/postpartum-depression) | Corroborating: (single primary source)
HL-WELL-003,HEALTH_SAFETY,n/a,"Sleep and energy changes can provide useful context, but Niswah should not diagnose depression or another condition from those signals alone.",DRAFT_REVIEW_REQUIRED,VERIFIED,NOT_REVIEWED,PRODUCTION_ELIGIBLE,OWH_PPD lists sleep/eating changes as PPD symptoms but never as independently diagnostic on their own.,Non-diagnostic context statement. | No licensed clinician has reviewed or approved this content. Must never be presented to a user as medically-approved; remains educational/informational only.,Primary: Postpartum depression symptoms include sleep and functioning changes (https://womenshealth.gov/mental-health/mental-health-conditions/postpartum-depression) | Corroborating: (single primary source)
HL-WELL-004,HEALTH_SAFETY,n/a,Any report of self-harm thoughts overrides ordinary wellbeing coaching and triggers immediate safety escalation.,DRAFT_REVIEW_REQUIRED,VERIFIED,NOT_REVIEWED,PRODUCTION_ELIGIBLE,"OWH_PPD verbatim: 'thoughts about hurting yourself'; CDC_WARN verbatim: 'Thoughts about harming yourself or your baby' -- both frame this as requiring immediate action, not routine coaching.",Emergency override statement. | No licensed clinician has reviewed or approved this content. Must never be presented to a user as medically-approved; remains educational/informational only.,Primary: Thoughts about hurting yourself (https://womenshealth.gov/mental-health/mental-health-conditions/postpartum-depression) | Corroborating: CDC Urgent Maternal Warning Signs
HL-WELL-005,HEALTH_SAFETY,n/a,"If a wellbeing conversation also contains pregnancy, postpartum, or bleeding warning signs, the safety/escalation response takes precedence over generic self-care coaching.",DRAFT_REVIEW_REQUIRED,VERIFIED,NOT_REVIEWED,PRODUCTION_ELIGIBLE,CDC_WARN's entire list and final 'talk to your health care provider' framing establishes warning-sign precedence over generic coaching by its own structure.,Precedence/behavior statement. | No licensed clinician has reviewed or approved this content. Must never be presented to a user as medically-approved; remains educational/informational only.,Primary: Key points and warning signs (https://www.cdc.gov/hearher/maternal-warning-signs/index.html) | Corroborating: (single primary source)
SAFE-001,HEALTH_SAFETY,n/a,"Safety screening must run before ordinary health-answer generation. If an urgent maternal warning sign is detected, Niswah should prioritize immediate medical-care guidance over normal educational dialogue.",DRAFT_REVIEW_REQUIRED,VERIFIED,NOT_REVIEWED,PRODUCTION_ELIGIBLE,"CDC_WARN's page structure itself leads with the warning-sign list and a 'key points' framing before any other content, supporting a safety-first ordering.",Architecture/behavior statement. | No licensed clinician has reviewed or approved this content. Must never be presented to a user as medically-approved; remains educational/informational only.,Primary: Key points (https://www.cdc.gov/hearher/maternal-warning-signs/index.html) | Corroborating: (single primary source; policy statement grounded in CDC's own page structure)
SAFE-002,HEALTH_SAFETY,n/a,"During pregnancy, vaginal bleeding that is more than spotting, fluid leakage, or foul-smelling discharge is an urgent maternal warning sign. Even lighter spotting should be discussed with a clinician.",DRAFT_REVIEW_REQUIRED,VERIFIED,NOT_REVIEWED,PRODUCTION_ELIGIBLE,"CDC_WARN verbatim: bleeding 'more than spotting,' fluid leaking, foul-smelling discharge are urgent. OWH_PERIOD verbatim: 'If you have spotting during pregnancy you should see your doctor or nurse to be sure.'",Correctly distinguishes spotting (clinician) from heavier bleeding (urgent). | No licensed clinician has reviewed or approved this content. Must never be presented to a user as medically-approved; remains educational/informational only.,"Primary: Vaginal bleeding or fluid leaking during pregnancy (https://www.cdc.gov/hearher/maternal-warning-signs/index.html) | Corroborating: OWH Period problems (spotting-in-pregnancy clause, re-fetched verbatim)"
SAFE-003,HEALTH_SAFETY,n/a,"Heavy menstrual bleeding with dizziness, marked weakness, chest pain, or trouble breathing requires prompt medical evaluation; chest pain or breathing difficulty should be treated as urgent.",DRAFT_REVIEW_REQUIRED,VERIFIED,NOT_REVIEWED,PRODUCTION_ELIGIBLE,OWH_PERIOD verbatim covers dizziness/weakness/chest pain/breathing difficulty with heavy bleeding. NHS independently corroborates a comparable heavy-bleeding-plus-symptom escalation pattern.,General (non-pregnant) menstrual context -- correction rightly removed CDC_WARN (pregnancy-scoped) as a secondary for this general atom. | No licensed clinician has reviewed or approved this content. Must never be presented to a user as medically-approved; remains educational/informational only.,Primary: Heavy bleeding → When to call the doctor (https://womenshealth.gov/menstrual-cycle/period-problems) | Corroborating: NHS 'Periods' (independent corroboration on heavy-bleeding + systemic-symptom pattern)
SAFE-004,HEALTH_SAFETY,n/a,"A severe, sudden, persistent, or worsening headache during pregnancy or within a year after delivery is an urgent maternal warning sign.",DRAFT_REVIEW_REQUIRED,VERIFIED,NOT_REVIEWED,PRODUCTION_ELIGIBLE,"CDC_WARN verbatim, identical to HL-POST-003.",Urgent sign. | No licensed clinician has reviewed or approved this content. Must never be presented to a user as medically-approved; remains educational/informational only.,Primary: Headache that won’t go away or gets worse over time (https://www.cdc.gov/hearher/maternal-warning-signs/index.html) | Corroborating: (single primary source)
SAFE-005,HEALTH_SAFETY,n/a,"Chest pain or pressure, particularly with a fast/irregular heartbeat, dizziness, faintness, or breathing difficulty, requires urgent medical care in pregnancy or postpartum.",DRAFT_REVIEW_REQUIRED,VERIFIED,NOT_REVIEWED,PRODUCTION_ELIGIBLE,"CDC_WARN verbatim, identical to HL-POST-005.",Urgent sign. | No licensed clinician has reviewed or approved this content. Must never be presented to a user as medically-approved; remains educational/informational only.,Primary: Chest pain or fast-beating heart (https://www.cdc.gov/hearher/maternal-warning-signs/index.html) | Corroborating: (single primary source)
SAFE-006,HEALTH_SAFETY,n/a,"New, sudden, or worsening trouble breathing during pregnancy or postpartum requires urgent medical evaluation.",DRAFT_REVIEW_REQUIRED,VERIFIED,NOT_REVIEWED,PRODUCTION_ELIGIBLE,"CDC_WARN verbatim, identical to HL-POST-006.",Urgent sign. | No licensed clinician has reviewed or approved this content. Must never be presented to a user as medically-approved; remains educational/informational only.,Primary: Trouble Breathing (https://www.cdc.gov/hearher/maternal-warning-signs/index.html) | Corroborating: (single primary source)
SAFE-007,HEALTH_SAFETY,n/a,Fainting or persistent/severe dizziness during pregnancy or postpartum is an urgent maternal warning sign and should trigger immediate medical-care guidance.,DRAFT_REVIEW_REQUIRED,VERIFIED,NOT_REVIEWED,PRODUCTION_ELIGIBLE,"CDC_WARN verbatim: 'Dizziness or fainting' -- fainting, ongoing lightheadedness, or memory gaps.",Urgent sign. | No licensed clinician has reviewed or approved this content. Must never be presented to a user as medically-approved; remains educational/informational only.,Primary: Dizziness or fainting (https://www.cdc.gov/hearher/maternal-warning-signs/index.html) | Corroborating: (single primary source)
SAFE-008,HEALTH_SAFETY,n/a,A fever of 38°C (100.4°F) or higher during pregnancy or postpartum is an urgent maternal warning sign.,DRAFT_REVIEW_REQUIRED,VERIFIED,NOT_REVIEWED,PRODUCTION_ELIGIBLE,"CDC_WARN verbatim, identical to HL-POST-004; unit conversion checked.",Urgent sign. | No licensed clinician has reviewed or approved this content. Must never be presented to a user as medically-approved; remains educational/informational only.,Primary: Fever of 100.4°F or higher (https://www.cdc.gov/hearher/maternal-warning-signs/index.html) | Corroborating: (single primary source)
SAFE-009,HEALTH_SAFETY,n/a,"Severe abdominal pain that starts suddenly, does not go away, or worsens over time during pregnancy or postpartum requires urgent assessment.",DRAFT_REVIEW_REQUIRED,VERIFIED,NOT_REVIEWED,PRODUCTION_ELIGIBLE,"CDC_WARN verbatim, identical to HL-POST-007.",Urgent sign. | No licensed clinician has reviewed or approved this content. Must never be presented to a user as medically-approved; remains educational/informational only.,Primary: Severe belly pain that doesn’t go away (https://www.cdc.gov/hearher/maternal-warning-signs/index.html) | Corroborating: (single primary source)
SAFE-010,HEALTH_SAFETY,n/a,Thoughts of harming yourself or your baby require immediate safety escalation and urgent professional help; Niswah should not continue with ordinary coaching.,DRAFT_REVIEW_REQUIRED,VERIFIED,NOT_REVIEWED,PRODUCTION_ELIGIBLE,CDC_WARN verbatim: 'Thoughts about harming yourself or your baby.' OWH_PPD verbatim: 'Possible thoughts of harming the baby or yourself.',Emergency escalation. | No licensed clinician has reviewed or approved this content. Must never be presented to a user as medically-approved; remains educational/informational only.,Primary: Thoughts about harming yourself or your baby (https://www.cdc.gov/hearher/maternal-warning-signs/index.html) | Corroborating: OWH Postpartum depression
SAFE-011,HEALTH_SAFETY,n/a,"New blurred vision, flashing lights, blind spots, double vision, or temporary loss of vision during pregnancy/postpartum is an urgent maternal warning sign.",DRAFT_REVIEW_REQUIRED,VERIFIED,NOT_REVIEWED,PRODUCTION_ELIGIBLE,"CDC_WARN verbatim: 'Changes in your vision' -- flashes of light, blind spots, blurriness, double vision.",Urgent sign. | No licensed clinician has reviewed or approved this content. Must never be presented to a user as medically-approved; remains educational/informational only.,Primary: Changes in your vision (https://www.cdc.gov/hearher/maternal-warning-signs/index.html) | Corroborating: (single primary source)
SAFE-012,HEALTH_SAFETY,n/a,Sudden or extreme swelling of the hands or face during pregnancy is an urgent maternal warning sign and should prompt immediate medical care.,DRAFT_REVIEW_REQUIRED,VERIFIED,NOT_REVIEWED,PRODUCTION_ELIGIBLE,CDC_WARN verbatim: 'Extreme swelling of hands or face' -- affecting ability to bend fingers or open eyes.,"Urgent sign, pregnancy-specific per source phrasing. | No licensed clinician has reviewed or approved this content. Must never be presented to a user as medically-approved; remains educational/informational only.",Primary: Extreme swelling of your hands or face (https://www.cdc.gov/hearher/maternal-warning-signs/index.html) | Corroborating: (single primary source)
SAFE-013,HEALTH_SAFETY,n/a,Severe nausea or vomiting with inability to keep fluids down or signs of dehydration during pregnancy/postpartum requires urgent medical assessment.,DRAFT_REVIEW_REQUIRED,VERIFIED,NOT_REVIEWED,PRODUCTION_ELIGIBLE,CDC_WARN verbatim: 'Severe nausea and vomiting' -- inability to keep fluids down 8+ hours or food 24+ hours.,Urgent sign. | No licensed clinician has reviewed or approved this content. Must never be presented to a user as medically-approved; remains educational/informational only.,Primary: Severe nausea and throwing up (https://www.cdc.gov/hearher/maternal-warning-signs/index.html) | Corroborating: (single primary source)
SAFE-014,HEALTH_SAFETY,n/a,"If fetal movement has stopped or is clearly less than before, Niswah should advise prompt medical assessment rather than ask the user to wait for a fixed movement count.",DRAFT_REVIEW_REQUIRED,VERIFIED,NOT_REVIEWED,PRODUCTION_ELIGIBLE,"CDC_WARN verbatim, identical to HL-PREG-010.",Urgent sign. | No licensed clinician has reviewed or approved this content. Must never be presented to a user as medically-approved; remains educational/informational only.,Primary: Baby’s movement stopping or slowing during pregnancy (https://www.cdc.gov/hearher/maternal-warning-signs/index.html) | Corroborating: (single primary source)
SAFE-015,HEALTH_SAFETY,n/a,"If Niswah cannot determine whether a symptom is serious, it should state the uncertainty and direct the user to a health professional; it must not invent reassurance or a diagnosis.",DRAFT_REVIEW_REQUIRED,VERIFIED,NOT_REVIEWED,PRODUCTION_ELIGIBLE,"CDC_WARN verbatim closing note: 'If you feel like something just isn't right, or you aren't sure if it's serious, talk to your health care provider.'",Uncertainty-handling behavior statement. | No licensed clinician has reviewed or approved this content. Must never be presented to a user as medically-approved; remains educational/informational only.,"Primary: Final note: if something does not feel right or you are not sure if it is serious, talk to a health care provider (https://www.cdc.gov/hearher/maternal-warning-signs/index.html) | Corroborating: (single primary source)"
